championnat,saison,date,domicile,exterieur,buts_domicile,buts_exterieur,xg_domicile,xg_exterieur,resultat
Premier League,2020-2021,2020-09-12,Fulham,Arsenal,0,3,0.13,2.16,
Premier League,2020-2021,2020-09-12,Crystal Palace,Southampton,1,0,1.4,1.26,
Premier League,2020-2021,2020-09-12,Liverpool,Leeds,4,3,3.15,0.27,
Premier League,2020-2021,2020-09-12,West Ham,Newcastle United,0,2,0.86,1.66,
Premier League,2020-2021,2020-09-13,West Bromwich Albion,Leicester,0,3,0.35,2.96,
Premier League,2020-2021,2020-09-13,Tottenham,Everton,0,1,0.82,1.27,
Premier League,2020-2021,2020-09-14,Sheffield United,Wolverhampton Wanderers,0,2,0.95,1.61,
Premier League,2020-2021,2020-09-14,Brighton,Chelsea,1,3,1.44,1.27,
Premier League,2020-2021,2020-09-19,Everton,West Bromwich Albion,5,2,4.16,0.32,
Premier League,2020-2021,2020-09-19,Leeds,Fulham,4,3,1.45,1.56,
Premier League,2020-2021,2020-09-19,Manchester United,Crystal Palace,1,3,1.1,1.91,
Premier League,2020-2021,2020-09-19,Arsenal,West Ham,2,1,1.33,2.06,
Premier League,2020-2021,2020-09-20,Southampton,Tottenham,2,5,2.28,2.28,
Premier League,2020-2021,2020-09-20,Newcastle United,Brighton,0,3,0.52,1.88,
Premier League,2020-2021,2020-09-20,Chelsea,Liverpool,0,2,0.9,2.25,
Premier League,2020-2021,2020-09-20,Leicester,Burnley,4,2,0.99,1.52,
Premier League,2020-2021,2020-09-21,Aston Villa,Sheffield United,1,0,0.81,0.85,
Premier League,2020-2021,2020-09-21,Wolverhampton Wanderers,Manchester City,1,3,0.73,2.08,
Premier League,2020-2021,2020-09-26,Brighton,Manchester United,2,3,2.98,1.58,
Premier League,2020-2021,2020-09-26,Crystal Palace,Everton,1,2,0.44,2.27,
Premier League,2020-2021,2020-09-26,West Bromwich Albion,Chelsea,3,3,0.91,2.36,
Premier League,2020-2021,2020-09-26,Burnley,Southampton,0,1,0.35,0.71,
Premier League,2020-2021,2020-09-27,Sheffield United,Leeds,0,1,1.53,1.47,
Premier League,2020-2021,2020-09-27,Tottenham,Newcastle United,1,1,3.19,0.94,
Premier League,2020-2021,2020-09-27,Manchester City,Leicester,2,5,1.45,2.87,
Premier League,2020-2021,2020-09-27,West Ham,Wolverhampton Wanderers,4,0,3.06,0.39,
Premier League,2020-2021,2020-09-28,Fulham,Aston Villa,0,3,0.53,2.03,
Premier League,2020-2021,2020-09-28,Liverpool,Arsenal,3,1,2.74,1.18,
Premier League,2020-2021,2020-10-03,Chelsea,Crystal Palace,4,0,2.51,0.1,
Premier League,2020-2021,2020-10-03,Everton,Brighton,4,2,2.34,1.17,
Premier League,2020-2021,2020-10-03,Leeds,Manchester City,1,1,2.57,1.42,
Premier League,2020-2021,2020-10-03,Newcastle United,Burnley,3,1,1.96,0.44,
Premier League,2020-2021,2020-10-04,Leicester,West Ham,0,3,0.46,2.03,
Premier League,2020-2021,2020-10-04,Southampton,West Bromwich Albion,2,0,0.95,0.16,
Premier League,2020-2021,2020-10-04,Arsenal,Sheffield United,2,1,0.67,0.14,
Premier League,2020-2021,2020-10-04,Wolverhampton Wanderers,Fulham,1,0,0.89,0.97,
Premier League,2020-2021,2020-10-04,Manchester United,Tottenham,1,6,0.87,3.3,
Premier League,2020-2021,2020-10-04,Aston Villa,Liverpool,7,2,3.08,1.66,
Premier League,2020-2021,2020-10-17,Everton,Liverpool,2,2,1.36,2.49,
Premier League,2020-2021,2020-10-17,Chelsea,Southampton,3,3,1.99,1.42,
Premier League,2020-2021,2020-10-17,Manchester City,Arsenal,1,0,1.43,0.84,
Premier League,2020-2021,2020-10-17,Newcastle United,Manchester United,1,4,0.87,2.22,
Premier League,2020-2021,2020-10-18,Sheffield United,Fulham,1,1,1.66,1.36,
Premier League,2020-2021,2020-10-18,Crystal Palace,Brighton,1,1,0.76,1.09,
Premier League,2020-2021,2020-10-18,Tottenham,West Ham,3,3,1.78,1.5,
Premier League,2020-2021,2020-10-18,Leicester,Aston Villa,0,1,0.67,0.87,
Premier League,2020-2021,2020-10-19,West Bromwich Albion,Burnley,0,0,0.73,1.09,
Premier League,2020-2021,2020-10-19,Leeds,Wolverhampton Wanderers,0,1,1.08,0.62,
Premier League,2020-2021,2020-10-23,Aston Villa,Leeds,0,3,1.5,2.38,
Premier League,2020-2021,2020-10-24,West Ham,Manchester City,1,1,0.26,0.89,
Premier League,2020-2021,2020-10-24,Fulham,Crystal Palace,1,2,1.05,2.81,
Premier League,2020-2021,2020-10-24,Manchester United,Chelsea,0,0,0.65,0.22,
Premier League,2020-2021,2020-10-24,Liverpool,Sheffield United,2,1,2.4,1.4,
Premier League,2020-2021,2020-10-25,Southampton,Everton,2,0,0.74,0.29,
Premier League,2020-2021,2020-10-25,Wolverhampton Wanderers,Newcastle United,1,1,0.76,0.25,
Premier League,2020-2021,2020-10-25,Arsenal,Leicester,0,1,0.74,0.74,
Premier League,2020-2021,2020-10-26,Brighton,West Bromwich Albion,1,1,0.55,0.3,
Premier League,2020-2021,2020-10-26,Burnley,Tottenham,0,1,0.95,0.8,
Premier League,2020-2021,2020-10-30,Wolverhampton Wanderers,Crystal Palace,2,0,1.35,0.8,
Premier League,2020-2021,2020-10-31,Sheffield United,Manchester City,0,1,0.69,1.9,
Premier League,2020-2021,2020-10-31,Burnley,Chelsea,0,3,0.41,1.23,
Premier League,2020-2021,2020-10-31,Liverpool,West Ham,2,1,1.56,0.27,
Premier League,2020-2021,2020-11-01,Aston Villa,Southampton,3,4,2.45,1.0,
Premier League,2020-2021,2020-11-01,Newcastle United,Everton,2,1,2.63,1.22,
Premier League,2020-2021,2020-11-01,Manchester United,Arsenal,0,1,0.39,1.0,
Premier League,2020-2021,2020-11-01,Tottenham,Brighton,2,1,1.97,0.32,
Premier League,2020-2021,2020-11-02,Fulham,West Bromwich Albion,2,0,1.62,0.48,
Premier League,2020-2021,2020-11-02,Leeds,Leicester,1,4,1.75,3.08,
Premier League,2020-2021,2020-11-06,Brighton,Burnley,0,0,1.59,0.33,
Premier League,2020-2021,2020-11-06,Southampton,Newcastle United,2,0,0.99,0.18,
Premier League,2020-2021,2020-11-07,Everton,Manchester United,1,3,0.38,1.6,
Premier League,2020-2021,2020-11-07,Crystal Palace,Leeds,4,1,1.3,0.85,
Premier League,2020-2021,2020-11-07,Chelsea,Sheffield United,4,1,2.88,0.74,
Premier League,2020-2021,2020-11-07,West Ham,Fulham,1,0,1.43,1.85,
Premier League,2020-2021,2020-11-08,West Bromwich Albion,Tottenham,0,1,0.8,1.87,
Premier League,2020-2021,2020-11-08,Leicester,Wolverhampton Wanderers,1,0,2.05,0.58,
Premier League,2020-2021,2020-11-08,Manchester City,Liverpool,1,1,1.58,1.19,
Premier League,2020-2021,2020-11-08,Arsenal,Aston Villa,0,3,1.39,1.99,
Premier League,2020-2021,2020-11-21,Newcastle United,Chelsea,0,2,0.37,1.82,
Premier League,2020-2021,2020-11-21,Aston Villa,Brighton,1,2,1.77,1.5,
Premier League,2020-2021,2020-11-21,Tottenham,Manchester City,2,0,0.76,1.66,
Premier League,2020-2021,2020-11-21,Manchester United,West Bromwich Albion,1,0,2.43,0.44,
Premier League,2020-2021,2020-11-22,Fulham,Everton,2,3,1.87,2.25,
Premier League,2020-2021,2020-11-22,Sheffield United,West Ham,0,1,0.69,2.11,
Premier League,2020-2021,2020-11-22,Leeds,Arsenal,0,0,1.96,0.71,
Premier League,2020-2021,2020-11-22,Liverpool,Leicester,3,0,3.77,1.98,
Premier League,2020-2021,2020-11-23,Burnley,Crystal Palace,1,0,1.75,1.28,
Premier League,2020-2021,2020-11-23,Wolverhampton Wanderers,Southampton,1,1,1.57,1.08,
Premier League,2020-2021,2020-11-27,Crystal Palace,Newcastle United,0,2,0.53,1.28,
Premier League,2020-2021,2020-11-28,Brighton,Liverpool,1,1,2.31,0.28,
Premier League,2020-2021,2020-11-28,Manchester City,Burnley,5,0,2.26,0.42,
Premier League,2020-2021,2020-11-28,Everton,Leeds,0,1,1.29,3.11,
Premier League,2020-2021,2020-11-28,West Bromwich Albion,Sheffield United,1,0,1.72,3.37,
Premier League,2020-2021,2020-11-29,Southampton,Manchester United,2,3,0.5,2.48,
Premier League,2020-2021,2020-11-29,Chelsea,Tottenham,0,0,0.97,0.23,
Premier League,2020-2021,2020-11-29,Arsenal,Wolverhampton Wanderers,1,2,1.12,2.01,
Premier League,2020-2021,2020-11-30,Leicester,Fulham,1,2,1.28,2.04,
Premier League,2020-2021,2020-11-30,West Ham,Aston Villa,2,1,0.57,2.39,
Premier League,2020-2021,2020-12-05,Burnley,Everton,1,1,0.73,2.28,
Premier League,2020-2021,2020-12-05,Manchester City,Fulham,2,0,3.26,0.29,
Premier League,2020-2021,2020-12-05,West Ham,Manchester United,1,3,2.53,1.79,
Premier League,2020-2021,2020-12-05,Chelsea,Leeds,3,1,4.89,1.03,
Premier League,2020-2021,2020-12-06,West Bromwich Albion,Crystal Palace,1,5,0.57,1.69,
Premier League,2020-2021,2020-12-06,Sheffield United,Leicester,1,2,0.29,1.39,
Premier League,2020-2021,2020-12-06,Tottenham,Arsenal,2,0,0.39,0.6,
Premier League,2020-2021,2020-12-06,Liverpool,Wolverhampton Wanderers,4,0,1.59,0.36,
Premier League,2020-2021,2020-12-07,Brighton,Southampton,1,2,2.03,1.35,
Premier League,2020-2021,2020-12-11,Leeds,West Ham,1,2,1.57,1.79,
Premier League,2020-2021,2020-12-12,Wolverhampton Wanderers,Aston Villa,0,1,1.14,1.27,
Premier League,2020-2021,2020-12-12,Newcastle United,West Bromwich Albion,2,1,0.9,0.57,
Premier League,2020-2021,2020-12-12,Manchester United,Manchester City,0,0,0.59,1.28,
Premier League,2020-2021,2020-12-12,Everton,Chelsea,1,0,1.22,1.01,
Premier League,2020-2021,2020-12-13,Southampton,Sheffield United,3,0,2.28,0.22,
Premier League,2020-2021,2020-12-13,Crystal Palace,Tottenham,1,1,1.84,1.41,
Premier League,2020-2021,2020-12-13,Fulham,Liverpool,1,1,1.73,1.82,
Premier League,2020-2021,2020-12-13,Leicester,Brighton,3,0,1.64,0.79,
Premier League,2020-2021,2020-12-13,Arsenal,Burnley,0,1,1.85,0.82,
Premier League,2020-2021,2020-12-15,Wolverhampton Wanderers,Chelsea,2,1,0.68,1.57,
Premier League,2020-2021,2020-12-15,Manchester City,West Bromwich Albion,1,1,2.59,0.21,
Premier League,2020-2021,2020-12-16,Arsenal,Southampton,1,1,0.66,1.11,
Premier League,2020-2021,2020-12-16,Leeds,Newcastle United,5,2,2.95,1.44,
Premier League,2020-2021,2020-12-16,Leicester,Everton,0,2,0.84,1.51,
Premier League,2020-2021,2020-12-16,Fulham,Brighton,0,0,1.0,0.46,
Premier League,2020-2021,2020-12-16,West Ham,Crystal Palace,1,1,0.45,1.09,
Premier League,2020-2021,2020-12-16,Liverpool,Tottenham,2,1,1.22,1.52,
Premier League,2020-2021,2020-12-17,Aston Villa,Burnley,0,0,1.81,0.32,
Premier League,2020-2021,2020-12-17,Sheffield United,Manchester United,2,3,1.24,1.79,
Premier League,2020-2021,2020-12-19,Crystal Palace,Liverpool,0,7,0.49,2.87,
Premier League,2020-2021,2020-12-19,Southampton,Manchester City,0,1,0.59,1.16,
Premier League,2020-2021,2020-12-19,Everton,Arsenal,2,1,0.66,1.25,
Premier League,2020-2021,2020-12-19,Newcastle United,Fulham,1,1,1.27,1.11,
Premier League,2020-2021,2020-12-20,Brighton,Sheffield United,1,1,2.9,1.04,
Premier League,2020-2021,2020-12-20,Tottenham,Leicester,0,2,0.95,1.75,
Premier League,2020-2021,2020-12-20,Manchester United,Leeds,6,2,4.78,1.63,
Premier League,2020-2021,2020-12-20,West Bromwich Albion,Aston Villa,0,3,0.04,2.62,
Premier League,2020-2021,2020-12-21,Burnley,Wolverhampton Wanderers,2,1,1.2,1.46,
Premier League,2020-2021,2020-12-21,Chelsea,West Ham,3,0,2.41,0.28,
Premier League,2020-2021,2020-12-26,Leicester,Manchester United,2,2,1.04,2.08,
Premier League,2020-2021,2020-12-26,Aston Villa,Crystal Palace,3,0,4.58,0.85,
Premier League,2020-2021,2020-12-26,Fulham,Southampton,0,0,0.78,0.12,
Premier League,2020-2021,2020-12-26,Arsenal,Chelsea,3,1,1.94,2.25,
Premier League,2020-2021,2020-12-26,Manchester City,Newcastle United,2,0,3.2,0.2,
Premier League,2020-2021,2020-12-26,Sheffield United,Everton,0,1,1.25,0.57,
Premier League,2020-2021,2020-12-27,Leeds,Burnley,1,0,2.13,1.55,
Premier League,2020-2021,2020-12-27,West Ham,Brighton,2,2,1.39,1.51,
Premier League,2020-2021,2020-12-27,Liverpool,West Bromwich Albion,1,1,1.45,0.74,
Premier League,2020-2021,2020-12-27,Wolverhampton Wanderers,Tottenham,1,1,0.74,0.41,
Premier League,2020-2021,2020-12-28,Crystal Palace,Leicester,1,1,0.32,1.72,
Premier League,2020-2021,2020-12-28,Chelsea,Aston Villa,1,1,1.54,0.73,
Premier League,2020-2021,2020-12-29,Brighton,Arsenal,0,1,0.8,1.31,
Premier League,2020-2021,2020-12-29,Burnley,Sheffield United,1,0,0.97,0.49,
Premier League,2020-2021,2020-12-29,Southampton,West Ham,0,0,0.67,1.07,
Premier League,2020-2021,2020-12-29,West Bromwich Albion,Leeds,0,5,0.44,1.54,
Premier League,2020-2021,2020-12-29,Manchester United,Wolverhampton Wanderers,1,0,1.48,0.41,
Premier League,2020-2021,2020-12-30,Newcastle United,Liverpool,0,0,0.82,1.32,
Premier League,2020-2021,2021-01-01,Everton,West Ham,0,1,0.37,1.2,
Premier League,2020-2021,2021-01-01,Manchester United,Aston Villa,2,1,2.46,1.56,
Premier League,2020-2021,2021-01-02,Tottenham,Leeds,3,0,2.53,1.16,
Premier League,2020-2021,2021-01-02,Crystal Palace,Sheffield United,2,0,0.6,0.32,
Premier League,2020-2021,2021-01-02,Brighton,Wolverhampton Wanderers,3,3,2.42,1.82,
Premier League,2020-2021,2021-01-02,West Bromwich Albion,Arsenal,0,4,0.87,4.03,
Premier League,2020-2021,2021-01-03,Newcastle United,Leicester,1,2,0.26,0.7,
Premier League,2020-2021,2021-01-03,Chelsea,Manchester City,1,3,0.69,3.18,
Premier League,2020-2021,2021-01-04,Southampton,Liverpool,1,0,0.5,1.37,
Premier League,2020-2021,2021-01-12,Sheffield United,Newcastle United,1,0,2.01,1.05,
Premier League,2020-2021,2021-01-12,Wolverhampton Wanderers,Everton,1,2,0.85,0.32,
Premier League,2020-2021,2021-01-12,Burnley,Manchester United,0,1,0.65,1.24,
Premier League,2020-2021,2021-01-13,Manchester City,Brighton,1,0,2.91,0.18,
Premier League,2020-2021,2021-01-13,Tottenham,Fulham,1,1,3.14,1.05,
Premier League,2020-2021,2021-01-14,Arsenal,Crystal Palace,0,0,0.37,0.71,
Premier League,2020-2021,2021-01-16,Wolverhampton Wanderers,West Bromwich Albion,2,3,1.94,2.46,
Premier League,2020-2021,2021-01-16,Leeds,Brighton,0,1,0.25,1.14,
Premier League,2020-2021,2021-01-16,West Ham,Burnley,1,0,1.73,0.4,
Premier League,2020-2021,2021-01-16,Fulham,Chelsea,0,1,0.46,1.38,
Premier League,2020-2021,2021-01-16,Leicester,Southampton,2,0,2.12,0.38,
Premier League,2020-2021,2021-01-17,Sheffield United,Tottenham,1,3,0.98,1.28,
Premier League,2020-2021,2021-01-17,Liverpool,Manchester United,0,0,1.2,1.19,
Premier League,2020-2021,2021-01-17,Manchester City,Crystal Palace,4,0,0.96,0.05,
Premier League,2020-2021,2021-01-18,Arsenal,Newcastle United,3,0,2.31,0.17,
Premier League,2020-2021,2021-01-19,West Ham,West Bromwich Albion,2,1,2.18,0.46,
Premier League,2020-2021,2021-01-19,Leicester,Chelsea,2,0,1.14,0.62,
Premier League,2020-2021,2021-01-20,Manchester City,Aston Villa,2,0,3.34,0.6,
Premier League,2020-2021,2021-01-20,Fulham,Manchester United,1,2,0.75,1.68,
Premier League,2020-2021,2021-01-21,Liverpool,Burnley,0,1,1.65,1.08,
Premier League,2020-2021,2021-01-23,Aston Villa,Newcastle United,2,0,2.6,0.4,
Premier League,2020-2021,2021-01-26,Newcastle United,Leeds,1,2,1.14,0.79,
Premier League,2020-2021,2021-01-26,Crystal Palace,West Ham,2,3,0.63,3.3,
Premier League,2020-2021,2021-01-26,West Bromwich Albion,Manchester City,0,5,0.57,2.25,
Premier League,2020-2021,2021-01-26,Southampton,Arsenal,1,3,1.0,2.43,
Premier League,2020-2021,2021-01-27,Burnley,Aston Villa,3,2,0.72,2.71,
Premier League,2020-2021,2021-01-27,Chelsea,Wolverhampton Wanderers,0,0,0.66,0.63,
Premier League,2020-2021,2021-01-27,Brighton,Fulham,0,0,2.29,0.51,
Premier League,2020-2021,2021-01-27,Everton,Leicester,1,1,0.47,0.79,
Premier League,2020-2021,2021-01-27,Manchester United,Sheffield United,1,2,0.99,0.69,
Premier League,2020-2021,2021-01-28,Tottenham,Liverpool,1,3,0.1,2.59,
Premier League,2020-2021,2021-01-30,Everton,Newcastle United,0,2,0.97,2.09,
Premier League,2020-2021,2021-01-30,Crystal Palace,Wolverhampton Wanderers,1,0,1.37,0.45,
Premier League,2020-2021,2021-01-30,West Bromwich Albion,Fulham,2,2,0.99,1.52,
Premier League,2020-2021,2021-01-30,Manchester City,Sheffield United,1,0,1.53,0.15,
Premier League,2020-2021,2021-01-30,Arsenal,Manchester United,0,0,0.75,1.51,
Premier League,2020-2021,2021-01-30,Southampton,Aston Villa,0,1,2.23,0.8,
Premier League,2020-2021,2021-01-31,Chelsea,Burnley,2,0,1.44,0.39,
Premier League,2020-2021,2021-01-31,Leicester,Leeds,1,3,1.73,1.81,
Premier League,2020-2021,2021-01-31,West Ham,Liverpool,1,3,0.88,2.06,
Premier League,2020-2021,2021-01-31,Brighton,Tottenham,1,0,1.77,0.37,
Premier League,2020-2021,2021-02-02,Sheffield United,West Bromwich Albion,2,1,1.36,1.62,
Premier League,2020-2021,2021-02-02,Wolverhampton Wanderers,Arsenal,2,1,1.56,0.72,
Premier League,2020-2021,2021-02-02,Manchester United,Southampton,9,0,5.03,0.51,
Premier League,2020-2021,2021-02-02,Newcastle United,Crystal Palace,1,2,1.91,0.81,
Premier League,2020-2021,2021-02-03,Burnley,Manchester City,0,2,0.05,2.12,
Premier League,2020-2021,2021-02-03,Fulham,Leicester,0,2,0.73,1.71,
Premier League,2020-2021,2021-02-03,Leeds,Everton,1,2,1.14,1.92,
Premier League,2020-2021,2021-02-03,Aston Villa,West Ham,1,3,0.74,1.79,
Premier League,2020-2021,2021-02-03,Liverpool,Brighton,0,1,1.1,1.19,
Premier League,2020-2021,2021-02-04,Tottenham,Chelsea,0,1,0.57,2.39,
Premier League,2020-2021,2021-02-06,Aston Villa,Arsenal,1,0,1.2,0.68,
Premier League,2020-2021,2021-02-06,Burnley,Brighton,1,1,1.89,0.61,
Premier League,2020-2021,2021-02-06,Newcastle United,Southampton,3,2,0.91,1.43,
Premier League,2020-2021,2021-02-06,Fulham,West Ham,0,0,1.61,0.94,
Premier League,2020-2021,2021-02-06,Manchester United,Everton,3,3,1.72,1.56,
Premier League,2020-2021,2021-02-07,Tottenham,West Bromwich Albion,2,0,1.93,0.7,
Premier League,2020-2021,2021-02-07,Wolverhampton Wanderers,Leicester,0,0,1.36,0.63,
Premier League,2020-2021,2021-02-07,Liverpool,Manchester City,1,4,1.18,3.55,
Premier League,2020-2021,2021-02-07,Sheffield United,Chelsea,1,2,0.62,1.64,
Premier League,2020-2021,2021-02-08,Leeds,Crystal Palace,2,0,2.65,0.37,
Premier League,2020-2021,2021-02-13,Leicester,Liverpool,3,1,2.07,1.68,
Premier League,2020-2021,2021-02-13,Crystal Palace,Burnley,0,3,0.65,1.96,
Premier League,2020-2021,2021-02-13,Manchester City,Tottenham,3,0,2.46,0.42,
Premier League,2020-2021,2021-02-13,Brighton,Aston Villa,0,0,2.33,0.14,
Premier League,2020-2021,2021-02-14,Southampton,Wolverhampton Wanderers,1,2,0.85,1.09,
Premier League,2020-2021,2021-02-14,West Bromwich Albion,Manchester United,1,1,0.95,0.42,
Premier League,2020-2021,2021-02-14,Arsenal,Leeds,4,2,2.51,0.77,
Premier League,2020-2021,2021-02-14,Everton,Fulham,0,2,0.31,2.55,
Premier League,2020-2021,2021-02-15,West Ham,Sheffield United,3,0,2.33,0.93,
Premier League,2020-2021,2021-02-15,Chelsea,Newcastle United,2,0,2.54,0.43,
Premier League,2020-2021,2021-02-17,Burnley,Fulham,1,1,1.21,0.59,
Premier League,2020-2021,2021-02-17,Everton,Manchester City,1,3,1.05,1.23,
Premier League,2020-2021,2021-02-19,Wolverhampton Wanderers,Leeds,1,0,0.59,2.48,
Premier League,2020-2021,2021-02-20,Southampton,Chelsea,1,1,0.5,1.45,
Premier League,2020-2021,2021-02-20,Burnley,West Bromwich Albion,0,0,0.54,1.72,
Premier League,2020-2021,2021-02-20,Liverpool,Everton,0,2,1.54,2.01,
Premier League,2020-2021,2021-02-20,Fulham,Sheffield United,1,0,1.21,0.98,
Premier League,2020-2021,2021-02-21,West Ham,Tottenham,2,1,1.09,0.77,
Premier League,2020-2021,2021-02-21,Aston Villa,Leicester,1,2,1.71,1.24,
Premier League,2020-2021,2021-02-21,Arsenal,Manchester City,0,1,0.33,2.09,
Premier League,2020-2021,2021-02-21,Manchester United,Newcastle United,3,1,1.73,0.34,
Premier League,2020-2021,2021-02-22,Brighton,Crystal Palace,1,2,2.59,0.18,
Premier League,2020-2021,2021-02-23,Leeds,Southampton,3,0,1.85,1.48,
Premier League,2020-2021,2021-02-27,Manchester City,West Ham,2,1,0.76,1.93,
Premier League,2020-2021,2021-02-27,West Bromwich Albion,Brighton,1,0,0.69,3.12,
Premier League,2020-2021,2021-02-27,Leeds,Aston Villa,0,1,1.0,0.88,
Premier League,2020-2021,2021-02-27,Newcastle United,Wolverhampton Wanderers,1,1,1.95,1.28,
Premier League,2020-2021,2021-02-28,Crystal Palace,Fulham,0,0,0.09,0.81,
Premier League,2020-2021,2021-02-28,Leicester,Arsenal,1,3,0.53,2.11,
Premier League,2020-2021,2021-02-28,Tottenham,Burnley,4,0,2.36,0.6,
Premier League,2020-2021,2021-02-28,Chelsea,Manchester United,0,0,1.17,0.36,
Premier League,2020-2021,2021-02-28,Sheffield United,Liverpool,0,2,0.78,2.81,
Premier League,2020-2021,2021-03-01,Everton,Southampton,1,0,1.42,0.67,
Premier League,2020-2021,2021-03-02,Manchester City,Wolverhampton Wanderers,4,1,3.26,0.32,
Premier League,2020-2021,2021-03-03,Burnley,Leicester,1,1,1.27,1.24,
Premier League,2020-2021,2021-03-03,Sheffield United,Aston Villa,1,0,0.72,1.44,
Premier League,2020-2021,2021-03-03,Crystal Palace,Manchester United,0,0,0.74,0.58,
Premier League,2020-2021,2021-03-04,West Bromwich Albion,Everton,0,1,1.02,1.41,
Premier League,2020-2021,2021-03-04,Fulham,Tottenham,0,1,1.17,1.55,
Premier League,2020-2021,2021-03-04,Liverpool,Chelsea,0,1,0.25,1.23,
Premier League,2020-2021,2021-03-06,Burnley,Arsenal,1,1,1.1,2.54,
Premier League,2020-2021,2021-03-06,Sheffield United,Southampton,0,2,0.91,2.37,
Premier League,2020-2021,2021-03-06,Aston Villa,Wolverhampton Wanderers,0,0,0.96,2.15,
Premier League,2020-2021,2021-03-06,Brighton,Leicester,1,2,0.75,1.04,
Premier League,2020-2021,2021-03-07,West Bromwich Albion,Newcastle United,0,0,1.47,0.45,
Premier League,2020-2021,2021-03-07,Liverpool,Fulham,0,1,0.7,1.37,
Premier League,2020-2021,2021-03-07,Manchester City,Manchester United,0,2,1.28,2.11,
Premier League,2020-2021,2021-03-07,Tottenham,Crystal Palace,4,1,2.24,0.56,
Premier League,2020-2021,2021-03-08,Chelsea,Everton,2,0,2.57,0.27,
Premier League,2020-2021,2021-03-08,West Ham,Leeds,2,0,2.38,1.35,
Premier League,2020-2021,2021-03-10,Manchester City,Southampton,5,2,3.11,1.61,
Premier League,2020-2021,2021-03-12,Newcastle United,Aston Villa,1,1,0.87,0.75,
Premier League,2020-2021,2021-03-13,Leeds,Chelsea,0,0,0.38,0.97,
Premier League,2020-2021,2021-03-13,Crystal Palace,West Bromwich Albion,1,0,1.31,0.51,
Premier League,2020-2021,2021-03-13,Everton,Burnley,1,2,1.7,0.75,
Premier League,2020-2021,2021-03-13,Fulham,Manchester City,0,3,0.45,2.73,
Premier League,2020-2021,2021-03-14,Southampton,Brighton,1,2,1.03,0.9,
Premier League,2020-2021,2021-03-14,Leicester,Sheffield United,5,0,4.55,0.09,
Premier League,2020-2021,2021-03-14,Arsenal,Tottenham,2,1,1.57,0.71,
Premier League,2020-2021,2021-03-14,Manchester United,West Ham,1,0,1.7,0.46,
Premier League,2020-2021,2021-03-15,Wolverhampton Wanderers,Liverpool,0,1,1.29,1.06,
Premier League,2020-2021,2021-03-19,Fulham,Leeds,1,2,1.47,1.41,
Premier League,2020-2021,2021-03-20,Brighton,Newcastle United,3,0,0.95,0.1,
Premier League,2020-2021,2021-03-21,West Ham,Arsenal,3,3,2.51,1.35,
Premier League,2020-2021,2021-03-21,Aston Villa,Tottenham,0,2,0.44,1.72,
Premier League,2020-2021,2021-04-03,Chelsea,West Bromwich Albion,2,5,2.56,1.38,
Premier League,2020-2021,2021-04-03,Leeds,Sheffield United,2,1,2.51,0.87,
Premier League,2020-2021,2021-04-03,Leicester,Manchester City,0,2,0.28,1.98,
Premier League,2020-2021,2021-04-03,Arsenal,Liverpool,0,3,0.16,2.44,
Premier League,2020-2021,2021-04-04,Southampton,Burnley,3,2,2.4,1.5,
Premier League,2020-2021,2021-04-04,Newcastle United,Tottenham,2,2,3.3,2.44,
Premier League,2020-2021,2021-04-04,Aston Villa,Fulham,3,1,1.52,1.52,
Premier League,2020-2021,2021-04-04,Manchester United,Brighton,2,1,1.73,1.41,
Premier League,2020-2021,2021-04-05,Everton,Crystal Palace,1,1,2.53,0.6,
Premier League,2020-2021,2021-04-05,Wolverhampton Wanderers,West Ham,2,3,1.96,1.6,
Premier League,2020-2021,2021-04-09,Fulham,Wolverhampton Wanderers,0,1,0.73,0.43,
Premier League,2020-2021,2021-04-10,Manchester City,Leeds,1,2,1.99,0.18,
Premier League,2020-2021,2021-04-10,Liverpool,Aston Villa,2,1,2.15,0.76,
Premier League,2020-2021,2021-04-10,Crystal Palace,Chelsea,1,4,0.6,3.85,
Premier League,2020-2021,2021-04-11,Burnley,Newcastle United,1,2,1.84,1.34,
Premier League,2020-2021,2021-04-11,West Ham,Leicester,3,2,1.02,1.17,
Premier League,2020-2021,2021-04-11,Tottenham,Manchester United,1,3,0.92,2.1,
Premier League,2020-2021,2021-04-11,Sheffield United,Arsenal,0,3,0.32,1.94,
Premier League,2020-2021,2021-04-12,West Bromwich Albion,Southampton,3,0,2.77,1.5,
Premier League,2020-2021,2021-04-12,Brighton,Everton,0,0,1.16,0.31,
Premier League,2020-2021,2021-04-16,Everton,Tottenham,2,2,2.26,1.48,
Premier League,2020-2021,2021-04-17,Newcastle United,West Ham,3,2,2.43,2.07,
Premier League,2020-2021,2021-04-17,Wolverhampton Wanderers,Sheffield United,1,0,1.23,0.3,
Premier League,2020-2021,2021-04-18,Arsenal,Fulham,1,1,2.86,0.84,
Premier League,2020-2021,2021-04-18,Manchester United,Burnley,3,1,2.87,0.96,
Premier League,2020-2021,2021-04-19,Leeds,Liverpool,1,1,2.6,1.6,
Premier League,2020-2021,2021-04-20,Chelsea,Brighton,0,0,0.81,0.46,
Premier League,2020-2021,2021-04-21,Tottenham,Southampton,2,1,1.29,1.06,
Premier League,2020-2021,2021-04-21,Aston Villa,Manchester City,1,2,0.8,1.56,
Premier League,2020-2021,2021-04-22,Leicester,West Bromwich Albion,3,0,2.67,0.28,
Premier League,2020-2021,2021-04-23,Arsenal,Everton,0,1,0.74,0.53,
Premier League,2020-2021,2021-04-24,Liverpool,Newcastle United,1,1,2.85,0.86,
Premier League,2020-2021,2021-04-24,West Ham,Chelsea,0,1,0.27,2.52,
Premier League,2020-2021,2021-04-24,Sheffield United,Brighton,1,0,0.79,2.06,
Premier League,2020-2021,2021-04-25,Wolverhampton Wanderers,Burnley,0,4,0.35,2.24,
Premier League,2020-2021,2021-04-25,Leeds,Manchester United,0,0,0.22,1.12,
Premier League,2020-2021,2021-04-25,Aston Villa,West Bromwich Albion,2,2,2.65,1.57,
Premier League,2020-2021,2021-04-26,Leicester,Crystal Palace,2,1,1.23,0.72,
Premier League,2020-2021,2021-04-30,Southampton,Leicester,1,1,0.95,2.52,
Premier League,2020-2021,2021-05-01,Crystal Palace,Manchester City,0,2,0.36,2.04,
Premier League,2020-2021,2021-05-01,Brighton,Leeds,2,0,2.53,0.51,
Premier League,2020-2021,2021-05-01,Chelsea,Fulham,2,0,1.84,0.29,
Premier League,2020-2021,2021-05-01,Everton,Aston Villa,1,2,1.22,1.59,
Premier League,2020-2021,2021-05-02,Newcastle United,Arsenal,0,2,0.17,1.79,
Premier League,2020-2021,2021-05-02,Tottenham,Sheffield United,4,0,2.26,0.47,
Premier League,2020-2021,2021-05-03,West Bromwich Albion,Wolverhampton Wanderers,1,1,1.07,0.84,
Premier League,2020-2021,2021-05-03,Burnley,West Ham,1,2,1.68,2.42,
Premier League,2020-2021,2021-05-07,Leicester,Newcastle United,2,4,2.31,2.87,
Premier League,2020-2021,2021-05-08,Leeds,Tottenham,3,1,2.55,1.03,
Premier League,2020-2021,2021-05-08,Sheffield United,Crystal Palace,0,2,0.64,2.25,
Premier League,2020-2021,2021-05-08,Manchester City,Chelsea,1,2,1.79,0.62,
Premier League,2020-2021,2021-05-08,Liverpool,Southampton,2,0,2.26,1.23,
Premier League,2020-2021,2021-05-09,Wolverhampton Wanderers,Brighton,2,1,1.12,0.28,
Premier League,2020-2021,2021-05-09,Aston Villa,Manchester United,1,3,0.57,1.89,
Premier League,2020-2021,2021-05-09,West Ham,Everton,0,1,1.1,1.56,
Premier League,2020-2021,2021-05-09,Arsenal,West Bromwich Albion,3,1,1.07,1.83,
Premier League,2020-2021,2021-05-10,Fulham,Burnley,0,2,0.78,1.66,
Premier League,2020-2021,2021-05-11,Manchester United,Leicester,1,2,0.21,0.99,
Premier League,2020-2021,2021-05-11,Southampton,Crystal Palace,3,1,1.59,1.33,
Premier League,2020-2021,2021-05-12,Chelsea,Arsenal,0,1,1.57,0.69,
Premier League,2020-2021,2021-05-13,Manchester United,Liverpool,2,4,1.71,2.94,
Premier League,2020-2021,2021-05-13,Aston Villa,Everton,0,0,0.56,0.98,
Premier League,2020-2021,2021-05-14,Newcastle United,Manchester City,3,4,2.18,1.48,
Premier League,2020-2021,2021-05-15,Burnley,Leeds,0,4,1.41,1.86,
Premier League,2020-2021,2021-05-15,Southampton,Fulham,3,1,2.29,0.88,
Premier League,2020-2021,2021-05-15,Brighton,West Ham,1,1,0.92,1.92,
Premier League,2020-2021,2021-05-16,Crystal Palace,Aston Villa,3,2,1.95,1.23,
Premier League,2020-2021,2021-05-16,Tottenham,Wolverhampton Wanderers,2,0,3.14,1.09,
Premier League,2020-2021,2021-05-16,West Bromwich Albion,Liverpool,1,2,1.14,2.08,
Premier League,2020-2021,2021-05-16,Everton,Sheffield United,0,1,1.25,1.39,
Premier League,2020-2021,2021-05-18,Manchester United,Fulham,1,1,0.92,0.87,
Premier League,2020-2021,2021-05-18,Southampton,Leeds,0,2,1.31,1.58,
Premier League,2020-2021,2021-05-18,Brighton,Manchester City,3,2,1.23,1.07,
Premier League,2020-2021,2021-05-18,Chelsea,Leicester,2,1,2.86,0.83,
Premier League,2020-2021,2021-05-19,Everton,Wolverhampton Wanderers,1,0,0.67,0.27,
Premier League,2020-2021,2021-05-19,Newcastle United,Sheffield United,1,0,1.83,0.88,
Premier League,2020-2021,2021-05-19,Tottenham,Aston Villa,1,2,0.89,1.64,
Premier League,2020-2021,2021-05-19,Crystal Palace,Arsenal,1,3,1.0,1.79,
Premier League,2020-2021,2021-05-19,Burnley,Liverpool,0,3,0.84,2.73,
Premier League,2020-2021,2021-05-19,West Bromwich Albion,West Ham,1,3,1.11,3.57,
Premier League,2020-2021,2021-05-23,Arsenal,Brighton,2,0,0.77,0.19,
Premier League,2020-2021,2021-05-23,Aston Villa,Chelsea,2,1,0.98,3.43,
Premier League,2020-2021,2021-05-23,Fulham,Newcastle United,0,2,0.99,1.6,
Premier League,2020-2021,2021-05-23,Leeds,West Bromwich Albion,3,1,2.49,1.02,
Premier League,2020-2021,2021-05-23,Leicester,Tottenham,2,4,1.83,1.85,
Premier League,2020-2021,2021-05-23,Liverpool,Crystal Palace,2,0,2.2,0.77,
Premier League,2020-2021,2021-05-23,Manchester City,Everton,5,0,2.88,1.07,
Premier League,2020-2021,2021-05-23,Sheffield United,Burnley,1,0,0.42,0.56,
Premier League,2020-2021,2021-05-23,West Ham,Southampton,3,0,1.98,1.35,
Premier League,2020-2021,2021-05-23,Wolverhampton Wanderers,Manchester United,1,2,0.7,2.05,
Premier League,2021-2022,2021-08-13,Brentford,Arsenal,2,0,1.89,1.02,
Premier League,2021-2022,2021-08-14,Manchester United,Leeds,5,1,1.64,0.57,
Premier League,2021-2022,2021-08-14,Burnley,Brighton,1,2,1.8,1.69,
Premier League,2021-2022,2021-08-14,Chelsea,Crystal Palace,3,0,1.19,0.32,
Premier League,2021-2022,2021-08-14,Everton,Southampton,3,1,2.39,0.58,
Premier League,2021-2022,2021-08-14,Leicester,Wolverhampton Wanderers,1,0,0.67,1.33,
Premier League,2021-2022,2021-08-14,Watford,Aston Villa,3,2,1.35,1.14,
Premier League,2021-2022,2021-08-14,Norwich,Liverpool,0,3,1.33,1.79,
Premier League,2021-2022,2021-08-15,Newcastle United,West Ham,2,4,1.68,3.01,
Premier League,2021-2022,2021-08-15,Tottenham,Manchester City,1,0,1.06,2.11,
Premier League,2021-2022,2021-08-21,Liverpool,Burnley,2,0,2.64,0.69,
Premier League,2021-2022,2021-08-21,Manchester City,Norwich,5,0,2.44,0.03,
Premier League,2021-2022,2021-08-21,Aston Villa,Newcastle United,2,0,1.18,0.63,
Premier League,2021-2022,2021-08-21,Crystal Palace,Brentford,0,0,0.61,0.71,
Premier League,2021-2022,2021-08-21,Leeds,Everton,2,2,0.97,1.86,
Premier League,2021-2022,2021-08-21,Brighton,Watford,2,0,1.78,0.41,
Premier League,2021-2022,2021-08-22,Southampton,Manchester United,1,1,0.59,2.26,
Premier League,2021-2022,2021-08-22,Wolverhampton Wanderers,Tottenham,0,1,1.51,1.73,
Premier League,2021-2022,2021-08-22,Arsenal,Chelsea,0,2,0.63,3.64,
Premier League,2021-2022,2021-08-23,West Ham,Leicester,4,1,2.29,0.63,
Premier League,2021-2022,2021-08-28,Manchester City,Arsenal,5,0,4.47,0.12,
Premier League,2021-2022,2021-08-28,Newcastle United,Southampton,2,2,1.19,3.46,
Premier League,2021-2022,2021-08-28,Norwich,Leicester,1,2,1.44,1.27,
Premier League,2021-2022,2021-08-28,Aston Villa,Brentford,1,1,0.43,1.13,
Premier League,2021-2022,2021-08-28,Brighton,Everton,0,2,0.7,1.55,
Premier League,2021-2022,2021-08-28,West Ham,Crystal Palace,2,2,1.45,1.68,
Premier League,2021-2022,2021-08-28,Liverpool,Chelsea,1,1,2.08,0.57,
Premier League,2021-2022,2021-08-29,Burnley,Leeds,1,1,1.71,1.52,
Premier League,2021-2022,2021-08-29,Tottenham,Watford,1,0,0.92,0.6,
Premier League,2021-2022,2021-08-29,Wolverhampton Wanderers,Manchester United,0,1,1.8,0.94,
Premier League,2021-2022,2021-09-11,Crystal Palace,Tottenham,3,0,2.89,0.08,
Premier League,2021-2022,2021-09-11,Arsenal,Norwich,1,0,2.69,0.58,
Premier League,2021-2022,2021-09-11,Brentford,Brighton,0,1,0.73,0.29,
Premier League,2021-2022,2021-09-11,Leicester,Manchester City,0,1,0.8,2.75,
Premier League,2021-2022,2021-09-11,Manchester United,Newcastle United,4,1,2.77,0.62,
Premier League,2021-2022,2021-09-11,Southampton,West Ham,0,0,0.69,0.73,
Premier League,2021-2022,2021-09-11,Watford,Wolverhampton Wanderers,0,2,0.19,2.56,
Premier League,2021-2022,2021-09-11,Chelsea,Aston Villa,3,0,1.22,1.17,
Premier League,2021-2022,2021-09-12,Leeds,Liverpool,0,3,0.65,4.4,
Premier League,2021-2022,2021-09-13,Everton,Burnley,3,1,1.8,1.82,
Premier League,2021-2022,2021-09-17,Newcastle United,Leeds,1,1,1.18,1.43,
Premier League,2021-2022,2021-09-18,Wolverhampton Wanderers,Brentford,0,2,1.02,2.33,
Premier League,2021-2022,2021-09-18,Norwich,Watford,1,3,0.78,2.42,
Premier League,2021-2022,2021-09-18,Burnley,Arsenal,0,1,0.78,1.1,
Premier League,2021-2022,2021-09-18,Liverpool,Crystal Palace,3,0,2.77,0.64,
Premier League,2021-2022,2021-09-18,Manchester City,Southampton,0,0,1.22,0.49,
Premier League,2021-2022,2021-09-18,Aston Villa,Everton,3,0,0.78,0.76,
Premier League,2021-2022,2021-09-19,Brighton,Leicester,2,1,1.47,1.25,
Premier League,2021-2022,2021-09-19,West Ham,Manchester United,1,2,1.67,1.9,
Premier League,2021-2022,2021-09-19,Tottenham,Chelsea,0,3,0.71,2.59,
Premier League,2021-2022,2021-09-25,Chelsea,Manchester City,0,1,0.19,1.69,
Premier League,2021-2022,2021-09-25,Manchester United,Aston Villa,0,1,1.93,1.57,
Premier League,2021-2022,2021-09-25,Watford,Newcastle United,1,1,0.9,2.52,
Premier League,2021-2022,2021-09-25,Everton,Norwich,2,0,2.27,0.8,
Premier League,2021-2022,2021-09-25,Leeds,West Ham,1,2,1.2,1.99,
Premier League,2021-2022,2021-09-25,Leicester,Burnley,2,2,2.16,0.43,
Premier League,2021-2022,2021-09-25,Brentford,Liverpool,3,3,2.94,2.26,
Premier League,2021-2022,2021-09-26,Southampton,Wolverhampton Wanderers,0,1,0.91,0.91,
Premier League,2021-2022,2021-09-26,Arsenal,Tottenham,3,1,1.44,0.98,
Premier League,2021-2022,2021-09-27,Crystal Palace,Brighton,1,1,1.37,0.65,
Premier League,2021-2022,2021-10-02,Manchester United,Everton,1,1,1.05,1.32,
Premier League,2021-2022,2021-10-02,Burnley,Norwich,0,0,0.58,0.67,
Premier League,2021-2022,2021-10-02,Chelsea,Southampton,3,1,3.79,1.53,
Premier League,2021-2022,2021-10-02,Leeds,Watford,1,0,1.57,0.19,
Premier League,2021-2022,2021-10-02,Wolverhampton Wanderers,Newcastle United,2,1,1.16,0.87,
Premier League,2021-2022,2021-10-02,Brighton,Arsenal,0,0,1.12,0.36,
Premier League,2021-2022,2021-10-03,Crystal Palace,Leicester,2,2,1.17,1.04,
Premier League,2021-2022,2021-10-03,Tottenham,Aston Villa,2,1,1.78,1.07,
Premier League,2021-2022,2021-10-03,West Ham,Brentford,1,2,1.37,1.3,
Premier League,2021-2022,2021-10-03,Liverpool,Manchester City,2,2,0.95,1.04,
Premier League,2021-2022,2021-10-16,Watford,Liverpool,0,5,0.3,3.66,
Premier League,2021-2022,2021-10-16,Aston Villa,Wolverhampton Wanderers,2,3,1.21,2.2,
Premier League,2021-2022,2021-10-16,Leicester,Manchester United,4,2,2.97,1.02,
Premier League,2021-2022,2021-10-16,Manchester City,Burnley,2,0,2.16,1.08,
Premier League,2021-2022,2021-10-16,Norwich,Brighton,0,0,1.16,1.18,
Premier League,2021-2022,2021-10-16,Southampton,Leeds,1,0,1.83,0.45,
Premier League,2021-2022,2021-10-16,Brentford,Chelsea,0,1,1.62,0.25,
Premier League,2021-2022,2021-10-17,Everton,West Ham,0,1,0.85,2.03,
Premier League,2021-2022,2021-10-17,Newcastle United,Tottenham,2,3,0.65,1.55,
Premier League,2021-2022,2021-10-18,Arsenal,Crystal Palace,2,2,1.74,0.49,
Premier League,2021-2022,2021-10-22,Arsenal,Aston Villa,3,1,3.5,1.41,
Premier League,2021-2022,2021-10-23,Chelsea,Norwich,7,0,3.11,0.27,
Premier League,2021-2022,2021-10-23,Crystal Palace,Newcastle United,1,1,2.26,0.72,
Premier League,2021-2022,2021-10-23,Everton,Watford,2,5,1.84,3.1,
Premier League,2021-2022,2021-10-23,Leeds,Wolverhampton Wanderers,1,1,1.71,0.86,
Premier League,2021-2022,2021-10-23,Southampton,Burnley,2,2,1.43,0.67,
Premier League,2021-2022,2021-10-23,Brighton,Manchester City,1,4,1.17,3.57,
Premier League,2021-2022,2021-10-24,Brentford,Leicester,1,2,1.17,1.0,
Premier League,2021-2022,2021-10-24,West Ham,Tottenham,1,0,1.73,0.67,
Premier League,2021-2022,2021-10-24,Manchester United,Liverpool,0,5,1.36,4.05,
Premier League,2021-2022,2021-10-30,Leicester,Arsenal,0,2,1.99,1.1,
Premier League,2021-2022,2021-10-30,Burnley,Brentford,3,1,2.73,0.83,
Premier League,2021-2022,2021-10-30,Liverpool,Brighton,2,2,1.4,1.51,
Premier League,2021-2022,2021-10-30,Manchester City,Crystal Palace,0,2,0.66,1.05,
Premier League,2021-2022,2021-10-30,Newcastle United,Chelsea,0,3,0.16,2.17,
Premier League,2021-2022,2021-10-30,Watford,Southampton,0,1,0.85,1.91,
Premier League,2021-2022,2021-10-30,Tottenham,Manchester United,0,3,1.16,1.39,
Premier League,2021-2022,2021-10-31,Norwich,Leeds,1,2,0.66,1.17,
Premier League,2021-2022,2021-10-31,Aston Villa,West Ham,1,4,0.69,2.66,
Premier League,2021-2022,2021-11-01,Wolverhampton Wanderers,Everton,2,1,1.69,1.7,
Premier League,2021-2022,2021-11-05,Southampton,Aston Villa,1,0,0.9,0.54,
Premier League,2021-2022,2021-11-06,Manchester United,Manchester City,0,2,0.76,2.04,
Premier League,2021-2022,2021-11-06,Brentford,Norwich,1,2,2.79,1.16,
Premier League,2021-2022,2021-11-06,Chelsea,Burnley,1,1,3.01,0.67,
Premier League,2021-2022,2021-11-06,Crystal Palace,Wolverhampton Wanderers,2,0,2.65,0.25,
Premier League,2021-2022,2021-11-06,Brighton,Newcastle United,1,1,1.43,0.23,
Premier League,2021-2022,2021-11-07,Arsenal,Watford,1,0,1.49,0.49,
Premier League,2021-2022,2021-11-07,Everton,Tottenham,0,0,0.6,0.8,
Premier League,2021-2022,2021-11-07,Leeds,Leicester,1,1,1.97,0.8,
Premier League,2021-2022,2021-11-07,West Ham,Liverpool,3,2,1.25,1.46,
Premier League,2021-2022,2021-11-20,Leicester,Chelsea,0,3,0.5,2.57,
Premier League,2021-2022,2021-11-20,Aston Villa,Brighton,2,0,1.07,0.58,
Premier League,2021-2022,2021-11-20,Burnley,Crystal Palace,3,3,1.04,1.75,
Premier League,2021-2022,2021-11-20,Newcastle United,Brentford,3,3,2.18,1.23,
Premier League,2021-2022,2021-11-20,Norwich,Southampton,2,1,0.44,1.13,
Premier League,2021-2022,2021-11-20,Watford,Manchester United,4,1,2.73,1.67,
Premier League,2021-2022,2021-11-20,Wolverhampton Wanderers,West Ham,1,0,1.32,0.44,
Premier League,2021-2022,2021-11-20,Liverpool,Arsenal,4,0,3.97,0.27,
Premier League,2021-2022,2021-11-21,Manchester City,Everton,3,0,2.61,0.27,
Premier League,2021-2022,2021-11-21,Tottenham,Leeds,2,1,2.32,1.47,
Premier League,2021-2022,2021-11-27,Arsenal,Newcastle United,2,0,2.84,0.19,
Premier League,2021-2022,2021-11-27,Crystal Palace,Aston Villa,1,2,0.96,0.45,
Premier League,2021-2022,2021-11-27,Liverpool,Southampton,4,0,3.07,0.97,
Premier League,2021-2022,2021-11-27,Norwich,Wolverhampton Wanderers,0,0,1.4,0.3,
Premier League,2021-2022,2021-11-27,Brighton,Leeds,0,0,1.9,0.86,
Premier League,2021-2022,2021-11-28,Brentford,Everton,1,0,1.2,0.97,
Premier League,2021-2022,2021-11-28,Leicester,Watford,4,2,2.16,2.38,
Premier League,2021-2022,2021-11-28,Manchester City,West Ham,2,1,2.72,0.17,
Premier League,2021-2022,2021-11-28,Chelsea,Manchester United,1,1,2.35,0.56,
Premier League,2021-2022,2021-11-30,Newcastle United,Norwich,1,1,1.16,1.51,
Premier League,2021-2022,2021-11-30,Leeds,Crystal Palace,1,0,1.98,0.71,
Premier League,2021-2022,2021-12-01,Watford,Chelsea,1,2,0.99,0.91,
Premier League,2021-2022,2021-12-01,West Ham,Brighton,1,1,1.15,1.26,
Premier League,2021-2022,2021-12-01,Wolverhampton Wanderers,Burnley,0,0,0.71,0.2,
Premier League,2021-2022,2021-12-01,Southampton,Leicester,2,2,1.91,1.44,
Premier League,2021-2022,2021-12-01,Aston Villa,Manchester City,1,2,0.77,1.02,
Premier League,2021-2022,2021-12-01,Everton,Liverpool,1,4,0.51,2.86,
Premier League,2021-2022,2021-12-02,Tottenham,Brentford,2,0,2.07,0.23,
Premier League,2021-2022,2021-12-02,Manchester United,Arsenal,3,2,1.86,1.17,
Premier League,2021-2022,2021-12-04,West Ham,Chelsea,3,2,2.02,1.37,
Premier League,2021-2022,2021-12-04,Newcastle United,Burnley,1,0,1.71,0.6,
Premier League,2021-2022,2021-12-04,Southampton,Brighton,1,1,1.34,1.49,
Premier League,2021-2022,2021-12-04,Wolverhampton Wanderers,Liverpool,0,1,0.1,2.42,
Premier League,2021-2022,2021-12-04,Watford,Manchester City,1,3,0.68,4.03,
Premier League,2021-2022,2021-12-05,Leeds,Brentford,2,2,1.42,1.2,
Premier League,2021-2022,2021-12-05,Manchester United,Crystal Palace,1,0,0.87,0.52,
Premier League,2021-2022,2021-12-05,Tottenham,Norwich,3,0,2.01,1.07,
Premier League,2021-2022,2021-12-05,Aston Villa,Leicester,2,1,1.85,0.98,
Premier League,2021-2022,2021-12-06,Everton,Arsenal,2,1,1.06,1.06,
Premier League,2021-2022,2021-12-10,Brentford,Watford,2,1,1.83,0.56,
Premier League,2021-2022,2021-12-11,Manchester City,Wolverhampton Wanderers,1,0,3.0,0.08,
Premier League,2021-2022,2021-12-11,Arsenal,Southampton,3,0,2.08,0.5,
Premier League,2021-2022,2021-12-11,Chelsea,Leeds,3,2,2.75,1.73,
Premier League,2021-2022,2021-12-11,Liverpool,Aston Villa,1,0,2.71,0.14,
Premier League,2021-2022,2021-12-11,Norwich,Manchester United,0,1,0.99,2.1,
Premier League,2021-2022,2021-12-12,Burnley,West Ham,0,0,0.55,1.0,
Premier League,2021-2022,2021-12-12,Leicester,Newcastle United,4,0,2.06,0.51,
Premier League,2021-2022,2021-12-12,Crystal Palace,Everton,3,1,2.1,1.28,
Premier League,2021-2022,2021-12-14,Norwich,Aston Villa,0,2,0.5,1.96,
Premier League,2021-2022,2021-12-14,Manchester City,Leeds,7,0,3.31,0.23,
Premier League,2021-2022,2021-12-15,Brighton,Wolverhampton Wanderers,0,1,1.2,1.12,
Premier League,2021-2022,2021-12-15,Crystal Palace,Southampton,2,2,1.49,0.63,
Premier League,2021-2022,2021-12-15,Arsenal,West Ham,2,0,2.81,0.34,
Premier League,2021-2022,2021-12-16,Chelsea,Everton,1,1,3.2,0.63,
Premier League,2021-2022,2021-12-16,Liverpool,Newcastle United,3,1,2.94,0.21,
Premier League,2021-2022,2021-12-18,Leeds,Arsenal,1,4,1.31,3.69,
Premier League,2021-2022,2021-12-19,Wolverhampton Wanderers,Chelsea,0,0,0.32,0.79,
Premier League,2021-2022,2021-12-19,Newcastle United,Manchester City,0,4,0.17,3.65,
Premier League,2021-2022,2021-12-19,Tottenham,Liverpool,2,2,2.8,1.55,
Premier League,2021-2022,2021-12-26,Manchester City,Leicester,6,3,3.83,2.43,
Premier League,2021-2022,2021-12-26,Norwich,Arsenal,0,5,0.15,2.88,
Premier League,2021-2022,2021-12-26,Tottenham,Crystal Palace,3,0,2.82,0.18,
Premier League,2021-2022,2021-12-26,West Ham,Southampton,2,3,1.54,1.36,
Premier League,2021-2022,2021-12-26,Aston Villa,Chelsea,1,3,0.47,2.83,
Premier League,2021-2022,2021-12-26,Brighton,Brentford,2,0,0.94,1.1,
Premier League,2021-2022,2021-12-27,Newcastle United,Manchester United,1,1,1.27,1.76,
Premier League,2021-2022,2021-12-28,Watford,West Ham,1,4,1.01,2.84,
Premier League,2021-2022,2021-12-28,Crystal Palace,Norwich,3,0,2.39,0.59,
Premier League,2021-2022,2021-12-28,Southampton,Tottenham,1,1,0.35,2.81,
Premier League,2021-2022,2021-12-28,Leicester,Liverpool,1,0,0.62,2.73,
Premier League,2021-2022,2021-12-29,Chelsea,Brighton,1,1,0.76,0.79,
Premier League,2021-2022,2021-12-29,Brentford,Manchester City,0,1,0.24,1.02,
Premier League,2021-2022,2021-12-30,Manchester United,Burnley,3,1,1.81,0.87,
Premier League,2021-2022,2022-01-01,Arsenal,Manchester City,1,2,0.84,1.95,
Premier League,2021-2022,2022-01-01,Watford,Tottenham,0,1,0.3,1.94,
Premier League,2021-2022,2022-01-01,Crystal Palace,West Ham,2,3,2.69,2.23,
Premier League,2021-2022,2022-01-02,Brentford,Aston Villa,2,1,0.5,1.14,
Premier League,2021-2022,2022-01-02,Everton,Brighton,2,3,1.83,1.48,
Premier League,2021-2022,2022-01-02,Leeds,Burnley,3,1,2.04,0.96,
Premier League,2021-2022,2022-01-02,Chelsea,Liverpool,2,2,1.39,1.79,
Premier League,2021-2022,2022-01-03,Manchester United,Wolverhampton Wanderers,0,1,0.77,0.84,
Premier League,2021-2022,2022-01-11,Southampton,Brentford,4,1,1.59,0.62,
Premier League,2021-2022,2022-01-12,West Ham,Norwich,2,0,2.89,0.34,
Premier League,2021-2022,2022-01-14,Brighton,Crystal Palace,1,1,2.18,0.51,
Premier League,2021-2022,2022-01-15,Manchester City,Chelsea,1,0,0.9,0.61,
Premier League,2021-2022,2022-01-15,Newcastle United,Watford,1,1,1.04,1.5,
Premier League,2021-2022,2022-01-15,Norwich,Everton,2,1,1.0,0.54,
Premier League,2021-2022,2022-01-15,Wolverhampton Wanderers,Southampton,3,1,2.3,0.92,
Premier League,2021-2022,2022-01-15,Aston Villa,Manchester United,2,2,1.83,1.35,
Premier League,2021-2022,2022-01-16,Liverpool,Brentford,3,0,3.49,0.38,
Premier League,2021-2022,2022-01-16,West Ham,Leeds,2,3,2.35,2.27,
Premier League,2021-2022,2022-01-18,Brighton,Chelsea,1,1,0.75,0.57,
Premier League,2021-2022,2022-01-19,Leicester,Tottenham,2,3,1.95,4.25,
Premier League,2021-2022,2022-01-19,Brentford,Manchester United,1,3,2.08,2.06,
Premier League,2021-2022,2022-01-21,Watford,Norwich,0,3,1.31,0.93,
Premier League,2021-2022,2022-01-22,Everton,Aston Villa,0,1,1.24,0.86,
Premier League,2021-2022,2022-01-22,Brentford,Wolverhampton Wanderers,1,2,0.74,0.22,
Premier League,2021-2022,2022-01-22,Leeds,Newcastle United,0,1,1.13,1.16,
Premier League,2021-2022,2022-01-22,Manchester United,West Ham,1,0,1.76,0.24,
Premier League,2021-2022,2022-01-22,Southampton,Manchester City,1,1,1.0,1.63,
Premier League,2021-2022,2022-01-23,Arsenal,Burnley,0,0,1.36,0.39,
Premier League,2021-2022,2022-01-23,Crystal Palace,Liverpool,1,3,1.63,1.5,
Premier League,2021-2022,2022-01-23,Leicester,Brighton,1,1,1.71,1.2,
Premier League,2021-2022,2022-01-23,Chelsea,Tottenham,2,0,1.04,0.33,
Premier League,2021-2022,2022-02-05,Burnley,Watford,0,0,0.77,0.93,
Premier League,2021-2022,2022-02-08,West Ham,Watford,1,0,0.91,0.34,
Premier League,2021-2022,2022-02-08,Newcastle United,Everton,3,1,2.69,0.82,
Premier League,2021-2022,2022-02-08,Burnley,Manchester United,1,1,0.77,1.83,
Premier League,2021-2022,2022-02-09,Norwich,Crystal Palace,1,1,0.3,1.23,
Premier League,2021-2022,2022-02-09,Tottenham,Southampton,2,3,1.74,1.73,
Premier League,2021-2022,2022-02-09,Manchester City,Brentford,2,0,1.98,0.46,
Premier League,2021-2022,2022-02-09,Aston Villa,Leeds,3,3,1.5,2.53,
Premier League,2021-2022,2022-02-10,Wolverhampton Wanderers,Arsenal,0,1,0.64,1.45,
Premier League,2021-2022,2022-02-10,Liverpool,Leicester,2,0,2.73,0.54,
Premier League,2021-2022,2022-02-12,Manchester United,Southampton,1,1,2.99,0.68,
Premier League,2021-2022,2022-02-12,Brentford,Crystal Palace,0,0,1.98,0.5,
Premier League,2021-2022,2022-02-12,Everton,Leeds,3,0,2.59,0.24,
Premier League,2021-2022,2022-02-12,Watford,Brighton,0,2,0.53,1.8,
Premier League,2021-2022,2022-02-12,Norwich,Manchester City,0,4,0.36,4.45,
Premier League,2021-2022,2022-02-13,Burnley,Liverpool,0,1,1.16,1.96,
Premier League,2021-2022,2022-02-13,Newcastle United,Aston Villa,1,0,0.53,0.46,
Premier League,2021-2022,2022-02-13,Tottenham,Wolverhampton Wanderers,0,2,0.84,1.87,
Premier League,2021-2022,2022-02-13,Leicester,West Ham,2,2,1.41,0.75,
Premier League,2021-2022,2022-02-15,Manchester United,Brighton,2,0,2.75,1.26,
Premier League,2021-2022,2022-02-19,West Ham,Newcastle United,1,1,0.85,0.93,
Premier League,2021-2022,2022-02-19,Arsenal,Brentford,2,1,1.52,0.64,
Premier League,2021-2022,2022-02-19,Aston Villa,Watford,0,1,1.03,1.82,
Premier League,2021-2022,2022-02-19,Brighton,Burnley,0,3,0.45,0.82,
Premier League,2021-2022,2022-02-19,Crystal Palace,Chelsea,0,1,0.62,1.12,
Premier League,2021-2022,2022-02-19,Liverpool,Norwich,3,1,3.15,0.67,
Premier League,2021-2022,2022-02-19,Southampton,Everton,2,0,2.73,0.2,
Premier League,2021-2022,2022-02-19,Manchester City,Tottenham,2,3,2.32,2.0,
Premier League,2021-2022,2022-02-20,Leeds,Manchester United,2,4,1.74,2.61,
Premier League,2021-2022,2022-02-20,Wolverhampton Wanderers,Leicester,2,1,0.47,1.55,
Premier League,2021-2022,2022-02-23,Burnley,Tottenham,1,0,1.56,0.69,
Premier League,2021-2022,2022-02-23,Watford,Crystal Palace,1,4,1.72,0.82,
Premier League,2021-2022,2022-02-23,Liverpool,Leeds,6,0,5.33,0.14,
Premier League,2021-2022,2022-02-24,Arsenal,Wolverhampton Wanderers,2,1,2.51,1.11,
Premier League,2021-2022,2022-02-25,Southampton,Norwich,2,0,3.09,0.42,
Premier League,2021-2022,2022-02-26,Leeds,Tottenham,0,4,1.9,2.47,
Premier League,2021-2022,2022-02-26,Brentford,Newcastle United,0,2,0.49,2.25,
Premier League,2021-2022,2022-02-26,Crystal Palace,Burnley,1,1,1.04,0.26,
Premier League,2021-2022,2022-02-26,Manchester United,Watford,0,0,2.41,0.44,
Premier League,2021-2022,2022-02-26,Brighton,Aston Villa,0,2,0.63,1.3,
Premier League,2021-2022,2022-02-26,Everton,Manchester City,0,1,0.77,1.93,
Premier League,2021-2022,2022-02-27,West Ham,Wolverhampton Wanderers,1,0,1.62,0.89,
Premier League,2021-2022,2022-03-01,Burnley,Leicester,0,2,1.04,1.8,
Premier League,2021-2022,2022-03-05,Leicester,Leeds,1,0,0.36,2.14,
Premier League,2021-2022,2022-03-05,Aston Villa,Southampton,4,0,2.85,1.33,
Premier League,2021-2022,2022-03-05,Burnley,Chelsea,0,4,0.85,2.29,
Premier League,2021-2022,2022-03-05,Newcastle United,Brighton,2,1,1.58,1.65,
Premier League,2021-2022,2022-03-05,Norwich,Brentford,1,3,0.77,2.22,
Premier League,2021-2022,2022-03-05,Wolverhampton Wanderers,Crystal Palace,0,2,0.71,2.54,
Premier League,2021-2022,2022-03-05,Liverpool,West Ham,1,0,2.19,1.34,
Premier League,2021-2022,2022-03-06,Watford,Arsenal,2,3,1.3,1.0,
Premier League,2021-2022,2022-03-06,Manchester City,Manchester United,4,1,2.74,0.36,
Premier League,2021-2022,2022-03-07,Tottenham,Everton,5,0,3.24,0.21,
Premier League,2021-2022,2022-03-10,Wolverhampton Wanderers,Watford,4,0,1.55,0.5,
Premier League,2021-2022,2022-03-10,Southampton,Newcastle United,1,2,1.8,0.81,
Premier League,2021-2022,2022-03-10,Norwich,Chelsea,1,3,0.97,2.13,
Premier League,2021-2022,2022-03-10,Leeds,Aston Villa,0,3,0.19,1.27,
Premier League,2021-2022,2022-03-12,Brighton,Liverpool,0,2,0.63,2.48,
Premier League,2021-2022,2022-03-12,Brentford,Burnley,2,0,1.82,0.83,
Premier League,2021-2022,2022-03-12,Manchester United,Tottenham,3,2,1.02,1.62,
Premier League,2021-2022,2022-03-13,Chelsea,Newcastle United,1,0,1.07,0.25,
Premier League,2021-2022,2022-03-13,Everton,Wolverhampton Wanderers,0,1,0.4,0.71,
Premier League,2021-2022,2022-03-13,Leeds,Norwich,2,1,3.12,1.4,
Premier League,2021-2022,2022-03-13,Southampton,Watford,1,2,1.26,1.29,
Premier League,2021-2022,2022-03-13,West Ham,Aston Villa,2,1,1.58,1.05,
Premier League,2021-2022,2022-03-13,Arsenal,Leicester,2,0,2.94,0.55,
Premier League,2021-2022,2022-03-14,Crystal Palace,Manchester City,0,0,0.47,2.04,
Premier League,2021-2022,2022-03-16,Brighton,Tottenham,0,2,1.04,2.05,
Premier League,2021-2022,2022-03-16,Arsenal,Liverpool,0,2,0.53,1.28,
Premier League,2021-2022,2022-03-17,Everton,Newcastle United,1,0,0.71,0.76,
Premier League,2021-2022,2022-03-18,Wolverhampton Wanderers,Leeds,2,3,1.24,2.82,
Premier League,2021-2022,2022-03-19,Aston Villa,Arsenal,0,1,0.31,1.15,
Premier League,2021-2022,2022-03-20,Leicester,Brentford,2,1,1.28,1.72,
Premier League,2021-2022,2022-03-20,Tottenham,West Ham,3,1,2.55,0.64,
Premier League,2021-2022,2022-04-02,Liverpool,Watford,2,0,2.24,0.75,
Premier League,2021-2022,2022-04-02,Wolverhampton Wanderers,Aston Villa,2,1,1.62,1.91,
Premier League,2021-2022,2022-04-02,Leeds,Southampton,1,1,1.51,2.06,
Premier League,2021-2022,2022-04-02,Chelsea,Brentford,1,4,1.29,2.43,
Premier League,2021-2022,2022-04-02,Burnley,Manchester City,0,2,0.06,1.62,
Premier League,2021-2022,2022-04-02,Brighton,Norwich,0,0,2.38,0.49,
Premier League,2021-2022,2022-04-02,Manchester United,Leicester,1,1,0.9,1.08,
Premier League,2021-2022,2022-04-03,West Ham,Everton,2,1,1.5,0.66,
Premier League,2021-2022,2022-04-03,Tottenham,Newcastle United,5,1,3.61,0.54,
Premier League,2021-2022,2022-04-04,Crystal Palace,Arsenal,3,0,1.4,1.05,
Premier League,2021-2022,2022-04-06,Burnley,Everton,3,2,2.24,2.32,
Premier League,2021-2022,2022-04-08,Newcastle United,Wolverhampton Wanderers,1,0,1.44,0.31,
Premier League,2021-2022,2022-04-09,Everton,Manchester United,1,0,0.36,0.76,
Premier League,2021-2022,2022-04-09,Watford,Leeds,0,3,1.07,0.9,
Premier League,2021-2022,2022-04-09,Southampton,Chelsea,0,6,0.56,4.4,
Premier League,2021-2022,2022-04-09,Arsenal,Brighton,1,2,2.35,0.6,
Premier League,2021-2022,2022-04-09,Aston Villa,Tottenham,0,4,1.49,0.98,
Premier League,2021-2022,2022-04-10,Norwich,Burnley,2,0,1.67,1.45,
Premier League,2021-2022,2022-04-10,Leicester,Crystal Palace,2,1,0.88,1.53,
Premier League,2021-2022,2022-04-10,Brentford,West Ham,2,0,1.86,0.24,
Premier League,2021-2022,2022-04-10,Manchester City,Liverpool,2,2,1.35,1.3,
Premier League,2021-2022,2022-04-16,Tottenham,Brighton,0,1,0.59,0.71,
Premier League,2021-2022,2022-04-16,Watford,Brentford,1,2,1.5,2.12,
Premier League,2021-2022,2022-04-16,Southampton,Arsenal,1,0,1.04,1.35,
Premier League,2021-2022,2022-04-16,Manchester United,Norwich,3,2,1.67,1.8,
Premier League,2021-2022,2022-04-17,West Ham,Burnley,1,1,2.79,1.88,
Premier League,2021-2022,2022-04-17,Newcastle United,Leicester,2,1,2.54,0.54,
Premier League,2021-2022,2022-04-19,Liverpool,Manchester United,4,0,2.26,0.11,
Premier League,2021-2022,2022-04-20,Everton,Leicester,1,1,1.69,0.79,
Premier League,2021-2022,2022-04-20,Chelsea,Arsenal,2,4,0.59,1.87,
Premier League,2021-2022,2022-04-20,Newcastle United,Crystal Palace,1,0,0.77,0.43,
Premier League,2021-2022,2022-04-20,Manchester City,Brighton,3,0,1.53,0.12,
Premier League,2021-2022,2022-04-21,Burnley,Southampton,2,0,2.15,1.32,
Premier League,2021-2022,2022-04-23,Arsenal,Manchester United,3,1,2.54,2.04,
Premier League,2021-2022,2022-04-23,Norwich,Newcastle United,0,3,0.66,1.88,
Premier League,2021-2022,2022-04-23,Manchester City,Watford,5,1,3.68,0.43,
Premier League,2021-2022,2022-04-23,Leicester,Aston Villa,0,0,0.24,0.59,
Premier League,2021-2022,2022-04-23,Brentford,Tottenham,0,0,1.32,0.52,
Premier League,2021-2022,2022-04-24,Chelsea,West Ham,1,0,2.35,0.39,
Premier League,2021-2022,2022-04-24,Burnley,Wolverhampton Wanderers,1,0,1.27,0.59,
Premier League,2021-2022,2022-04-24,Brighton,Southampton,2,2,1.87,0.93,
Premier League,2021-2022,2022-04-24,Liverpool,Everton,2,0,1.7,0.42,
Premier League,2021-2022,2022-04-25,Crystal Palace,Leeds,0,0,1.62,0.37,
Premier League,2021-2022,2022-04-28,Manchester United,Chelsea,1,1,0.62,2.47,
Premier League,2021-2022,2022-04-30,Newcastle United,Liverpool,0,1,0.12,2.73,
Premier League,2021-2022,2022-04-30,Wolverhampton Wanderers,Brighton,0,3,0.53,2.91,
Premier League,2021-2022,2022-04-30,Watford,Burnley,1,2,0.79,1.37,
Premier League,2021-2022,2022-04-30,Southampton,Crystal Palace,1,2,0.65,0.76,
Premier League,2021-2022,2022-04-30,Aston Villa,Norwich,2,0,2.31,0.35,
Premier League,2021-2022,2022-04-30,Leeds,Manchester City,0,4,1.04,3.01,
Premier League,2021-2022,2022-05-01,Tottenham,Leicester,3,1,1.65,0.27,
Premier League,2021-2022,2022-05-01,Everton,Chelsea,1,0,1.12,1.21,
Premier League,2021-2022,2022-05-01,West Ham,Arsenal,1,2,0.45,0.96,
Premier League,2021-2022,2022-05-02,Manchester United,Brentford,3,0,1.84,0.68,
Premier League,2021-2022,2022-05-07,Crystal Palace,Watford,1,0,2.49,0.26,
Premier League,2021-2022,2022-05-07,Chelsea,Wolverhampton Wanderers,2,2,1.82,1.68,
Premier League,2021-2022,2022-05-07,Burnley,Aston Villa,1,3,1.31,1.81,
Premier League,2021-2022,2022-05-07,Brentford,Southampton,3,0,3.68,0.99,
Premier League,2021-2022,2022-05-07,Brighton,Manchester United,4,0,2.83,0.93,
Premier League,2021-2022,2022-05-07,Liverpool,Tottenham,1,1,1.05,0.98,
Premier League,2021-2022,2022-05-08,Norwich,West Ham,0,4,0.78,3.26,
Premier League,2021-2022,2022-05-08,Leicester,Everton,1,2,1.47,1.56,
Premier League,2021-2022,2022-05-08,Arsenal,Leeds,2,1,2.72,0.7,
Premier League,2021-2022,2022-05-08,Manchester City,Newcastle United,5,0,4.06,1.0,
Premier League,2021-2022,2022-05-10,Aston Villa,Liverpool,1,2,1.45,1.75,
Premier League,2021-2022,2022-05-11,Leeds,Chelsea,0,3,0.5,1.47,
Premier League,2021-2022,2022-05-11,Leicester,Norwich,3,0,2.57,1.22,
Premier League,2021-2022,2022-05-11,Watford,Everton,0,0,0.23,0.81,
Premier League,2021-2022,2022-05-11,Wolverhampton Wanderers,Manchester City,1,5,0.41,3.39,
Premier League,2021-2022,2022-05-12,Tottenham,Arsenal,3,0,3.43,0.39,
Premier League,2021-2022,2022-05-15,Tottenham,Burnley,1,0,2.39,0.63,
Premier League,2021-2022,2022-05-15,Wolverhampton Wanderers,Norwich,1,1,1.0,1.53,
Premier League,2021-2022,2022-05-15,West Ham,Manchester City,2,2,1.01,2.15,
Premier League,2021-2022,2022-05-15,Watford,Leicester,1,5,2.59,2.27,
Premier League,2021-2022,2022-05-15,Leeds,Brighton,1,1,2.22,2.26,
Premier League,2021-2022,2022-05-15,Aston Villa,Crystal Palace,1,1,0.8,1.39,
Premier League,2021-2022,2022-05-15,Everton,Brentford,2,3,2.7,1.82,
Premier League,2021-2022,2022-05-16,Newcastle United,Arsenal,2,0,1.68,0.49,
Premier League,2021-2022,2022-05-17,Southampton,Liverpool,1,2,0.12,1.19,
Premier League,2021-2022,2022-05-19,Everton,Crystal Palace,3,2,0.81,1.6,
Premier League,2021-2022,2022-05-19,Aston Villa,Burnley,1,1,1.0,1.63,
Premier League,2021-2022,2022-05-19,Chelsea,Leicester,1,1,1.62,0.04,
Premier League,2021-2022,2022-05-22,Arsenal,Everton,5,1,4.36,1.09,
Premier League,2021-2022,2022-05-22,Brentford,Leeds,1,2,0.84,1.48,
Premier League,2021-2022,2022-05-22,Brighton,West Ham,3,1,1.68,0.27,
Premier League,2021-2022,2022-05-22,Burnley,Newcastle United,1,2,1.49,1.74,
Premier League,2021-2022,2022-05-22,Chelsea,Watford,2,1,2.59,0.58,
Premier League,2021-2022,2022-05-22,Crystal Palace,Manchester United,1,0,0.35,0.78,
Premier League,2021-2022,2022-05-22,Leicester,Southampton,4,1,3.42,1.05,
Premier League,2021-2022,2022-05-22,Liverpool,Wolverhampton Wanderers,3,1,3.19,1.12,
Premier League,2021-2022,2022-05-22,Manchester City,Aston Villa,3,2,3.32,0.25,
Premier League,2021-2022,2022-05-22,Norwich,Tottenham,0,5,0.31,3.81,
Premier League,2022-2023,2022-08-05,Crystal Palace,Arsenal,0,2,1.21,1.44,
Premier League,2022-2023,2022-08-06,Fulham,Liverpool,2,2,1.27,2.34,
Premier League,2022-2023,2022-08-06,Bournemouth,Aston Villa,2,0,0.59,0.49,
Premier League,2022-2023,2022-08-06,Leeds,Wolverhampton Wanderers,2,1,0.89,1.1,
Premier League,2022-2023,2022-08-06,Newcastle United,Nottingham Forest,2,0,1.86,0.24,
Premier League,2022-2023,2022-08-06,Tottenham,Southampton,4,1,1.62,0.39,
Premier League,2022-2023,2022-08-06,Everton,Chelsea,0,1,0.54,1.92,
Premier League,2022-2023,2022-08-07,Manchester United,Brighton,1,2,1.42,1.73,
Premier League,2022-2023,2022-08-07,Leicester,Brentford,2,2,0.46,0.93,
Premier League,2022-2023,2022-08-07,West Ham,Manchester City,0,2,0.25,2.59,
Premier League,2022-2023,2022-08-13,Aston Villa,Everton,2,1,2.67,1.38,
Premier League,2022-2023,2022-08-13,Brighton,Newcastle United,0,0,1.61,0.18,
Premier League,2022-2023,2022-08-13,Manchester City,Bournemouth,4,0,1.69,0.12,
Premier League,2022-2023,2022-08-13,Southampton,Leeds,2,2,1.41,2.0,
Premier League,2022-2023,2022-08-13,Wolverhampton Wanderers,Fulham,0,0,0.98,1.09,
Premier League,2022-2023,2022-08-13,Arsenal,Leicester,4,2,3.01,0.69,
Premier League,2022-2023,2022-08-13,Brentford,Manchester United,4,0,1.39,0.9,
Premier League,2022-2023,2022-08-14,Nottingham Forest,West Ham,1,0,1.97,2.09,
Premier League,2022-2023,2022-08-14,Chelsea,Tottenham,2,2,1.84,1.59,
Premier League,2022-2023,2022-08-15,Liverpool,Crystal Palace,1,1,2.24,1.64,
Premier League,2022-2023,2022-08-20,Tottenham,Wolverhampton Wanderers,1,0,1.47,0.69,
Premier League,2022-2023,2022-08-20,Crystal Palace,Aston Villa,3,1,2.91,0.8,
Premier League,2022-2023,2022-08-20,Everton,Nottingham Forest,1,1,1.43,0.92,
Premier League,2022-2023,2022-08-20,Fulham,Brentford,3,2,2.9,1.59,
Premier League,2022-2023,2022-08-20,Leicester,Southampton,1,2,0.24,1.24,
Premier League,2022-2023,2022-08-20,Bournemouth,Arsenal,0,3,0.21,1.71,
Premier League,2022-2023,2022-08-21,Leeds,Chelsea,3,0,2.21,0.69,
Premier League,2022-2023,2022-08-21,West Ham,Brighton,0,2,0.77,1.83,
Premier League,2022-2023,2022-08-21,Newcastle United,Manchester City,3,3,2.21,3.67,
Premier League,2022-2023,2022-08-22,Manchester United,Liverpool,2,1,2.02,1.52,
Premier League,2022-2023,2022-08-27,Southampton,Manchester United,0,1,1.36,1.34,
Premier League,2022-2023,2022-08-27,Brentford,Everton,1,1,2.28,1.65,
Premier League,2022-2023,2022-08-27,Brighton,Leeds,1,0,1.61,1.15,
Premier League,2022-2023,2022-08-27,Chelsea,Leicester,2,1,1.75,1.96,
Premier League,2022-2023,2022-08-27,Liverpool,Bournemouth,9,0,4.86,0.18,
Premier League,2022-2023,2022-08-27,Manchester City,Crystal Palace,4,2,2.39,0.09,
Premier League,2022-2023,2022-08-27,Arsenal,Fulham,2,1,2.47,0.93,
Premier League,2022-2023,2022-08-28,Aston Villa,West Ham,0,1,0.3,0.33,
Premier League,2022-2023,2022-08-28,Wolverhampton Wanderers,Newcastle United,1,1,1.13,1.93,
Premier League,2022-2023,2022-08-28,Nottingham Forest,Tottenham,0,2,0.8,2.44,
Premier League,2022-2023,2022-08-30,Fulham,Brighton,2,1,1.07,1.75,
Premier League,2022-2023,2022-08-30,Crystal Palace,Brentford,1,1,0.78,1.62,
Premier League,2022-2023,2022-08-30,Southampton,Chelsea,2,1,1.44,1.5,
Premier League,2022-2023,2022-08-30,Leeds,Everton,1,1,1.05,1.17,
Premier League,2022-2023,2022-08-31,Manchester City,Nottingham Forest,6,0,3.84,0.73,
Premier League,2022-2023,2022-08-31,Arsenal,Aston Villa,2,1,2.8,0.3,
Premier League,2022-2023,2022-08-31,Bournemouth,Wolverhampton Wanderers,0,0,0.36,1.53,
Premier League,2022-2023,2022-08-31,West Ham,Tottenham,1,1,1.52,0.72,
Premier League,2022-2023,2022-08-31,Liverpool,Newcastle United,2,1,1.76,0.64,
Premier League,2022-2023,2022-09-01,Leicester,Manchester United,0,1,0.62,1.1,
Premier League,2022-2023,2022-09-03,Everton,Liverpool,0,0,1.39,1.39,
Premier League,2022-2023,2022-09-03,Newcastle United,Crystal Palace,0,0,2.91,0.92,
Premier League,2022-2023,2022-09-03,Nottingham Forest,Bournemouth,2,3,1.33,0.91,
Premier League,2022-2023,2022-09-03,Tottenham,Fulham,2,1,2.68,0.38,
Premier League,2022-2023,2022-09-03,Wolverhampton Wanderers,Southampton,1,0,1.1,1.21,
Premier League,2022-2023,2022-09-03,Brentford,Leeds,5,2,2.75,1.8,
Premier League,2022-2023,2022-09-03,Chelsea,West Ham,2,1,0.71,1.42,
Premier League,2022-2023,2022-09-03,Aston Villa,Manchester City,1,1,0.28,1.92,
Premier League,2022-2023,2022-09-04,Brighton,Leicester,5,2,2.73,1.07,
Premier League,2022-2023,2022-09-04,Manchester United,Arsenal,3,1,2.03,1.42,
Premier League,2022-2023,2022-09-16,Aston Villa,Southampton,1,0,1.34,0.22,
Premier League,2022-2023,2022-09-16,Nottingham Forest,Fulham,2,3,1.42,1.35,
Premier League,2022-2023,2022-09-17,Wolverhampton Wanderers,Manchester City,0,3,0.31,1.42,
Premier League,2022-2023,2022-09-17,Newcastle United,Bournemouth,1,1,1.55,0.98,
Premier League,2022-2023,2022-09-17,Tottenham,Leicester,6,2,1.99,1.59,
Premier League,2022-2023,2022-09-18,Brentford,Arsenal,0,3,0.54,1.32,
Premier League,2022-2023,2022-09-18,Everton,West Ham,1,0,0.4,0.66,
Premier League,2022-2023,2022-10-01,Arsenal,Tottenham,3,1,2.48,1.5,
Premier League,2022-2023,2022-10-01,Bournemouth,Brentford,0,0,0.76,1.05,
Premier League,2022-2023,2022-10-01,Crystal Palace,Chelsea,1,2,0.71,1.26,
Premier League,2022-2023,2022-10-01,Fulham,Newcastle United,1,4,0.68,4.67,
Premier League,2022-2023,2022-10-01,Liverpool,Brighton,3,3,2.15,2.37,
Premier League,2022-2023,2022-10-01,Southampton,Everton,1,2,1.96,2.0,
Premier League,2022-2023,2022-10-01,West Ham,Wolverhampton Wanderers,2,0,1.04,0.58,
Premier League,2022-2023,2022-10-02,Manchester City,Manchester United,6,3,3.01,1.71,
Premier League,2022-2023,2022-10-02,Leeds,Aston Villa,0,0,0.3,1.9,
Premier League,2022-2023,2022-10-03,Leicester,Nottingham Forest,4,0,1.25,1.22,
Premier League,2022-2023,2022-10-08,Bournemouth,Leicester,2,1,1.15,1.18,
Premier League,2022-2023,2022-10-08,Chelsea,Wolverhampton Wanderers,3,0,2.43,0.75,
Premier League,2022-2023,2022-10-08,Manchester City,Southampton,4,0,2.74,0.1,
Premier League,2022-2023,2022-10-08,Newcastle United,Brentford,5,1,2.45,1.13,
Premier League,2022-2023,2022-10-08,Brighton,Tottenham,0,1,0.9,0.77,
Premier League,2022-2023,2022-10-09,Crystal Palace,Leeds,2,1,1.65,1.07,
Premier League,2022-2023,2022-10-09,West Ham,Fulham,3,1,3.44,0.55,
Premier League,2022-2023,2022-10-09,Arsenal,Liverpool,3,2,2.82,0.77,
Premier League,2022-2023,2022-10-09,Everton,Manchester United,1,2,0.37,1.83,
Premier League,2022-2023,2022-10-10,Nottingham Forest,Aston Villa,1,1,0.22,0.66,
Premier League,2022-2023,2022-10-14,Brentford,Brighton,2,0,1.91,2.16,
Premier League,2022-2023,2022-10-15,Leicester,Crystal Palace,0,0,0.97,0.35,
Premier League,2022-2023,2022-10-15,Fulham,Bournemouth,2,2,1.62,1.63,
Premier League,2022-2023,2022-10-15,Wolverhampton Wanderers,Nottingham Forest,1,0,1.22,1.25,
Premier League,2022-2023,2022-10-15,Tottenham,Everton,2,0,2.49,0.56,
Premier League,2022-2023,2022-10-16,Aston Villa,Chelsea,0,2,2.45,1.24,
Premier League,2022-2023,2022-10-16,Leeds,Arsenal,0,1,2.02,0.82,
Premier League,2022-2023,2022-10-16,Manchester United,Newcastle United,0,0,1.42,0.79,
Premier League,2022-2023,2022-10-16,Southampton,West Ham,1,1,0.52,1.71,
Premier League,2022-2023,2022-10-16,Liverpool,Manchester City,1,0,2.0,0.91,
Premier League,2022-2023,2022-10-18,Brighton,Nottingham Forest,0,0,2.1,0.2,
Premier League,2022-2023,2022-10-18,Crystal Palace,Wolverhampton Wanderers,2,1,1.26,0.86,
Premier League,2022-2023,2022-10-19,Bournemouth,Southampton,0,1,0.81,1.24,
Premier League,2022-2023,2022-10-19,Brentford,Chelsea,0,0,1.45,0.56,
Premier League,2022-2023,2022-10-19,Newcastle United,Everton,1,0,1.13,0.06,
Premier League,2022-2023,2022-10-19,Liverpool,West Ham,1,0,2.24,2.49,
Premier League,2022-2023,2022-10-19,Manchester United,Tottenham,2,0,1.71,0.66,
Premier League,2022-2023,2022-10-20,Fulham,Aston Villa,3,0,2.89,0.71,
Premier League,2022-2023,2022-10-20,Leicester,Leeds,2,0,0.66,1.19,
Premier League,2022-2023,2022-10-22,Nottingham Forest,Liverpool,1,0,2.5,2.2,
Premier League,2022-2023,2022-10-22,Everton,Crystal Palace,3,0,1.93,0.6,
Premier League,2022-2023,2022-10-22,Manchester City,Brighton,3,1,1.86,0.53,
Premier League,2022-2023,2022-10-22,Chelsea,Manchester United,1,1,1.2,0.73,
Premier League,2022-2023,2022-10-23,Aston Villa,Brentford,4,0,3.46,1.0,
Premier League,2022-2023,2022-10-23,Leeds,Fulham,2,3,1.96,2.48,
Premier League,2022-2023,2022-10-23,Southampton,Arsenal,1,1,0.62,1.58,
Premier League,2022-2023,2022-10-23,Wolverhampton Wanderers,Leicester,0,4,1.62,0.99,
Premier League,2022-2023,2022-10-23,Tottenham,Newcastle United,1,2,1.57,1.13,
Premier League,2022-2023,2022-10-24,West Ham,Bournemouth,2,0,1.98,0.73,
Premier League,2022-2023,2022-10-29,Leicester,Manchester City,0,1,0.69,0.7,
Premier League,2022-2023,2022-10-29,Bournemouth,Tottenham,2,3,0.89,2.19,
Premier League,2022-2023,2022-10-29,Brentford,Wolverhampton Wanderers,1,1,1.29,0.56,
Premier League,2022-2023,2022-10-29,Brighton,Chelsea,4,1,2.88,1.08,
Premier League,2022-2023,2022-10-29,Crystal Palace,Southampton,1,0,1.0,1.36,
Premier League,2022-2023,2022-10-29,Newcastle United,Aston Villa,4,0,4.19,0.27,
Premier League,2022-2023,2022-10-29,Fulham,Everton,0,0,1.76,1.19,
Premier League,2022-2023,2022-10-29,Liverpool,Leeds,1,2,1.91,1.61,
Premier League,2022-2023,2022-10-30,Arsenal,Nottingham Forest,5,0,3.01,0.21,
Premier League,2022-2023,2022-10-30,Manchester United,West Ham,1,0,1.75,1.0,
Premier League,2022-2023,2022-11-05,Leeds,Bournemouth,4,3,2.23,1.56,
Premier League,2022-2023,2022-11-05,Manchester City,Fulham,2,1,2.39,0.84,
Premier League,2022-2023,2022-11-05,Nottingham Forest,Brentford,2,2,1.3,1.22,
Premier League,2022-2023,2022-11-05,Wolverhampton Wanderers,Brighton,2,3,1.29,1.87,
Premier League,2022-2023,2022-11-05,Everton,Leicester,0,2,1.37,2.27,
Premier League,2022-2023,2022-11-06,Chelsea,Arsenal,0,1,0.28,2.38,
Premier League,2022-2023,2022-11-06,Aston Villa,Manchester United,3,1,0.58,0.52,
Premier League,2022-2023,2022-11-06,Southampton,Newcastle United,1,4,1.65,1.42,
Premier League,2022-2023,2022-11-06,West Ham,Crystal Palace,1,2,0.19,1.03,
Premier League,2022-2023,2022-11-06,Tottenham,Liverpool,1,2,1.82,1.47,
Premier League,2022-2023,2022-11-12,Manchester City,Brentford,1,2,1.6,3.29,
Premier League,2022-2023,2022-11-12,Bournemouth,Everton,3,0,2.46,0.77,
Premier League,2022-2023,2022-11-12,Liverpool,Southampton,3,1,2.74,1.43,
Premier League,2022-2023,2022-11-12,Nottingham Forest,Crystal Palace,1,0,1.24,1.15,
Premier League,2022-2023,2022-11-12,Tottenham,Leeds,4,3,2.58,1.72,
Premier League,2022-2023,2022-11-12,West Ham,Leicester,0,2,0.72,1.61,
Premier League,2022-2023,2022-11-12,Newcastle United,Chelsea,1,0,1.36,0.36,
Premier League,2022-2023,2022-11-12,Wolverhampton Wanderers,Arsenal,0,2,0.51,2.28,
Premier League,2022-2023,2022-11-13,Brighton,Aston Villa,1,2,0.83,1.15,
Premier League,2022-2023,2022-11-13,Fulham,Manchester United,1,2,1.7,3.38,
Premier League,2022-2023,2022-12-26,Brentford,Tottenham,2,2,2.25,0.88,
Premier League,2022-2023,2022-12-26,Crystal Palace,Fulham,0,3,0.42,2.7,
Premier League,2022-2023,2022-12-26,Everton,Wolverhampton Wanderers,1,2,1.23,1.22,
Premier League,2022-2023,2022-12-26,Leicester,Newcastle United,0,3,0.31,1.76,
Premier League,2022-2023,2022-12-26,Southampton,Brighton,1,3,1.71,1.01,
Premier League,2022-2023,2022-12-26,Aston Villa,Liverpool,1,3,1.69,3.51,
Premier League,2022-2023,2022-12-26,Arsenal,West Ham,3,1,1.89,1.03,
Premier League,2022-2023,2022-12-27,Chelsea,Bournemouth,2,0,1.91,0.44,
Premier League,2022-2023,2022-12-27,Manchester United,Nottingham Forest,3,0,2.14,0.48,
Premier League,2022-2023,2022-12-28,Leeds,Manchester City,1,3,0.6,4.16,
Premier League,2022-2023,2022-12-30,West Ham,Brentford,0,2,1.14,1.51,
Premier League,2022-2023,2022-12-30,Liverpool,Leicester,2,1,2.02,0.86,
Premier League,2022-2023,2022-12-31,Wolverhampton Wanderers,Manchester United,0,1,0.59,2.45,
Premier League,2022-2023,2022-12-31,Bournemouth,Crystal Palace,0,2,0.9,1.75,
Premier League,2022-2023,2022-12-31,Fulham,Southampton,2,1,1.49,0.7,
Premier League,2022-2023,2022-12-31,Manchester City,Everton,1,1,2.36,0.08,
Premier League,2022-2023,2022-12-31,Newcastle United,Leeds,0,0,2.79,0.52,
Premier League,2022-2023,2022-12-31,Brighton,Arsenal,2,4,1.16,3.22,
Premier League,2022-2023,2023-01-01,Tottenham,Aston Villa,0,2,0.57,1.22,
Premier League,2022-2023,2023-01-01,Nottingham Forest,Chelsea,1,1,0.99,1.37,
Premier League,2022-2023,2023-01-02,Brentford,Liverpool,3,1,2.1,2.1,
Premier League,2022-2023,2023-01-03,Arsenal,Newcastle United,0,0,0.97,0.96,
Premier League,2022-2023,2023-01-03,Everton,Brighton,1,4,1.17,2.51,
Premier League,2022-2023,2023-01-03,Leicester,Fulham,0,1,1.45,1.33,
Premier League,2022-2023,2023-01-03,Manchester United,Bournemouth,3,0,2.97,0.68,
Premier League,2022-2023,2023-01-04,Southampton,Nottingham Forest,0,1,0.63,1.22,
Premier League,2022-2023,2023-01-04,Leeds,West Ham,2,2,1.26,1.29,
Premier League,2022-2023,2023-01-04,Aston Villa,Wolverhampton Wanderers,1,1,1.03,0.83,
Premier League,2022-2023,2023-01-04,Crystal Palace,Tottenham,0,4,0.79,1.67,
Premier League,2022-2023,2023-01-05,Chelsea,Manchester City,0,1,0.49,1.72,
Premier League,2022-2023,2023-01-12,Fulham,Chelsea,2,1,0.71,2.4,
Premier League,2022-2023,2023-01-13,Aston Villa,Leeds,2,1,1.65,2.46,
Premier League,2022-2023,2023-01-14,Manchester United,Manchester City,2,1,1.98,0.74,
Premier League,2022-2023,2023-01-14,Brighton,Liverpool,3,0,2.4,1.29,
Premier League,2022-2023,2023-01-14,Everton,Southampton,1,2,1.18,1.08,
Premier League,2022-2023,2023-01-14,Nottingham Forest,Leicester,2,0,1.75,0.8,
Premier League,2022-2023,2023-01-14,Wolverhampton Wanderers,West Ham,1,0,0.81,0.74,
Premier League,2022-2023,2023-01-14,Brentford,Bournemouth,2,0,1.3,0.27,
Premier League,2022-2023,2023-01-15,Chelsea,Crystal Palace,1,0,2.13,0.84,
Premier League,2022-2023,2023-01-15,Newcastle United,Fulham,1,0,1.96,0.99,
Premier League,2022-2023,2023-01-15,Tottenham,Arsenal,0,2,1.71,2.04,
Premier League,2022-2023,2023-01-18,Crystal Palace,Manchester United,1,1,0.41,1.39,
Premier League,2022-2023,2023-01-19,Manchester City,Tottenham,4,2,2.34,1.16,
Premier League,2022-2023,2023-01-21,Liverpool,Chelsea,0,0,1.3,1.84,
Premier League,2022-2023,2023-01-21,Bournemouth,Nottingham Forest,1,1,1.81,1.58,
Premier League,2022-2023,2023-01-21,Leicester,Brighton,2,2,1.36,1.94,
Premier League,2022-2023,2023-01-21,Southampton,Aston Villa,0,1,0.67,1.16,
Premier League,2022-2023,2023-01-21,West Ham,Everton,2,0,2.47,0.29,
Premier League,2022-2023,2023-01-21,Crystal Palace,Newcastle United,0,0,0.33,1.44,
Premier League,2022-2023,2023-01-22,Leeds,Brentford,0,0,0.37,0.17,
Premier League,2022-2023,2023-01-22,Manchester City,Wolverhampton Wanderers,3,0,3.33,0.47,
Premier League,2022-2023,2023-01-22,Arsenal,Manchester United,3,2,2.9,0.27,
Premier League,2022-2023,2023-01-23,Fulham,Tottenham,0,1,1.09,0.99,
Premier League,2022-2023,2023-02-03,Chelsea,Fulham,0,0,1.41,0.49,
Premier League,2022-2023,2023-02-04,Everton,Arsenal,1,0,2.09,0.69,
Premier League,2022-2023,2023-02-04,Aston Villa,Leicester,2,4,1.5,2.5,
Premier League,2022-2023,2023-02-04,Brentford,Southampton,3,0,2.37,0.64,
Premier League,2022-2023,2023-02-04,Brighton,Bournemouth,1,0,2.56,0.91,
Premier League,2022-2023,2023-02-04,Manchester United,Crystal Palace,2,1,2.07,1.38,
Premier League,2022-2023,2023-02-04,Wolverhampton Wanderers,Liverpool,3,0,2.63,1.3,
Premier League,2022-2023,2023-02-04,Newcastle United,West Ham,1,1,1.23,1.28,
Premier League,2022-2023,2023-02-05,Nottingham Forest,Leeds,1,0,0.33,1.12,
Premier League,2022-2023,2023-02-05,Tottenham,Manchester City,1,0,1.42,0.77,
Premier League,2022-2023,2023-02-08,Manchester United,Leeds,2,2,2.0,0.55,
Premier League,2022-2023,2023-02-11,West Ham,Chelsea,1,1,1.08,0.9,
Premier League,2022-2023,2023-02-11,Arsenal,Brentford,1,1,1.37,2.18,
Premier League,2022-2023,2023-02-11,Crystal Palace,Brighton,1,1,0.93,2.65,
Premier League,2022-2023,2023-02-11,Fulham,Nottingham Forest,2,0,1.7,0.69,
Premier League,2022-2023,2023-02-11,Leicester,Tottenham,4,1,1.41,1.12,
Premier League,2022-2023,2023-02-11,Southampton,Wolverhampton Wanderers,1,2,1.3,0.62,
Premier League,2022-2023,2023-02-11,Bournemouth,Newcastle United,1,1,1.54,1.55,
Premier League,2022-2023,2023-02-12,Leeds,Manchester United,0,2,1.89,1.3,
Premier League,2022-2023,2023-02-12,Manchester City,Aston Villa,3,1,3.61,0.28,
Premier League,2022-2023,2023-02-13,Liverpool,Everton,2,0,2.23,0.4,
Premier League,2022-2023,2023-02-15,Arsenal,Manchester City,1,3,1.7,2.01,
Premier League,2022-2023,2023-02-18,Aston Villa,Arsenal,2,4,0.34,2.86,
Premier League,2022-2023,2023-02-18,Brentford,Crystal Palace,1,1,0.61,1.12,
Premier League,2022-2023,2023-02-18,Brighton,Fulham,0,1,2.71,0.22,
Premier League,2022-2023,2023-02-18,Chelsea,Southampton,0,1,1.62,0.62,
Premier League,2022-2023,2023-02-18,Everton,Leeds,1,0,1.54,0.6,
Premier League,2022-2023,2023-02-18,Nottingham Forest,Manchester City,1,1,1.13,2.81,
Premier League,2022-2023,2023-02-18,Wolverhampton Wanderers,Bournemouth,0,1,0.91,1.15,
Premier League,2022-2023,2023-02-18,Newcastle United,Liverpool,0,2,1.75,2.17,
Premier League,2022-2023,2023-02-19,Manchester United,Leicester,3,0,4.25,1.4,
Premier League,2022-2023,2023-02-19,Tottenham,West Ham,2,0,1.43,0.37,
Premier League,2022-2023,2023-02-24,Fulham,Wolverhampton Wanderers,1,1,0.91,1.0,
Premier League,2022-2023,2023-02-25,Everton,Aston Villa,0,2,1.54,2.06,
Premier League,2022-2023,2023-02-25,Leeds,Southampton,1,0,0.72,0.39,
Premier League,2022-2023,2023-02-25,Leicester,Arsenal,0,1,0.02,0.72,
Premier League,2022-2023,2023-02-25,West Ham,Nottingham Forest,4,0,3.05,0.35,
Premier League,2022-2023,2023-02-25,Bournemouth,Manchester City,1,4,1.09,2.98,
Premier League,2022-2023,2023-02-25,Crystal Palace,Liverpool,0,0,0.99,1.35,
Premier League,2022-2023,2023-02-26,Tottenham,Chelsea,2,0,0.93,0.26,
Premier League,2022-2023,2023-03-01,Liverpool,Wolverhampton Wanderers,2,0,2.7,0.79,
Premier League,2022-2023,2023-03-01,Arsenal,Everton,4,0,3.07,1.6,
Premier League,2022-2023,2023-03-04,Manchester City,Newcastle United,2,0,1.34,0.36,
Premier League,2022-2023,2023-03-04,Arsenal,Bournemouth,3,2,2.46,1.74,
Premier League,2022-2023,2023-03-04,Aston Villa,Crystal Palace,1,0,0.89,0.15,
Premier League,2022-2023,2023-03-04,Brighton,West Ham,4,0,3.5,0.25,
Premier League,2022-2023,2023-03-04,Chelsea,Leeds,1,0,1.87,0.63,
Premier League,2022-2023,2023-03-04,Wolverhampton Wanderers,Tottenham,1,0,0.56,1.26,
Premier League,2022-2023,2023-03-04,Southampton,Leicester,1,0,1.34,1.67,
Premier League,2022-2023,2023-03-05,Nottingham Forest,Everton,2,2,0.8,1.71,
Premier League,2022-2023,2023-03-05,Liverpool,Manchester United,7,0,3.44,0.84,
Premier League,2022-2023,2023-03-06,Brentford,Fulham,3,2,2.44,1.68,
Premier League,2022-2023,2023-03-11,Bournemouth,Liverpool,1,0,1.1,2.13,
Premier League,2022-2023,2023-03-11,Everton,Brentford,1,0,1.72,1.95,
Premier League,2022-2023,2023-03-11,Leeds,Brighton,2,2,0.6,1.51,
Premier League,2022-2023,2023-03-11,Leicester,Chelsea,1,3,2.36,1.49,
Premier League,2022-2023,2023-03-11,Tottenham,Nottingham Forest,3,1,1.73,1.63,
Premier League,2022-2023,2023-03-11,Crystal Palace,Manchester City,0,1,0.19,2.19,
Premier League,2022-2023,2023-03-12,Fulham,Arsenal,0,3,0.62,2.64,
Premier League,2022-2023,2023-03-12,Manchester United,Southampton,0,0,0.91,1.18,
Premier League,2022-2023,2023-03-12,West Ham,Aston Villa,1,1,2.15,1.99,
Premier League,2022-2023,2023-03-12,Newcastle United,Wolverhampton Wanderers,2,1,2.46,0.71,
Premier League,2022-2023,2023-03-15,Southampton,Brentford,0,2,0.36,1.67,
Premier League,2022-2023,2023-03-15,Brighton,Crystal Palace,1,0,0.59,1.21,
Premier League,2022-2023,2023-03-17,Nottingham Forest,Newcastle United,1,2,0.53,2.5,
Premier League,2022-2023,2023-03-18,Aston Villa,Bournemouth,3,0,3.45,0.5,
Premier League,2022-2023,2023-03-18,Brentford,Leicester,1,1,0.48,1.42,
Premier League,2022-2023,2023-03-18,Southampton,Tottenham,3,3,2.52,1.88,
Premier League,2022-2023,2023-03-18,Wolverhampton Wanderers,Leeds,2,4,2.76,1.65,
Premier League,2022-2023,2023-03-18,Chelsea,Everton,2,2,1.9,1.65,
Premier League,2022-2023,2023-03-19,Arsenal,Crystal Palace,4,1,1.54,1.19,
Premier League,2022-2023,2023-04-01,Manchester City,Liverpool,4,1,3.01,0.32,
Premier League,2022-2023,2023-04-01,Arsenal,Leeds,4,1,3.3,0.5,
Premier League,2022-2023,2023-04-01,Bournemouth,Fulham,2,1,3.14,0.6,
Premier League,2022-2023,2023-04-01,Brighton,Brentford,3,3,3.82,1.28,
Premier League,2022-2023,2023-04-01,Crystal Palace,Leicester,2,1,1.93,0.2,
Premier League,2022-2023,2023-04-01,Nottingham Forest,Wolverhampton Wanderers,1,1,1.11,0.38,
Premier League,2022-2023,2023-04-01,Chelsea,Aston Villa,0,2,2.38,0.77,
Premier League,2022-2023,2023-04-02,West Ham,Southampton,1,0,1.4,0.32,
Premier League,2022-2023,2023-04-02,Newcastle United,Manchester United,2,0,3.33,0.33,
Premier League,2022-2023,2023-04-03,Everton,Tottenham,1,1,0.82,1.39,
Premier League,2022-2023,2023-04-04,Leicester,Aston Villa,1,2,0.67,1.0,
Premier League,2022-2023,2023-04-04,Bournemouth,Brighton,0,2,1.15,2.63,
Premier League,2022-2023,2023-04-04,Leeds,Nottingham Forest,2,1,2.43,0.61,
Premier League,2022-2023,2023-04-04,Chelsea,Liverpool,0,0,2.19,0.2,
Premier League,2022-2023,2023-04-05,West Ham,Newcastle United,1,5,0.83,2.84,
Premier League,2022-2023,2023-04-05,Manchester United,Brentford,1,0,1.14,0.64,
Premier League,2022-2023,2023-04-08,Manchester United,Everton,2,0,4.39,0.95,
Premier League,2022-2023,2023-04-08,Aston Villa,Nottingham Forest,2,0,1.43,0.23,
Premier League,2022-2023,2023-04-08,Brentford,Newcastle United,1,2,2.07,1.02,
Premier League,2022-2023,2023-04-08,Fulham,West Ham,0,1,0.46,1.23,
Premier League,2022-2023,2023-04-08,Leicester,Bournemouth,0,1,0.73,1.92,
Premier League,2022-2023,2023-04-08,Tottenham,Brighton,2,1,0.59,1.48,
Premier League,2022-2023,2023-04-08,Wolverhampton Wanderers,Chelsea,1,0,0.6,0.82,
Premier League,2022-2023,2023-04-08,Southampton,Manchester City,1,4,0.49,3.06,
Premier League,2022-2023,2023-04-09,Leeds,Crystal Palace,1,5,1.02,3.23,
Premier League,2022-2023,2023-04-09,Liverpool,Arsenal,2,2,4.64,1.54,
Premier League,2022-2023,2023-04-15,Aston Villa,Newcastle United,3,0,1.92,0.43,
Premier League,2022-2023,2023-04-15,Chelsea,Brighton,1,2,0.46,2.52,
Premier League,2022-2023,2023-04-15,Everton,Fulham,1,3,2.24,1.92,
Premier League,2022-2023,2023-04-15,Southampton,Crystal Palace,0,2,0.68,0.86,
Premier League,2022-2023,2023-04-15,Tottenham,Bournemouth,2,3,2.31,1.21,
Premier League,2022-2023,2023-04-15,Wolverhampton Wanderers,Brentford,2,0,0.94,1.51,
Premier League,2022-2023,2023-04-15,Manchester City,Leicester,3,1,1.61,1.93,
Premier League,2022-2023,2023-04-16,West Ham,Arsenal,2,2,1.96,2.72,
Premier League,2022-2023,2023-04-16,Nottingham Forest,Manchester United,0,2,1.05,3.34,
Premier League,2022-2023,2023-04-17,Leeds,Liverpool,1,6,1.17,2.65,
Premier League,2022-2023,2023-04-21,Arsenal,Southampton,3,3,2.4,1.43,
Premier League,2022-2023,2023-04-22,Fulham,Leeds,2,1,1.44,1.07,
Premier League,2022-2023,2023-04-22,Brentford,Aston Villa,1,1,2.03,1.67,
Premier League,2022-2023,2023-04-22,Crystal Palace,Everton,0,0,0.37,0.43,
Premier League,2022-2023,2023-04-22,Leicester,Wolverhampton Wanderers,2,1,2.67,0.6,
Premier League,2022-2023,2023-04-22,Liverpool,Nottingham Forest,3,2,3.33,0.72,
Premier League,2022-2023,2023-04-23,Bournemouth,West Ham,0,4,0.97,2.52,
Premier League,2022-2023,2023-04-23,Newcastle United,Tottenham,6,1,3.99,0.88,
Premier League,2022-2023,2023-04-25,Wolverhampton Wanderers,Crystal Palace,2,0,1.13,0.58,
Premier League,2022-2023,2023-04-25,Aston Villa,Fulham,1,0,0.84,0.08,
Premier League,2022-2023,2023-04-25,Leeds,Leicester,1,1,2.1,2.09,
Premier League,2022-2023,2023-04-26,Nottingham Forest,Brighton,3,1,2.44,2.33,
Premier League,2022-2023,2023-04-26,West Ham,Liverpool,1,2,0.94,1.7,
Premier League,2022-2023,2023-04-26,Chelsea,Brentford,0,2,1.21,0.7,
Premier League,2022-2023,2023-04-26,Manchester City,Arsenal,4,1,2.01,0.4,
Premier League,2022-2023,2023-04-27,Everton,Newcastle United,1,4,0.78,2.86,
Premier League,2022-2023,2023-04-27,Southampton,Bournemouth,0,1,0.48,0.99,
Premier League,2022-2023,2023-04-27,Tottenham,Manchester United,2,2,2.37,1.97,
Premier League,2022-2023,2023-04-29,Crystal Palace,West Ham,4,3,2.32,1.98,
Premier League,2022-2023,2023-04-29,Brentford,Nottingham Forest,2,1,1.32,0.94,
Premier League,2022-2023,2023-04-29,Brighton,Wolverhampton Wanderers,6,0,3.6,0.6,
Premier League,2022-2023,2023-04-30,Bournemouth,Leeds,4,1,2.52,1.34,
Premier League,2022-2023,2023-04-30,Fulham,Manchester City,1,2,0.43,2.32,
Premier League,2022-2023,2023-04-30,Manchester United,Aston Villa,1,0,1.31,0.43,
Premier League,2022-2023,2023-04-30,Newcastle United,Southampton,3,1,3.91,0.9,
Premier League,2022-2023,2023-04-30,Liverpool,Tottenham,4,3,2.43,1.45,
Premier League,2022-2023,2023-05-01,Leicester,Everton,2,2,3.32,3.29,
Premier League,2022-2023,2023-05-02,Arsenal,Chelsea,3,1,2.78,0.79,
Premier League,2022-2023,2023-05-03,Liverpool,Fulham,1,0,1.67,0.74,
Premier League,2022-2023,2023-05-03,Manchester City,West Ham,3,0,3.0,0.49,
Premier League,2022-2023,2023-05-04,Brighton,Manchester United,1,0,2.1,1.32,
Premier League,2022-2023,2023-05-06,Bournemouth,Chelsea,1,3,1.22,1.77,
Premier League,2022-2023,2023-05-06,Manchester City,Leeds,2,1,2.83,0.14,
Premier League,2022-2023,2023-05-06,Tottenham,Crystal Palace,1,0,1.16,0.31,
Premier League,2022-2023,2023-05-06,Wolverhampton Wanderers,Aston Villa,1,0,0.81,1.5,
Premier League,2022-2023,2023-05-06,Liverpool,Brentford,1,0,1.99,0.18,
Premier League,2022-2023,2023-05-07,Newcastle United,Arsenal,0,2,1.37,1.29,
Premier League,2022-2023,2023-05-07,West Ham,Manchester United,1,0,1.77,1.19,
Premier League,2022-2023,2023-05-08,Fulham,Leicester,5,3,1.75,2.93,
Premier League,2022-2023,2023-05-08,Brighton,Everton,1,5,3.24,2.94,
Premier League,2022-2023,2023-05-08,Nottingham Forest,Southampton,4,3,1.91,3.31,
Premier League,2022-2023,2023-05-13,Leeds,Newcastle United,2,2,2.02,2.35,
Premier League,2022-2023,2023-05-13,Aston Villa,Tottenham,2,1,1.8,1.19,
Premier League,2022-2023,2023-05-13,Chelsea,Nottingham Forest,2,2,1.0,1.97,
Premier League,2022-2023,2023-05-13,Crystal Palace,Bournemouth,2,0,1.4,0.26,
Premier League,2022-2023,2023-05-13,Manchester United,Wolverhampton Wanderers,2,0,3.1,0.27,
Premier League,2022-2023,2023-05-13,Southampton,Fulham,0,2,0.15,1.27,
Premier League,2022-2023,2023-05-14,Brentford,West Ham,2,0,4.43,0.2,
Premier League,2022-2023,2023-05-14,Everton,Manchester City,0,3,1.19,1.04,
Premier League,2022-2023,2023-05-14,Arsenal,Brighton,0,3,0.96,2.21,
Premier League,2022-2023,2023-05-15,Leicester,Liverpool,0,3,0.53,1.77,
Premier League,2022-2023,2023-05-18,Newcastle United,Brighton,4,1,4.11,0.59,
Premier League,2022-2023,2023-05-20,Tottenham,Brentford,1,3,1.62,1.15,
Premier League,2022-2023,2023-05-20,Bournemouth,Manchester United,0,1,0.82,1.72,
Premier League,2022-2023,2023-05-20,Fulham,Crystal Palace,2,2,1.96,1.71,
Premier League,2022-2023,2023-05-20,Liverpool,Aston Villa,1,1,0.92,1.47,
Premier League,2022-2023,2023-05-20,Wolverhampton Wanderers,Everton,1,1,1.29,2.47,
Premier League,2022-2023,2023-05-20,Nottingham Forest,Arsenal,1,0,1.14,0.49,
Premier League,2022-2023,2023-05-21,West Ham,Leeds,3,1,2.48,0.65,
Premier League,2022-2023,2023-05-21,Brighton,Southampton,3,1,2.41,0.86,
Premier League,2022-2023,2023-05-21,Manchester City,Chelsea,1,0,1.21,1.16,
Premier League,2022-2023,2023-05-22,Newcastle United,Leicester,0,0,2.05,0.08,
Premier League,2022-2023,2023-05-24,Brighton,Manchester City,1,1,2.11,1.93,
Premier League,2022-2023,2023-05-25,Manchester United,Chelsea,4,1,4.92,1.68,
Premier League,2022-2023,2023-05-28,Arsenal,Wolverhampton Wanderers,5,0,3.02,0.39,
Premier League,2022-2023,2023-05-28,Aston Villa,Brighton,2,1,2.56,1.23,
Premier League,2022-2023,2023-05-28,Brentford,Manchester City,1,0,1.44,1.19,
Premier League,2022-2023,2023-05-28,Chelsea,Newcastle United,1,1,2.02,1.52,
Premier League,2022-2023,2023-05-28,Crystal Palace,Nottingham Forest,1,1,1.01,0.44,
Premier League,2022-2023,2023-05-28,Everton,Bournemouth,1,0,1.13,0.43,
Premier League,2022-2023,2023-05-28,Leeds,Tottenham,1,4,1.19,2.03,
Premier League,2022-2023,2023-05-28,Leicester,West Ham,2,1,2.03,0.97,
Premier League,2022-2023,2023-05-28,Manchester United,Fulham,2,1,2.75,1.88,
Premier League,2022-2023,2023-05-28,Southampton,Liverpool,4,4,1.34,4.0,
Premier League,2023-2024,2023-08-11,Burnley,Manchester City,0,3,0.31,2.4,
Premier League,2023-2024,2023-08-12,Arsenal,Nottingham Forest,2,1,0.84,0.97,
Premier League,2023-2024,2023-08-12,Bournemouth,West Ham,1,1,1.51,1.48,
Premier League,2023-2024,2023-08-12,Brighton,Luton,4,1,4.37,1.89,
Premier League,2023-2024,2023-08-12,Everton,Fulham,0,1,2.59,1.58,
Premier League,2023-2024,2023-08-12,Sheffield United,Crystal Palace,0,1,0.42,2.28,
Premier League,2023-2024,2023-08-12,Newcastle United,Aston Villa,5,1,4.32,1.49,
Premier League,2023-2024,2023-08-13,Brentford,Tottenham,2,2,1.91,1.45,
Premier League,2023-2024,2023-08-13,Chelsea,Liverpool,1,1,1.93,1.3,
Premier League,2023-2024,2023-08-14,Manchester United,Wolverhampton Wanderers,1,0,1.97,1.72,
Premier League,2023-2024,2023-08-18,Nottingham Forest,Sheffield United,2,1,1.37,0.55,
Premier League,2023-2024,2023-08-19,Wolverhampton Wanderers,Brighton,1,4,2.69,3.16,
Premier League,2023-2024,2023-08-19,Fulham,Brentford,0,3,0.4,3.47,
Premier League,2023-2024,2023-08-19,Liverpool,Bournemouth,3,1,3.25,1.39,
Premier League,2023-2024,2023-08-19,Tottenham,Manchester United,2,0,2.54,2.45,
Premier League,2023-2024,2023-08-19,Manchester City,Newcastle United,1,0,1.23,0.26,
Premier League,2023-2024,2023-08-20,Aston Villa,Everton,4,0,3.24,0.72,
Premier League,2023-2024,2023-08-20,West Ham,Chelsea,3,1,1.71,1.61,
Premier League,2023-2024,2023-08-21,Crystal Palace,Arsenal,0,1,1.07,2.21,
Premier League,2023-2024,2023-08-25,Chelsea,Luton,3,0,3.41,0.47,
Premier League,2023-2024,2023-08-26,Bournemouth,Tottenham,0,2,0.48,2.26,
Premier League,2023-2024,2023-08-26,Arsenal,Fulham,2,2,3.23,0.85,
Premier League,2023-2024,2023-08-26,Brentford,Crystal Palace,1,1,0.95,1.06,
Premier League,2023-2024,2023-08-26,Everton,Wolverhampton Wanderers,0,1,1.9,1.4,
Premier League,2023-2024,2023-08-26,Manchester United,Nottingham Forest,3,2,3.03,0.96,
Premier League,2023-2024,2023-08-26,Brighton,West Ham,1,3,1.37,2.95,
Premier League,2023-2024,2023-08-27,Burnley,Aston Villa,1,3,0.63,2.84,
Premier League,2023-2024,2023-08-27,Sheffield United,Manchester City,1,2,0.76,3.85,
Premier League,2023-2024,2023-08-27,Newcastle United,Liverpool,1,2,1.62,0.86,
Premier League,2023-2024,2023-09-01,Luton,West Ham,1,2,2.02,1.23,
Premier League,2023-2024,2023-09-02,Sheffield United,Everton,2,2,1.57,2.74,
Premier League,2023-2024,2023-09-02,Manchester City,Fulham,5,1,2.0,1.46,
Premier League,2023-2024,2023-09-02,Brentford,Bournemouth,2,2,3.07,2.11,
Premier League,2023-2024,2023-09-02,Burnley,Tottenham,2,5,1.67,2.4,
Premier League,2023-2024,2023-09-02,Chelsea,Nottingham Forest,0,1,2.28,1.15,
Premier League,2023-2024,2023-09-02,Brighton,Newcastle United,3,1,1.32,0.9,
Premier League,2023-2024,2023-09-03,Crystal Palace,Wolverhampton Wanderers,3,2,2.33,1.14,
Premier League,2023-2024,2023-09-03,Liverpool,Aston Villa,3,0,2.73,0.62,
Premier League,2023-2024,2023-09-03,Arsenal,Manchester United,3,1,1.91,0.97,
Premier League,2023-2024,2023-09-16,Wolverhampton Wanderers,Liverpool,1,3,0.54,2.83,
Premier League,2023-2024,2023-09-16,Tottenham,Sheffield United,2,1,2.16,0.79,
Premier League,2023-2024,2023-09-16,West Ham,Manchester City,1,3,0.9,4.15,
Premier League,2023-2024,2023-09-16,Aston Villa,Crystal Palace,3,1,2.32,1.12,
Premier League,2023-2024,2023-09-16,Fulham,Luton,1,0,1.76,1.46,
Premier League,2023-2024,2023-09-16,Manchester United,Brighton,1,3,0.72,1.94,
Premier League,2023-2024,2023-09-16,Newcastle United,Brentford,1,0,1.5,0.63,
Premier League,2023-2024,2023-09-17,Bournemouth,Chelsea,0,0,1.33,1.4,
Premier League,2023-2024,2023-09-17,Everton,Arsenal,0,1,0.28,0.8,
Premier League,2023-2024,2023-09-18,Nottingham Forest,Burnley,1,1,0.71,0.81,
Premier League,2023-2024,2023-09-23,Luton,Wolverhampton Wanderers,1,1,2.24,0.76,
Premier League,2023-2024,2023-09-23,Manchester City,Nottingham Forest,2,0,1.34,0.73,
Premier League,2023-2024,2023-09-23,Crystal Palace,Fulham,0,0,0.37,0.54,
Premier League,2023-2024,2023-09-23,Brentford,Everton,1,3,1.57,2.51,
Premier League,2023-2024,2023-09-23,Burnley,Manchester United,0,1,0.94,0.84,
Premier League,2023-2024,2023-09-24,Chelsea,Aston Villa,0,1,1.2,1.13,
Premier League,2023-2024,2023-09-24,Brighton,Bournemouth,3,1,2.15,1.59,
Premier League,2023-2024,2023-09-24,Arsenal,Tottenham,2,2,2.34,2.21,
Premier League,2023-2024,2023-09-24,Liverpool,West Ham,3,1,4.14,1.54,
Premier League,2023-2024,2023-09-24,Sheffield United,Newcastle United,0,8,0.58,5.11,
Premier League,2023-2024,2023-09-30,Aston Villa,Brighton,6,1,1.91,1.73,
Premier League,2023-2024,2023-09-30,Everton,Luton,1,2,3.65,1.51,
Premier League,2023-2024,2023-09-30,Manchester United,Crystal Palace,0,1,1.55,1.19,
Premier League,2023-2024,2023-09-30,Newcastle United,Burnley,2,0,3.09,0.8,
Premier League,2023-2024,2023-09-30,Bournemouth,Arsenal,0,4,0.64,4.07,
Premier League,2023-2024,2023-09-30,West Ham,Sheffield United,2,0,3.2,0.91,
Premier League,2023-2024,2023-09-30,Wolverhampton Wanderers,Manchester City,2,1,0.67,0.98,
Premier League,2023-2024,2023-09-30,Tottenham,Liverpool,2,1,2.19,1.12,
Premier League,2023-2024,2023-10-01,Nottingham Forest,Brentford,1,1,0.8,1.76,
Premier League,2023-2024,2023-10-02,Fulham,Chelsea,0,2,0.89,1.98,
Premier League,2023-2024,2023-10-03,Luton,Burnley,1,2,1.53,0.92,
Premier League,2023-2024,2023-10-07,Luton,Tottenham,0,1,0.85,2.38,
Premier League,2023-2024,2023-10-07,Burnley,Chelsea,1,4,0.96,1.98,
Premier League,2023-2024,2023-10-07,Everton,Bournemouth,3,0,3.16,0.98,
Premier League,2023-2024,2023-10-07,Fulham,Sheffield United,3,1,2.27,0.25,
Premier League,2023-2024,2023-10-07,Manchester United,Brentford,2,1,1.29,1.03,
Premier League,2023-2024,2023-10-07,Crystal Palace,Nottingham Forest,0,0,0.98,1.22,
Premier League,2023-2024,2023-10-08,Brighton,Liverpool,2,2,2.23,2.51,
Premier League,2023-2024,2023-10-08,West Ham,Newcastle United,2,2,0.93,1.98,
Premier League,2023-2024,2023-10-08,Wolverhampton Wanderers,Aston Villa,1,1,1.76,1.82,
Premier League,2023-2024,2023-10-08,Arsenal,Manchester City,1,0,0.39,0.86,
Premier League,2023-2024,2023-10-21,Liverpool,Everton,2,0,2.29,0.09,
Premier League,2023-2024,2023-10-21,Bournemouth,Wolverhampton Wanderers,1,2,1.02,2.3,
Premier League,2023-2024,2023-10-21,Brentford,Burnley,3,0,3.16,0.69,
Premier League,2023-2024,2023-10-21,Manchester City,Brighton,2,1,0.96,0.96,
Premier League,2023-2024,2023-10-21,Newcastle United,Crystal Palace,4,0,3.73,1.09,
Premier League,2023-2024,2023-10-21,Nottingham Forest,Luton,2,2,3.28,1.5,
Premier League,2023-2024,2023-10-21,Chelsea,Arsenal,2,2,1.72,1.06,
Premier League,2023-2024,2023-10-21,Sheffield United,Manchester United,1,2,1.41,1.46,
Premier League,2023-2024,2023-10-22,Aston Villa,West Ham,4,1,2.34,0.66,
Premier League,2023-2024,2023-10-23,Tottenham,Fulham,2,0,1.64,0.75,
Premier League,2023-2024,2023-10-27,Crystal Palace,Tottenham,1,2,0.56,0.99,
Premier League,2023-2024,2023-10-28,Chelsea,Brentford,0,2,1.72,2.48,
Premier League,2023-2024,2023-10-28,Bournemouth,Burnley,2,1,1.1,0.9,
Premier League,2023-2024,2023-10-28,Arsenal,Sheffield United,5,0,3.03,0.03,
Premier League,2023-2024,2023-10-28,Wolverhampton Wanderers,Newcastle United,2,2,0.86,2.32,
Premier League,2023-2024,2023-10-29,West Ham,Everton,0,1,0.62,0.73,
Premier League,2023-2024,2023-10-29,Aston Villa,Luton,3,1,3.08,0.45,
Premier League,2023-2024,2023-10-29,Brighton,Fulham,1,1,1.32,0.55,
Premier League,2023-2024,2023-10-29,Liverpool,Nottingham Forest,3,0,2.7,0.64,
Premier League,2023-2024,2023-10-29,Manchester United,Manchester City,0,3,0.71,4.55,
Premier League,2023-2024,2023-11-04,Fulham,Manchester United,0,1,1.18,0.7,
Premier League,2023-2024,2023-11-04,Brentford,West Ham,3,2,1.83,1.76,
Premier League,2023-2024,2023-11-04,Burnley,Crystal Palace,0,2,1.5,1.44,
Premier League,2023-2024,2023-11-04,Everton,Brighton,1,1,0.62,0.44,
Premier League,2023-2024,2023-11-04,Manchester City,Bournemouth,6,1,2.4,0.64,
Premier League,2023-2024,2023-11-04,Sheffield United,Wolverhampton Wanderers,2,1,1.1,1.15,
Premier League,2023-2024,2023-11-04,Newcastle United,Arsenal,1,0,1.12,0.54,
Premier League,2023-2024,2023-11-05,Nottingham Forest,Aston Villa,2,0,0.59,1.33,
Premier League,2023-2024,2023-11-05,Luton,Liverpool,1,1,1.34,3.04,
Premier League,2023-2024,2023-11-06,Tottenham,Chelsea,1,4,0.96,4.06,
Premier League,2023-2024,2023-11-11,Wolverhampton Wanderers,Tottenham,2,1,1.91,0.43,
Premier League,2023-2024,2023-11-11,Arsenal,Burnley,3,1,2.63,0.33,
Premier League,2023-2024,2023-11-11,Crystal Palace,Everton,2,3,1.89,1.79,
Premier League,2023-2024,2023-11-11,Manchester United,Luton,1,0,2.74,0.41,
Premier League,2023-2024,2023-11-11,Bournemouth,Newcastle United,2,0,2.78,0.31,
Premier League,2023-2024,2023-11-12,Aston Villa,Fulham,3,1,2.86,0.65,
Premier League,2023-2024,2023-11-12,Brighton,Sheffield United,1,1,1.09,0.84,
Premier League,2023-2024,2023-11-12,Liverpool,Brentford,3,0,1.56,1.45,
Premier League,2023-2024,2023-11-12,West Ham,Nottingham Forest,3,2,2.06,1.42,
Premier League,2023-2024,2023-11-12,Chelsea,Manchester City,4,4,3.47,3.19,
Premier League,2023-2024,2023-11-25,Manchester City,Liverpool,1,1,1.8,0.77,
Premier League,2023-2024,2023-11-25,Burnley,West Ham,1,2,1.44,1.37,
Premier League,2023-2024,2023-11-25,Luton,Crystal Palace,2,1,1.0,1.84,
Premier League,2023-2024,2023-11-25,Newcastle United,Chelsea,4,1,2.15,0.97,
Premier League,2023-2024,2023-11-25,Nottingham Forest,Brighton,2,3,2.23,1.22,
Premier League,2023-2024,2023-11-25,Sheffield United,Bournemouth,1,3,0.82,3.14,
Premier League,2023-2024,2023-11-25,Brentford,Arsenal,0,1,1.66,1.83,
Premier League,2023-2024,2023-11-26,Tottenham,Aston Villa,1,2,2.23,2.4,
Premier League,2023-2024,2023-11-26,Everton,Manchester United,0,3,2.5,2.07,
Premier League,2023-2024,2023-11-27,Fulham,Wolverhampton Wanderers,3,2,2.49,1.58,
Premier League,2023-2024,2023-12-02,Arsenal,Wolverhampton Wanderers,2,1,3.3,1.08,
Premier League,2023-2024,2023-12-02,Brentford,Luton,3,1,3.26,0.23,
Premier League,2023-2024,2023-12-02,Burnley,Sheffield United,5,0,2.6,0.62,
Premier League,2023-2024,2023-12-02,Nottingham Forest,Everton,0,1,0.67,0.62,
Premier League,2023-2024,2023-12-02,Newcastle United,Manchester United,1,0,2.9,0.42,
Premier League,2023-2024,2023-12-03,Bournemouth,Aston Villa,2,2,2.55,0.9,
Premier League,2023-2024,2023-12-03,Chelsea,Brighton,3,2,1.66,0.86,
Premier League,2023-2024,2023-12-03,Liverpool,Fulham,4,3,2.73,1.51,
Premier League,2023-2024,2023-12-03,West Ham,Crystal Palace,1,1,1.15,0.99,
Premier League,2023-2024,2023-12-03,Manchester City,Tottenham,3,3,2.91,0.43,
Premier League,2023-2024,2023-12-05,Wolverhampton Wanderers,Burnley,1,0,1.12,0.78,
Premier League,2023-2024,2023-12-05,Luton,Arsenal,3,4,0.53,2.59,
Premier League,2023-2024,2023-12-06,Brighton,Brentford,2,1,1.54,1.22,
Premier League,2023-2024,2023-12-06,Fulham,Nottingham Forest,5,0,3.09,0.22,
Premier League,2023-2024,2023-12-06,Sheffield United,Liverpool,0,2,0.83,1.8,
Premier League,2023-2024,2023-12-06,Crystal Palace,Bournemouth,0,2,1.26,1.8,
Premier League,2023-2024,2023-12-06,Aston Villa,Manchester City,1,0,2.19,1.0,
Premier League,2023-2024,2023-12-06,Manchester United,Chelsea,2,1,4.04,2.35,
Premier League,2023-2024,2023-12-07,Everton,Newcastle United,3,0,2.95,1.3,
Premier League,2023-2024,2023-12-07,Tottenham,West Ham,1,2,1.61,1.74,
Premier League,2023-2024,2023-12-09,Crystal Palace,Liverpool,1,2,1.79,1.37,
Premier League,2023-2024,2023-12-09,Brighton,Burnley,1,1,2.96,1.05,
Premier League,2023-2024,2023-12-09,Manchester United,Bournemouth,0,3,1.11,1.97,
Premier League,2023-2024,2023-12-09,Sheffield United,Brentford,1,0,0.84,0.64,
Premier League,2023-2024,2023-12-09,Wolverhampton Wanderers,Nottingham Forest,1,1,1.02,1.22,
Premier League,2023-2024,2023-12-09,Aston Villa,Arsenal,1,0,0.63,1.72,
Premier League,2023-2024,2023-12-10,Everton,Chelsea,2,0,1.11,0.89,
Premier League,2023-2024,2023-12-10,Fulham,West Ham,5,0,2.19,0.98,
Premier League,2023-2024,2023-12-10,Luton,Manchester City,1,2,0.69,2.23,
Premier League,2023-2024,2023-12-10,Tottenham,Newcastle United,4,1,4.4,1.61,
Premier League,2023-2024,2023-12-15,Nottingham Forest,Tottenham,0,2,1.71,1.61,
Premier League,2023-2024,2023-12-16,Chelsea,Sheffield United,2,0,3.27,0.44,
Premier League,2023-2024,2023-12-16,Manchester City,Crystal Palace,2,2,2.42,1.65,
Premier League,2023-2024,2023-12-16,Newcastle United,Fulham,3,0,4.28,0.47,
Premier League,2023-2024,2023-12-16,Burnley,Everton,0,2,0.81,2.22,
Premier League,2023-2024,2023-12-17,Arsenal,Brighton,2,0,2.77,0.66,
Premier League,2023-2024,2023-12-17,Brentford,Aston Villa,1,2,0.8,1.47,
Premier League,2023-2024,2023-12-17,West Ham,Wolverhampton Wanderers,3,0,1.04,0.56,
Premier League,2023-2024,2023-12-17,Liverpool,Manchester United,0,0,1.97,0.63,
Premier League,2023-2024,2023-12-21,Crystal Palace,Brighton,1,1,1.65,1.34,
Premier League,2023-2024,2023-12-22,Aston Villa,Sheffield United,1,1,1.22,0.65,
Premier League,2023-2024,2023-12-23,West Ham,Manchester United,2,0,1.51,0.73,
Premier League,2023-2024,2023-12-23,Fulham,Burnley,0,2,1.38,0.42,
Premier League,2023-2024,2023-12-23,Luton,Newcastle United,1,0,1.82,1.41,
Premier League,2023-2024,2023-12-23,Nottingham Forest,Bournemouth,2,3,0.79,1.89,
Premier League,2023-2024,2023-12-23,Tottenham,Everton,2,1,1.58,1.98,
Premier League,2023-2024,2023-12-23,Liverpool,Arsenal,1,1,0.98,0.85,
Premier League,2023-2024,2023-12-24,Wolverhampton Wanderers,Chelsea,2,1,1.75,1.75,
Premier League,2023-2024,2023-12-26,Newcastle United,Nottingham Forest,1,3,2.79,3.11,
Premier League,2023-2024,2023-12-26,Bournemouth,Fulham,3,0,2.08,0.32,
Premier League,2023-2024,2023-12-26,Sheffield United,Luton,2,3,3.62,0.72,
Premier League,2023-2024,2023-12-26,Burnley,Liverpool,0,2,0.97,1.68,
Premier League,2023-2024,2023-12-26,Manchester United,Aston Villa,3,2,1.2,1.84,
Premier League,2023-2024,2023-12-27,Brentford,Wolverhampton Wanderers,1,4,2.59,1.89,
Premier League,2023-2024,2023-12-27,Chelsea,Crystal Palace,2,1,2.73,0.96,
Premier League,2023-2024,2023-12-27,Everton,Manchester City,1,3,1.24,2.28,
Premier League,2023-2024,2023-12-28,Brighton,Tottenham,4,2,3.85,2.07,
Premier League,2023-2024,2023-12-28,Arsenal,West Ham,0,2,2.79,1.6,
Premier League,2023-2024,2023-12-30,Luton,Chelsea,2,3,2.64,1.57,
Premier League,2023-2024,2023-12-30,Aston Villa,Burnley,3,2,2.93,1.12,
Premier League,2023-2024,2023-12-30,Crystal Palace,Brentford,3,1,1.61,1.29,
Premier League,2023-2024,2023-12-30,Manchester City,Sheffield United,2,0,2.24,0.26,
Premier League,2023-2024,2023-12-30,Wolverhampton Wanderers,Everton,3,0,2.64,0.52,
Premier League,2023-2024,2023-12-30,Nottingham Forest,Manchester United,2,1,0.74,0.65,
Premier League,2023-2024,2023-12-31,Fulham,Arsenal,2,1,1.53,1.66,
Premier League,2023-2024,2023-12-31,Tottenham,Bournemouth,3,1,2.15,1.58,
Premier League,2023-2024,2024-01-01,Liverpool,Newcastle United,4,2,6.67,0.91,
Premier League,2023-2024,2024-01-02,West Ham,Brighton,0,0,0.98,2.16,
Premier League,2023-2024,2024-01-12,Burnley,Luton,1,1,1.52,0.97,
Premier League,2023-2024,2024-01-13,Chelsea,Fulham,1,0,2.05,0.7,
Premier League,2023-2024,2024-01-13,Newcastle United,Manchester City,2,3,1.24,2.55,
Premier League,2023-2024,2024-01-14,Everton,Aston Villa,0,0,1.04,1.34,
Premier League,2023-2024,2024-01-14,Manchester United,Tottenham,2,2,0.92,1.31,
Premier League,2023-2024,2024-01-20,Arsenal,Crystal Palace,5,0,3.52,0.29,
Premier League,2023-2024,2024-01-20,Brentford,Nottingham Forest,3,2,1.94,1.22,
Premier League,2023-2024,2024-01-21,Sheffield United,West Ham,2,2,2.61,2.42,
Premier League,2023-2024,2024-01-21,Bournemouth,Liverpool,0,4,0.83,1.53,
Premier League,2023-2024,2024-01-22,Brighton,Wolverhampton Wanderers,0,0,1.37,1.14,
Premier League,2023-2024,2024-01-30,Nottingham Forest,Arsenal,1,2,0.63,1.39,
Premier League,2023-2024,2024-01-30,Fulham,Everton,0,0,2.37,2.83,
Premier League,2023-2024,2024-01-30,Luton,Brighton,4,0,3.63,1.01,
Premier League,2023-2024,2024-01-30,Crystal Palace,Sheffield United,3,2,1.16,0.77,
Premier League,2023-2024,2024-01-30,Aston Villa,Newcastle United,1,3,1.44,3.32,
Premier League,2023-2024,2024-01-31,Tottenham,Brentford,3,2,3.36,1.6,
Premier League,2023-2024,2024-01-31,Manchester City,Burnley,3,1,1.85,1.49,
Premier League,2023-2024,2024-01-31,Liverpool,Chelsea,4,1,3.66,0.48,
Premier League,2023-2024,2024-02-01,West Ham,Bournemouth,1,1,1.31,1.13,
Premier League,2023-2024,2024-02-01,Wolverhampton Wanderers,Manchester United,3,4,2.28,3.23,
Premier League,2023-2024,2024-02-03,Everton,Tottenham,2,2,3.26,0.92,
Premier League,2023-2024,2024-02-03,Brighton,Crystal Palace,4,1,1.93,0.24,
Premier League,2023-2024,2024-02-03,Burnley,Fulham,2,2,1.0,1.29,
Premier League,2023-2024,2024-02-03,Newcastle United,Luton,4,4,2.37,2.67,
Premier League,2023-2024,2024-02-03,Sheffield United,Aston Villa,0,5,1.53,2.99,
Premier League,2023-2024,2024-02-04,Bournemouth,Nottingham Forest,1,1,1.19,0.46,
Premier League,2023-2024,2024-02-04,Chelsea,Wolverhampton Wanderers,2,4,2.36,2.49,
Premier League,2023-2024,2024-02-04,Manchester United,West Ham,3,0,0.97,1.18,
Premier League,2023-2024,2024-02-04,Arsenal,Liverpool,3,1,2.85,0.54,
Premier League,2023-2024,2024-02-05,Brentford,Manchester City,1,3,0.87,2.11,
Premier League,2023-2024,2024-02-10,Manchester City,Everton,2,0,1.59,0.19,
Premier League,2023-2024,2024-02-10,Fulham,Bournemouth,3,1,1.75,2.61,
Premier League,2023-2024,2024-02-10,Liverpool,Burnley,3,1,3.15,1.11,
Premier League,2023-2024,2024-02-10,Luton,Sheffield United,1,3,1.76,1.98,
Premier League,2023-2024,2024-02-10,Tottenham,Brighton,2,1,2.11,1.49,
Premier League,2023-2024,2024-02-10,Wolverhampton Wanderers,Brentford,0,2,1.06,1.85,
Premier League,2023-2024,2024-02-10,Nottingham Forest,Newcastle United,2,3,0.97,0.51,
Premier League,2023-2024,2024-02-11,West Ham,Arsenal,0,6,0.19,4.0,
Premier League,2023-2024,2024-02-11,Aston Villa,Manchester United,1,2,2.65,2.45,
Premier League,2023-2024,2024-02-12,Crystal Palace,Chelsea,1,3,0.72,1.27,
Premier League,2023-2024,2024-02-17,Brentford,Liverpool,1,4,1.7,3.09,
Premier League,2023-2024,2024-02-17,Burnley,Arsenal,0,5,0.34,2.21,
Premier League,2023-2024,2024-02-17,Fulham,Aston Villa,1,2,1.42,1.57,
Premier League,2023-2024,2024-02-17,Newcastle United,Bournemouth,2,2,2.38,2.08,
Premier League,2023-2024,2024-02-17,Nottingham Forest,West Ham,2,0,2.67,0.52,
Premier League,2023-2024,2024-02-17,Tottenham,Wolverhampton Wanderers,1,2,1.6,1.78,
Premier League,2023-2024,2024-02-17,Manchester City,Chelsea,1,1,2.78,1.83,
Premier League,2023-2024,2024-02-18,Sheffield United,Brighton,0,5,0.59,3.36,
Premier League,2023-2024,2024-02-18,Luton,Manchester United,1,2,1.57,3.59,
Premier League,2023-2024,2024-02-19,Everton,Crystal Palace,1,1,2.45,0.73,
Premier League,2023-2024,2024-02-20,Manchester City,Brentford,1,0,2.54,0.5,
Premier League,2023-2024,2024-02-21,Liverpool,Luton,4,1,3.7,0.96,
Premier League,2023-2024,2024-02-24,Aston Villa,Nottingham Forest,4,2,3.49,2.26,
Premier League,2023-2024,2024-02-24,Brighton,Everton,1,1,1.65,0.29,
Premier League,2023-2024,2024-02-24,Crystal Palace,Burnley,3,0,2.42,0.08,
Premier League,2023-2024,2024-02-24,Manchester United,Fulham,1,2,1.96,1.14,
Premier League,2023-2024,2024-02-24,Bournemouth,Manchester City,0,1,0.93,1.8,
Premier League,2023-2024,2024-02-24,Arsenal,Newcastle United,4,1,2.59,0.22,
Premier League,2023-2024,2024-02-25,Wolverhampton Wanderers,Sheffield United,1,0,1.22,0.65,
Premier League,2023-2024,2024-02-26,West Ham,Brentford,4,2,2.07,1.34,
Premier League,2023-2024,2024-03-02,Brentford,Chelsea,2,2,2.47,2.15,
Premier League,2023-2024,2024-03-02,Everton,West Ham,1,3,3.12,2.18,
Premier League,2023-2024,2024-03-02,Fulham,Brighton,3,0,1.38,1.15,
Premier League,2023-2024,2024-03-02,Newcastle United,Wolverhampton Wanderers,3,0,3.33,0.51,
Premier League,2023-2024,2024-03-02,Nottingham Forest,Liverpool,0,1,0.97,1.32,
Premier League,2023-2024,2024-03-02,Tottenham,Crystal Palace,3,1,2.66,0.28,
Premier League,2023-2024,2024-03-02,Luton,Aston Villa,2,3,2.43,2.09,
Premier League,2023-2024,2024-03-03,Burnley,Bournemouth,0,2,1.6,1.44,
Premier League,2023-2024,2024-03-03,Manchester City,Manchester United,3,1,2.64,0.15,
Premier League,2023-2024,2024-03-04,Sheffield United,Arsenal,0,6,0.2,2.47,
Premier League,2023-2024,2024-03-09,Manchester United,Everton,2,0,2.9,1.82,
Premier League,2023-2024,2024-03-09,Bournemouth,Sheffield United,2,2,3.93,1.92,
Premier League,2023-2024,2024-03-09,Crystal Palace,Luton,1,1,3.25,1.09,
Premier League,2023-2024,2024-03-09,Wolverhampton Wanderers,Fulham,2,1,1.3,2.94,
Premier League,2023-2024,2024-03-09,Arsenal,Brentford,2,1,1.59,0.73,
Premier League,2023-2024,2024-03-10,Aston Villa,Tottenham,0,4,1.23,2.25,
Premier League,2023-2024,2024-03-10,Brighton,Nottingham Forest,1,0,0.53,0.69,
Premier League,2023-2024,2024-03-10,West Ham,Burnley,2,2,1.87,0.88,
Premier League,2023-2024,2024-03-10,Liverpool,Manchester City,1,1,2.25,1.37,
Premier League,2023-2024,2024-03-11,Chelsea,Newcastle United,3,2,1.78,0.57,
Premier League,2023-2024,2024-03-13,Bournemouth,Luton,4,3,2.84,2.79,
Premier League,2023-2024,2024-03-16,Burnley,Brentford,2,1,2.7,1.25,
Premier League,2023-2024,2024-03-16,Luton,Nottingham Forest,1,1,0.85,1.95,
Premier League,2023-2024,2024-03-16,Fulham,Tottenham,3,0,2.47,2.15,
Premier League,2023-2024,2024-03-17,West Ham,Aston Villa,1,1,1.33,0.91,
Premier League,2023-2024,2024-03-30,Newcastle United,West Ham,4,3,3.81,0.99,
Premier League,2023-2024,2024-03-30,Bournemouth,Everton,2,1,1.39,0.93,
Premier League,2023-2024,2024-03-30,Chelsea,Burnley,2,2,4.47,2.1,
Premier League,2023-2024,2024-03-30,Nottingham Forest,Crystal Palace,1,1,0.78,0.9,
Premier League,2023-2024,2024-03-30,Sheffield United,Fulham,3,3,1.79,1.1,
Premier League,2023-2024,2024-03-30,Tottenham,Luton,2,1,2.47,0.4,
Premier League,2023-2024,2024-03-30,Aston Villa,Wolverhampton Wanderers,2,0,1.28,1.66,
Premier League,2023-2024,2024-03-30,Brentford,Manchester United,1,1,3.16,0.99,
Premier League,2023-2024,2024-03-31,Liverpool,Brighton,2,1,3.21,0.44,
Premier League,2023-2024,2024-03-31,Manchester City,Arsenal,0,0,1.22,0.51,
Premier League,2023-2024,2024-04-02,Nottingham Forest,Fulham,3,1,1.95,1.04,
Premier League,2023-2024,2024-04-02,Newcastle United,Everton,1,1,2.65,1.7,
Premier League,2023-2024,2024-04-02,Bournemouth,Crystal Palace,1,0,1.31,0.17,
Premier League,2023-2024,2024-04-02,Burnley,Wolverhampton Wanderers,1,1,1.13,1.01,
Premier League,2023-2024,2024-04-02,West Ham,Tottenham,1,1,1.47,1.39,
Premier League,2023-2024,2024-04-03,Arsenal,Luton,2,0,1.14,0.29,
Premier League,2023-2024,2024-04-03,Brentford,Brighton,0,0,0.42,1.22,
Premier League,2023-2024,2024-04-03,Manchester City,Aston Villa,4,1,3.88,1.19,
Premier League,2023-2024,2024-04-04,Liverpool,Sheffield United,3,1,2.52,0.72,
Premier League,2023-2024,2024-04-04,Chelsea,Manchester United,4,3,3.48,1.57,
Premier League,2023-2024,2024-04-06,Crystal Palace,Manchester City,2,4,1.49,2.26,
Premier League,2023-2024,2024-04-06,Aston Villa,Brentford,3,3,1.16,1.42,
Premier League,2023-2024,2024-04-06,Everton,Burnley,1,0,0.66,0.35,
Premier League,2023-2024,2024-04-06,Fulham,Newcastle United,0,1,0.83,1.18,
Premier League,2023-2024,2024-04-06,Luton,Bournemouth,2,1,1.3,0.62,
Premier League,2023-2024,2024-04-06,Wolverhampton Wanderers,West Ham,1,2,1.78,1.14,
Premier League,2023-2024,2024-04-06,Brighton,Arsenal,0,3,0.43,4.17,
Premier League,2023-2024,2024-04-07,Manchester United,Liverpool,2,2,0.81,4.43,
Premier League,2023-2024,2024-04-07,Sheffield United,Chelsea,2,2,1.74,0.52,
Premier League,2023-2024,2024-04-07,Tottenham,Nottingham Forest,3,1,1.62,2.0,
Premier League,2023-2024,2024-04-13,Newcastle United,Tottenham,4,0,3.15,0.74,
Premier League,2023-2024,2024-04-13,Brentford,Sheffield United,2,0,1.09,0.83,
Premier League,2023-2024,2024-04-13,Burnley,Brighton,1,1,1.85,0.89,
Premier League,2023-2024,2024-04-13,Manchester City,Luton,5,1,4.64,0.81,
Premier League,2023-2024,2024-04-13,Nottingham Forest,Wolverhampton Wanderers,2,2,1.76,1.46,
Premier League,2023-2024,2024-04-13,Bournemouth,Manchester United,2,2,2.39,1.52,
Premier League,2023-2024,2024-04-14,Liverpool,Crystal Palace,0,1,3.04,2.13,
Premier League,2023-2024,2024-04-14,West Ham,Fulham,0,2,1.45,3.61,
Premier League,2023-2024,2024-04-14,Arsenal,Aston Villa,0,2,1.89,0.93,
Premier League,2023-2024,2024-04-15,Chelsea,Everton,6,0,3.37,1.22,
Premier League,2023-2024,2024-04-20,Luton,Brentford,1,5,0.5,3.78,
Premier League,2023-2024,2024-04-20,Sheffield United,Burnley,1,4,1.98,2.42,
Premier League,2023-2024,2024-04-20,Wolverhampton Wanderers,Arsenal,0,2,0.16,1.66,
Premier League,2023-2024,2024-04-21,Everton,Nottingham Forest,2,0,0.47,1.19,
Premier League,2023-2024,2024-04-21,Aston Villa,Bournemouth,3,1,2.63,2.05,
Premier League,2023-2024,2024-04-21,Crystal Palace,West Ham,5,2,3.72,1.35,
Premier League,2023-2024,2024-04-21,Fulham,Liverpool,1,3,0.84,1.02,
Premier League,2023-2024,2024-04-23,Arsenal,Chelsea,5,0,3.46,1.6,
Premier League,2023-2024,2024-04-24,Wolverhampton Wanderers,Bournemouth,0,1,0.48,2.4,
Premier League,2023-2024,2024-04-24,Crystal Palace,Newcastle United,2,0,1.44,0.55,
Premier League,2023-2024,2024-04-24,Everton,Liverpool,2,0,1.89,1.87,
Premier League,2023-2024,2024-04-24,Manchester United,Sheffield United,4,2,3.51,1.21,
Premier League,2023-2024,2024-04-25,Brighton,Manchester City,0,4,0.57,1.91,
Premier League,2023-2024,2024-04-27,West Ham,Liverpool,2,2,0.79,2.29,
Premier League,2023-2024,2024-04-27,Fulham,Crystal Palace,1,1,1.39,1.05,
Premier League,2023-2024,2024-04-27,Manchester United,Burnley,1,1,3.06,1.9,
Premier League,2023-2024,2024-04-27,Newcastle United,Sheffield United,5,1,2.93,1.82,
Premier League,2023-2024,2024-04-27,Wolverhampton Wanderers,Luton,2,1,1.49,0.9,
Premier League,2023-2024,2024-04-27,Everton,Brentford,1,0,1.21,0.96,
Premier League,2023-2024,2024-04-27,Aston Villa,Chelsea,2,2,0.61,1.56,
Premier League,2023-2024,2024-04-28,Bournemouth,Brighton,3,0,2.48,1.36,
Premier League,2023-2024,2024-04-28,Tottenham,Arsenal,2,3,2.6,1.51,
Premier League,2023-2024,2024-04-28,Nottingham Forest,Manchester City,0,2,2.17,0.93,
Premier League,2023-2024,2024-05-02,Chelsea,Tottenham,2,0,2.22,1.27,
Premier League,2023-2024,2024-05-03,Luton,Everton,1,1,0.95,1.23,
Premier League,2023-2024,2024-05-04,Arsenal,Bournemouth,3,0,3.91,0.47,
Premier League,2023-2024,2024-05-04,Brentford,Fulham,0,0,0.81,1.46,
Premier League,2023-2024,2024-05-04,Burnley,Newcastle United,1,4,1.29,4.26,
Premier League,2023-2024,2024-05-04,Sheffield United,Nottingham Forest,1,3,2.49,1.94,
Premier League,2023-2024,2024-05-04,Manchester City,Wolverhampton Wanderers,5,1,4.53,0.4,
Premier League,2023-2024,2024-05-05,Brighton,Aston Villa,1,0,2.64,0.06,
Premier League,2023-2024,2024-05-05,Chelsea,West Ham,5,0,4.22,0.89,
Premier League,2023-2024,2024-05-05,Liverpool,Tottenham,4,2,3.26,1.17,
Premier League,2023-2024,2024-05-06,Crystal Palace,Manchester United,4,0,2.07,0.34,
Premier League,2023-2024,2024-05-11,Fulham,Manchester City,0,4,0.09,3.15,
Premier League,2023-2024,2024-05-11,Bournemouth,Brentford,1,2,1.07,1.93,
Premier League,2023-2024,2024-05-11,Everton,Sheffield United,1,0,1.82,0.47,
Premier League,2023-2024,2024-05-11,Newcastle United,Brighton,1,1,2.45,1.92,
Premier League,2023-2024,2024-05-11,Tottenham,Burnley,2,1,3.0,0.95,
Premier League,2023-2024,2024-05-11,West Ham,Luton,3,1,3.71,0.64,
Premier League,2023-2024,2024-05-11,Wolverhampton Wanderers,Crystal Palace,1,3,1.16,2.51,
Premier League,2023-2024,2024-05-11,Nottingham Forest,Chelsea,2,3,2.45,2.41,
Premier League,2023-2024,2024-05-12,Manchester United,Arsenal,0,1,0.55,1.73,
Premier League,2023-2024,2024-05-13,Aston Villa,Liverpool,3,3,2.72,1.9,
Premier League,2023-2024,2024-05-14,Tottenham,Manchester City,0,2,1.84,2.7,
Premier League,2023-2024,2024-05-15,Brighton,Chelsea,1,2,1.32,1.54,
Premier League,2023-2024,2024-05-15,Manchester United,Newcastle United,3,2,1.5,2.28,
Premier League,2023-2024,2024-05-19,Arsenal,Everton,2,1,3.21,0.66,
Premier League,2023-2024,2024-05-19,Brentford,Newcastle United,2,4,1.7,3.65,
Premier League,2023-2024,2024-05-19,Brighton,Manchester United,0,2,1.97,1.0,
Premier League,2023-2024,2024-05-19,Burnley,Nottingham Forest,1,2,1.08,1.58,
Premier League,2023-2024,2024-05-19,Chelsea,Bournemouth,2,1,1.6,2.0,
Premier League,2023-2024,2024-05-19,Crystal Palace,Aston Villa,5,0,2.23,0.6,
Premier League,2023-2024,2024-05-19,Liverpool,Wolverhampton Wanderers,2,0,5.66,0.73,
Premier League,2023-2024,2024-05-19,Luton,Fulham,2,4,2.07,1.12,
Premier League,2023-2024,2024-05-19,Manchester City,West Ham,3,1,2.32,0.24,
Premier League,2023-2024,2024-05-19,Sheffield United,Tottenham,0,3,0.7,3.2,
Premier League,2024-2025,2024-08-16,Manchester United,Fulham,1,0,2.04,0.42,
Premier League,2024-2025,2024-08-17,Ipswich,Liverpool,0,2,0.34,3.93,
Premier League,2024-2025,2024-08-17,Arsenal,Wolverhampton Wanderers,2,0,1.63,0.58,
Premier League,2024-2025,2024-08-17,Everton,Brighton,0,3,0.41,1.79,
Premier League,2024-2025,2024-08-17,Newcastle United,Southampton,1,0,0.43,1.95,
Premier League,2024-2025,2024-08-17,Nottingham Forest,Bournemouth,1,1,1.24,1.91,
Premier League,2024-2025,2024-08-17,West Ham,Aston Villa,1,2,2.8,2.67,
Premier League,2024-2025,2024-08-18,Brentford,Crystal Palace,2,1,1.38,1.15,
Premier League,2024-2025,2024-08-18,Chelsea,Manchester City,0,2,1.06,1.18,
Premier League,2024-2025,2024-08-19,Leicester,Tottenham,1,1,1.03,1.41,
Premier League,2024-2025,2024-08-24,Brighton,Manchester United,2,1,2.14,1.29,
Premier League,2024-2025,2024-08-24,Crystal Palace,West Ham,0,2,1.38,1.53,
Premier League,2024-2025,2024-08-24,Fulham,Leicester,2,1,1.96,0.86,
Premier League,2024-2025,2024-08-24,Manchester City,Ipswich,4,1,3.08,0.48,
Premier League,2024-2025,2024-08-24,Southampton,Nottingham Forest,0,1,0.21,2.86,
Premier League,2024-2025,2024-08-24,Tottenham,Everton,4,0,2.61,0.65,
Premier League,2024-2025,2024-08-24,Aston Villa,Arsenal,0,2,1.32,1.41,
Premier League,2024-2025,2024-08-25,Wolverhampton Wanderers,Chelsea,2,6,2.42,2.03,
Premier League,2024-2025,2024-08-25,Bournemouth,Newcastle United,1,1,2.54,1.89,
Premier League,2024-2025,2024-08-25,Liverpool,Brentford,2,0,2.72,0.46,
Premier League,2024-2025,2024-08-31,Arsenal,Brighton,1,1,2.42,1.82,
Premier League,2024-2025,2024-08-31,Brentford,Southampton,3,1,3.86,1.65,
Premier League,2024-2025,2024-08-31,Everton,Bournemouth,2,3,2.56,2.96,
Premier League,2024-2025,2024-08-31,Ipswich,Fulham,1,1,0.71,1.19,
Premier League,2024-2025,2024-08-31,Leicester,Aston Villa,1,2,0.77,2.16,
Premier League,2024-2025,2024-08-31,Nottingham Forest,Wolverhampton Wanderers,1,1,1.41,0.94,
Premier League,2024-2025,2024-08-31,West Ham,Manchester City,1,3,0.95,3.19,
Premier League,2024-2025,2024-09-01,Newcastle United,Tottenham,2,1,1.59,1.63,
Premier League,2024-2025,2024-09-01,Chelsea,Crystal Palace,1,1,2.98,0.46,
Premier League,2024-2025,2024-09-01,Manchester United,Liverpool,0,3,1.5,2.1,
Premier League,2024-2025,2024-09-14,Southampton,Manchester United,0,3,1.36,3.03,
Premier League,2024-2025,2024-09-14,Brighton,Ipswich,0,0,1.76,0.72,
Premier League,2024-2025,2024-09-14,Fulham,West Ham,1,1,2.89,0.68,
Premier League,2024-2025,2024-09-14,Liverpool,Nottingham Forest,0,1,1.17,0.59,
Premier League,2024-2025,2024-09-14,Crystal Palace,Leicester,2,2,2.89,1.65,
Premier League,2024-2025,2024-09-14,Manchester City,Brentford,2,1,1.55,1.05,
Premier League,2024-2025,2024-09-14,Aston Villa,Everton,3,2,3.16,0.85,
Premier League,2024-2025,2024-09-14,Bournemouth,Chelsea,0,1,1.54,0.93,
Premier League,2024-2025,2024-09-15,Tottenham,Arsenal,0,1,0.79,1.12,
Premier League,2024-2025,2024-09-15,Wolverhampton Wanderers,Newcastle United,1,2,1.47,1.48,
Premier League,2024-2025,2024-09-21,West Ham,Chelsea,0,3,0.76,2.4,
Premier League,2024-2025,2024-09-21,Southampton,Ipswich,1,1,2.9,1.65,
Premier League,2024-2025,2024-09-21,Leicester,Everton,1,1,1.34,1.82,
Premier League,2024-2025,2024-09-21,Liverpool,Bournemouth,3,0,2.44,1.47,
Premier League,2024-2025,2024-09-21,Fulham,Newcastle United,3,1,3.21,1.1,
Premier League,2024-2025,2024-09-21,Aston Villa,Wolverhampton Wanderers,3,1,2.37,0.52,
Premier League,2024-2025,2024-09-21,Tottenham,Brentford,3,1,3.89,0.89,
Premier League,2024-2025,2024-09-21,Crystal Palace,Manchester United,0,0,1.67,2.35,
Premier League,2024-2025,2024-09-22,Brighton,Nottingham Forest,2,2,1.57,1.37,
Premier League,2024-2025,2024-09-22,Manchester City,Arsenal,2,2,2.76,1.28,
Premier League,2024-2025,2024-09-28,Newcastle United,Manchester City,1,1,1.34,1.27,
Premier League,2024-2025,2024-09-28,Nottingham Forest,Fulham,0,1,0.61,1.44,
Premier League,2024-2025,2024-09-28,Everton,Crystal Palace,2,1,1.11,1.12,
Premier League,2024-2025,2024-09-28,Arsenal,Leicester,4,2,6.05,0.34,
Premier League,2024-2025,2024-09-28,Brentford,West Ham,1,1,0.37,0.88,
Premier League,2024-2025,2024-09-28,Chelsea,Brighton,4,2,3.66,1.21,
Premier League,2024-2025,2024-09-28,Wolverhampton Wanderers,Liverpool,1,2,0.75,2.12,
Premier League,2024-2025,2024-09-29,Ipswich,Aston Villa,2,2,1.85,1.14,
Premier League,2024-2025,2024-09-29,Manchester United,Tottenham,0,3,0.6,5.41,
Premier League,2024-2025,2024-09-30,Bournemouth,Southampton,3,1,1.44,0.7,
Premier League,2024-2025,2024-10-05,Crystal Palace,Liverpool,0,1,0.61,2.07,
Premier League,2024-2025,2024-10-05,Leicester,Bournemouth,1,0,0.91,1.95,
Premier League,2024-2025,2024-10-05,Manchester City,Fulham,3,2,1.37,2.76,
Premier League,2024-2025,2024-10-05,West Ham,Ipswich,4,1,4.39,1.18,
Premier League,2024-2025,2024-10-05,Arsenal,Southampton,3,1,3.25,1.27,
Premier League,2024-2025,2024-10-05,Brentford,Wolverhampton Wanderers,5,3,4.14,0.7,
Premier League,2024-2025,2024-10-05,Everton,Newcastle United,0,0,0.69,1.79,
Premier League,2024-2025,2024-10-06,Chelsea,Nottingham Forest,1,1,2.28,1.67,
Premier League,2024-2025,2024-10-06,Aston Villa,Manchester United,0,0,0.53,0.45,
Premier League,2024-2025,2024-10-06,Brighton,Tottenham,3,2,1.97,1.09,
Premier League,2024-2025,2024-10-19,Tottenham,West Ham,4,1,1.44,0.86,
Premier League,2024-2025,2024-10-19,Fulham,Aston Villa,1,3,2.63,1.44,
Premier League,2024-2025,2024-10-19,Ipswich,Everton,0,2,1.17,1.61,
Premier League,2024-2025,2024-10-19,Manchester United,Brentford,2,1,1.77,0.89,
Premier League,2024-2025,2024-10-19,Newcastle United,Brighton,0,1,1.94,1.68,
Premier League,2024-2025,2024-10-19,Southampton,Leicester,2,3,2.43,2.84,
Premier League,2024-2025,2024-10-19,Bournemouth,Arsenal,2,0,2.18,0.74,
Premier League,2024-2025,2024-10-20,Wolverhampton Wanderers,Manchester City,1,2,0.76,1.37,
Premier League,2024-2025,2024-10-20,Liverpool,Chelsea,2,1,2.23,1.34,
Premier League,2024-2025,2024-10-21,Nottingham Forest,Crystal Palace,1,0,1.89,0.84,
Premier League,2024-2025,2024-10-25,Leicester,Nottingham Forest,1,3,0.83,2.54,
Premier League,2024-2025,2024-10-26,Manchester City,Southampton,1,0,3.16,0.37,
Premier League,2024-2025,2024-10-26,Aston Villa,Bournemouth,1,1,1.97,0.33,
Premier League,2024-2025,2024-10-26,Brentford,Ipswich,4,3,4.1,1.66,
Premier League,2024-2025,2024-10-26,Brighton,Wolverhampton Wanderers,2,2,1.51,1.11,
Premier League,2024-2025,2024-10-26,Everton,Fulham,1,1,0.88,1.5,
Premier League,2024-2025,2024-10-27,Chelsea,Newcastle United,2,1,1.62,1.74,
Premier League,2024-2025,2024-10-27,Crystal Palace,Tottenham,1,0,0.98,1.02,
Premier League,2024-2025,2024-10-27,West Ham,Manchester United,2,1,2.99,2.63,
Premier League,2024-2025,2024-10-27,Arsenal,Liverpool,2,2,1.09,1.35,
Premier League,2024-2025,2024-11-02,Newcastle United,Arsenal,1,0,0.86,0.91,
Premier League,2024-2025,2024-11-02,Bournemouth,Manchester City,2,1,2.45,2.35,
Premier League,2024-2025,2024-11-02,Ipswich,Leicester,1,1,1.34,2.34,
Premier League,2024-2025,2024-11-02,Liverpool,Brighton,2,1,1.81,1.02,
Premier League,2024-2025,2024-11-02,Nottingham Forest,West Ham,3,0,2.35,0.13,
Premier League,2024-2025,2024-11-02,Southampton,Everton,1,0,0.54,1.79,
Premier League,2024-2025,2024-11-02,Wolverhampton Wanderers,Crystal Palace,2,2,1.65,2.65,
Premier League,2024-2025,2024-11-03,Tottenham,Aston Villa,4,1,2.1,2.49,
Premier League,2024-2025,2024-11-03,Manchester United,Chelsea,1,1,2.16,1.21,
Premier League,2024-2025,2024-11-04,Fulham,Brentford,2,1,1.43,0.74,
Premier League,2024-2025,2024-11-09,Brentford,Bournemouth,3,2,1.56,2.49,
Premier League,2024-2025,2024-11-09,Crystal Palace,Fulham,0,2,1.96,2.25,
Premier League,2024-2025,2024-11-09,West Ham,Everton,0,0,1.12,0.87,
Premier League,2024-2025,2024-11-09,Wolverhampton Wanderers,Southampton,2,0,0.91,0.79,
Premier League,2024-2025,2024-11-09,Brighton,Manchester City,2,1,2.87,2.6,
Premier League,2024-2025,2024-11-09,Liverpool,Aston Villa,2,0,2.68,1.66,
Premier League,2024-2025,2024-11-10,Nottingham Forest,Newcastle United,1,3,1.18,1.87,
Premier League,2024-2025,2024-11-10,Manchester United,Leicester,3,0,1.24,0.42,
Premier League,2024-2025,2024-11-10,Tottenham,Ipswich,1,2,1.75,2.18,
Premier League,2024-2025,2024-11-10,Chelsea,Arsenal,1,1,1.24,1.96,
Premier League,2024-2025,2024-11-23,Leicester,Chelsea,1,2,0.97,2.82,
Premier League,2024-2025,2024-11-23,Bournemouth,Brighton,1,2,1.91,1.23,
Premier League,2024-2025,2024-11-23,Arsenal,Nottingham Forest,3,0,1.66,0.4,
Premier League,2024-2025,2024-11-23,Everton,Brentford,0,0,1.6,1.34,
Premier League,2024-2025,2024-11-23,Aston Villa,Crystal Palace,2,2,3.04,1.61,
Premier League,2024-2025,2024-11-23,Fulham,Wolverhampton Wanderers,1,4,0.72,1.34,
Premier League,2024-2025,2024-11-23,Manchester City,Tottenham,0,4,2.16,3.3,
Premier League,2024-2025,2024-11-24,Southampton,Liverpool,2,3,1.54,3.19,
Premier League,2024-2025,2024-11-24,Ipswich,Manchester United,1,1,1.99,1.27,
Premier League,2024-2025,2024-11-25,Newcastle United,West Ham,0,2,1.5,0.94,
Premier League,2024-2025,2024-11-29,Brighton,Southampton,1,1,1.87,0.93,
Premier League,2024-2025,2024-11-30,Brentford,Leicester,4,1,2.22,0.91,
Premier League,2024-2025,2024-11-30,Crystal Palace,Newcastle United,1,1,2.3,0.02,
Premier League,2024-2025,2024-11-30,Nottingham Forest,Ipswich,1,0,1.77,0.46,
Premier League,2024-2025,2024-11-30,Wolverhampton Wanderers,Bournemouth,2,4,0.87,3.08,
Premier League,2024-2025,2024-11-30,West Ham,Arsenal,2,5,1.24,4.0,
Premier League,2024-2025,2024-12-01,Chelsea,Aston Villa,3,0,1.95,0.88,
Premier League,2024-2025,2024-12-01,Manchester United,Everton,4,0,1.76,0.77,
Premier League,2024-2025,2024-12-01,Tottenham,Fulham,1,1,1.01,1.57,
Premier League,2024-2025,2024-12-01,Liverpool,Manchester City,2,0,3.7,0.75,
Premier League,2024-2025,2024-12-03,Ipswich,Crystal Palace,0,1,0.47,1.65,
Premier League,2024-2025,2024-12-03,Leicester,West Ham,3,1,2.78,2.88,
Premier League,2024-2025,2024-12-04,Everton,Wolverhampton Wanderers,4,0,1.5,0.85,
Premier League,2024-2025,2024-12-04,Manchester City,Nottingham Forest,3,0,3.2,0.8,
Premier League,2024-2025,2024-12-04,Newcastle United,Liverpool,3,3,1.52,2.23,
Premier League,2024-2025,2024-12-04,Southampton,Chelsea,1,5,1.91,5.83,
Premier League,2024-2025,2024-12-04,Arsenal,Manchester United,2,0,2.97,0.26,
Premier League,2024-2025,2024-12-04,Aston Villa,Brentford,3,1,3.22,1.13,
Premier League,2024-2025,2024-12-05,Fulham,Brighton,3,1,0.67,1.1,
Premier League,2024-2025,2024-12-05,Bournemouth,Tottenham,1,0,3.28,0.62,
Premier League,2024-2025,2024-12-07,Aston Villa,Southampton,1,0,2.51,0.39,
Premier League,2024-2025,2024-12-07,Brentford,Newcastle United,4,2,1.75,1.96,
Premier League,2024-2025,2024-12-07,Crystal Palace,Manchester City,2,2,1.21,1.58,
Premier League,2024-2025,2024-12-07,Manchester United,Nottingham Forest,2,3,1.47,0.65,
Premier League,2024-2025,2024-12-08,Fulham,Arsenal,1,1,0.15,2.43,
Premier League,2024-2025,2024-12-08,Ipswich,Bournemouth,1,2,1.57,3.49,
Premier League,2024-2025,2024-12-08,Leicester,Brighton,2,2,1.42,1.12,
Premier League,2024-2025,2024-12-08,Tottenham,Chelsea,3,4,3.25,2.57,
Premier League,2024-2025,2024-12-09,West Ham,Wolverhampton Wanderers,2,1,1.2,1.48,
Premier League,2024-2025,2024-12-14,Liverpool,Fulham,2,2,2.1,1.29,
Premier League,2024-2025,2024-12-14,Arsenal,Everton,0,0,1.31,0.13,
Premier League,2024-2025,2024-12-14,Wolverhampton Wanderers,Ipswich,1,2,1.24,1.73,
Premier League,2024-2025,2024-12-14,Newcastle United,Leicester,4,0,3.95,0.19,
Premier League,2024-2025,2024-12-14,Nottingham Forest,Aston Villa,2,1,2.29,0.39,
Premier League,2024-2025,2024-12-15,Brighton,Crystal Palace,1,3,1.32,3.01,
Premier League,2024-2025,2024-12-15,Manchester City,Manchester United,1,2,0.64,2.05,
Premier League,2024-2025,2024-12-15,Chelsea,Brentford,2,1,2.59,1.66,
Premier League,2024-2025,2024-12-15,Southampton,Tottenham,0,5,1.27,3.89,
Premier League,2024-2025,2024-12-16,Bournemouth,West Ham,1,1,2.05,1.82,
Premier League,2024-2025,2024-12-21,Aston Villa,Manchester City,2,1,2.06,1.1,
Premier League,2024-2025,2024-12-21,Brentford,Nottingham Forest,0,2,0.77,0.96,
Premier League,2024-2025,2024-12-21,West Ham,Brighton,1,1,1.23,1.34,
Premier League,2024-2025,2024-12-21,Ipswich,Newcastle United,0,4,1.06,3.23,
Premier League,2024-2025,2024-12-21,Crystal Palace,Arsenal,1,5,1.61,3.05,
Premier League,2024-2025,2024-12-22,Fulham,Southampton,0,0,1.25,0.28,
Premier League,2024-2025,2024-12-22,Everton,Chelsea,0,0,1.07,1.52,
Premier League,2024-2025,2024-12-22,Manchester United,Bournemouth,0,3,2.29,1.83,
Premier League,2024-2025,2024-12-22,Leicester,Wolverhampton Wanderers,0,3,0.79,1.14,
Premier League,2024-2025,2024-12-22,Tottenham,Liverpool,3,6,1.2,5.2,
Premier League,2024-2025,2024-12-26,Manchester City,Everton,1,1,2.52,0.65,
Premier League,2024-2025,2024-12-26,Bournemouth,Crystal Palace,0,0,1.2,0.5,
Premier League,2024-2025,2024-12-26,Chelsea,Fulham,1,2,1.56,1.78,
Premier League,2024-2025,2024-12-26,Newcastle United,Aston Villa,3,0,2.83,0.23,
Premier League,2024-2025,2024-12-26,Nottingham Forest,Tottenham,1,0,1.3,1.06,
Premier League,2024-2025,2024-12-26,Southampton,West Ham,0,1,2.2,1.9,
Premier League,2024-2025,2024-12-26,Wolverhampton Wanderers,Manchester United,2,0,0.83,0.36,
Premier League,2024-2025,2024-12-26,Liverpool,Leicester,3,1,1.9,0.22,
Premier League,2024-2025,2024-12-27,Brighton,Brentford,0,0,1.34,0.96,
Premier League,2024-2025,2024-12-27,Arsenal,Ipswich,1,0,2.16,0.08,
Premier League,2024-2025,2024-12-29,Leicester,Manchester City,0,2,1.84,1.58,
Premier League,2024-2025,2024-12-29,Crystal Palace,Southampton,2,1,3.05,1.22,
Premier League,2024-2025,2024-12-29,Everton,Nottingham Forest,0,2,0.62,2.03,
Premier League,2024-2025,2024-12-29,Fulham,Bournemouth,2,2,0.96,1.71,
Premier League,2024-2025,2024-12-29,Tottenham,Wolverhampton Wanderers,2,2,2.28,0.64,
Premier League,2024-2025,2024-12-29,West Ham,Liverpool,0,5,0.52,3.3,
Premier League,2024-2025,2024-12-30,Aston Villa,Brighton,2,2,1.88,0.94,
Premier League,2024-2025,2024-12-30,Ipswich,Chelsea,2,0,1.5,1.61,
Premier League,2024-2025,2024-12-30,Manchester United,Newcastle United,0,2,1.0,2.24,
Premier League,2024-2025,2025-01-01,Brentford,Arsenal,1,3,0.27,2.0,
Premier League,2024-2025,2025-01-04,Tottenham,Newcastle United,1,2,1.0,2.43,
Premier League,2024-2025,2025-01-04,Bournemouth,Everton,1,0,2.62,0.56,
Premier League,2024-2025,2025-01-04,Aston Villa,Leicester,2,1,2.35,0.82,
Premier League,2024-2025,2025-01-04,Crystal Palace,Chelsea,1,1,1.28,1.52,
Premier League,2024-2025,2025-01-04,Manchester City,West Ham,4,1,1.98,1.53,
Premier League,2024-2025,2025-01-04,Southampton,Brentford,0,5,0.25,5.55,
Premier League,2024-2025,2025-01-04,Brighton,Arsenal,1,1,1.77,1.81,
Premier League,2024-2025,2025-01-05,Fulham,Ipswich,2,2,2.65,1.44,
Premier League,2024-2025,2025-01-05,Liverpool,Manchester United,2,2,2.86,1.67,
Premier League,2024-2025,2025-01-06,Wolverhampton Wanderers,Nottingham Forest,0,3,1.9,2.57,
Premier League,2024-2025,2025-01-14,Brentford,Manchester City,2,2,2.39,2.65,
Premier League,2024-2025,2025-01-14,West Ham,Fulham,3,2,0.94,2.84,
Premier League,2024-2025,2025-01-14,Chelsea,Bournemouth,2,2,2.54,1.15,
Premier League,2024-2025,2025-01-14,Nottingham Forest,Liverpool,1,1,0.53,2.72,
Premier League,2024-2025,2025-01-15,Everton,Aston Villa,0,1,1.23,1.29,
Premier League,2024-2025,2025-01-15,Leicester,Crystal Palace,0,2,2.1,2.26,
Premier League,2024-2025,2025-01-15,Newcastle United,Wolverhampton Wanderers,3,0,2.13,1.47,
Premier League,2024-2025,2025-01-15,Arsenal,Tottenham,2,1,2.26,0.78,
Premier League,2024-2025,2025-01-16,Ipswich,Brighton,0,2,0.27,1.06,
Premier League,2024-2025,2025-01-16,Manchester United,Southampton,3,1,3.11,1.37,
Premier League,2024-2025,2025-01-18,Newcastle United,Bournemouth,1,4,0.84,2.7,
Premier League,2024-2025,2025-01-18,Brentford,Liverpool,0,2,1.2,4.16,
Premier League,2024-2025,2025-01-18,Leicester,Fulham,0,2,0.68,2.37,
Premier League,2024-2025,2025-01-18,West Ham,Crystal Palace,0,2,0.22,1.63,
Premier League,2024-2025,2025-01-18,Arsenal,Aston Villa,2,2,1.64,1.21,
Premier League,2024-2025,2025-01-19,Everton,Tottenham,3,2,2.56,1.36,
Premier League,2024-2025,2025-01-19,Manchester United,Brighton,1,3,1.32,2.17,
Premier League,2024-2025,2025-01-19,Nottingham Forest,Southampton,3,2,2.36,1.26,
Premier League,2024-2025,2025-01-19,Ipswich,Manchester City,0,6,0.8,3.2,
Premier League,2024-2025,2025-01-20,Chelsea,Wolverhampton Wanderers,3,1,3.15,1.07,
Premier League,2024-2025,2025-01-25,Bournemouth,Nottingham Forest,5,0,2.83,1.0,
Premier League,2024-2025,2025-01-25,Brighton,Everton,0,1,0.64,0.87,
Premier League,2024-2025,2025-01-25,Liverpool,Ipswich,4,1,2.17,0.8,
Premier League,2024-2025,2025-01-25,Southampton,Newcastle United,1,3,0.83,3.08,
Premier League,2024-2025,2025-01-25,Wolverhampton Wanderers,Arsenal,0,1,0.51,0.89,
Premier League,2024-2025,2025-01-25,Manchester City,Chelsea,3,1,2.23,1.5,
Premier League,2024-2025,2025-01-26,Crystal Palace,Brentford,1,2,1.23,1.92,
Premier League,2024-2025,2025-01-26,Tottenham,Leicester,1,2,1.27,1.4,
Premier League,2024-2025,2025-01-26,Aston Villa,West Ham,1,1,0.91,1.68,
Premier League,2024-2025,2025-01-26,Fulham,Manchester United,0,1,0.56,0.2,
Premier League,2024-2025,2025-02-01,Nottingham Forest,Brighton,7,0,4.07,0.76,
Premier League,2024-2025,2025-02-01,Bournemouth,Liverpool,0,2,1.65,2.72,
Premier League,2024-2025,2025-02-01,Everton,Leicester,4,0,3.11,0.45,
Premier League,2024-2025,2025-02-01,Ipswich,Southampton,1,2,1.95,1.18,
Premier League,2024-2025,2025-02-01,Newcastle United,Fulham,1,2,1.23,1.61,
Premier League,2024-2025,2025-02-01,Wolverhampton Wanderers,Aston Villa,2,0,2.0,0.74,
Premier League,2024-2025,2025-02-02,Brentford,Tottenham,0,2,1.66,0.95,
Premier League,2024-2025,2025-02-02,Manchester United,Crystal Palace,0,2,1.51,2.45,
Premier League,2024-2025,2025-02-02,Arsenal,Manchester City,5,1,1.53,0.74,
Premier League,2024-2025,2025-02-03,Chelsea,West Ham,2,1,1.39,1.19,
Premier League,2024-2025,2025-02-12,Everton,Liverpool,2,2,0.91,0.93,
Premier League,2024-2025,2025-02-14,Brighton,Chelsea,3,0,2.07,0.65,
Premier League,2024-2025,2025-02-15,Leicester,Arsenal,0,2,0.23,1.75,
Premier League,2024-2025,2025-02-15,Aston Villa,Ipswich,1,1,2.9,0.33,
Premier League,2024-2025,2025-02-15,Fulham,Nottingham Forest,2,1,2.21,0.33,
Premier League,2024-2025,2025-02-15,Manchester City,Newcastle United,4,0,2.12,0.16,
Premier League,2024-2025,2025-02-15,Southampton,Bournemouth,1,3,0.97,2.09,
Premier League,2024-2025,2025-02-15,West Ham,Brentford,0,1,0.67,1.96,
Premier League,2024-2025,2025-02-15,Crystal Palace,Everton,1,2,2.31,1.02,
Premier League,2024-2025,2025-02-16,Liverpool,Wolverhampton Wanderers,2,1,1.87,1.05,
Premier League,2024-2025,2025-02-16,Tottenham,Manchester United,1,0,1.97,1.43,
Premier League,2024-2025,2025-02-19,Aston Villa,Liverpool,2,2,1.02,2.04,
Premier League,2024-2025,2025-02-21,Leicester,Brentford,0,4,0.73,2.03,
Premier League,2024-2025,2025-02-22,Everton,Manchester United,2,2,2.1,0.65,
Premier League,2024-2025,2025-02-22,Bournemouth,Wolverhampton Wanderers,0,1,0.63,2.1,
Premier League,2024-2025,2025-02-22,Arsenal,West Ham,0,1,1.37,1.03,
Premier League,2024-2025,2025-02-22,Fulham,Crystal Palace,0,2,0.23,1.46,
Premier League,2024-2025,2025-02-22,Ipswich,Tottenham,1,4,1.15,1.59,
Premier League,2024-2025,2025-02-22,Southampton,Brighton,0,4,0.15,5.12,
Premier League,2024-2025,2025-02-22,Aston Villa,Chelsea,2,1,2.69,2.17,
Premier League,2024-2025,2025-02-23,Newcastle United,Nottingham Forest,4,3,3.46,2.39,
Premier League,2024-2025,2025-02-23,Manchester City,Liverpool,0,2,0.58,0.81,
Premier League,2024-2025,2025-02-25,Brighton,Bournemouth,2,1,2.58,1.7,
Premier League,2024-2025,2025-02-25,Wolverhampton Wanderers,Fulham,1,2,0.93,1.43,
Premier League,2024-2025,2025-02-25,Crystal Palace,Aston Villa,4,1,4.03,0.67,
Premier League,2024-2025,2025-02-25,Chelsea,Southampton,4,0,2.98,0.85,
Premier League,2024-2025,2025-02-26,Brentford,Everton,1,1,1.34,1.45,
Premier League,2024-2025,2025-02-26,Nottingham Forest,Arsenal,0,0,0.51,1.32,
Premier League,2024-2025,2025-02-26,Tottenham,Manchester City,0,1,1.28,2.39,
Premier League,2024-2025,2025-02-26,Manchester United,Ipswich,3,2,1.4,1.04,
Premier League,2024-2025,2025-02-26,Liverpool,Newcastle United,2,0,1.4,0.46,
Premier League,2024-2025,2025-02-27,West Ham,Leicester,2,0,1.7,0.29,
Premier League,2024-2025,2025-03-08,Nottingham Forest,Manchester City,1,0,0.5,0.72,
Premier League,2024-2025,2025-03-08,Brighton,Fulham,2,1,1.94,0.71,
Premier League,2024-2025,2025-03-08,Crystal Palace,Ipswich,1,0,3.14,1.63,
Premier League,2024-2025,2025-03-08,Liverpool,Southampton,3,1,4.99,0.51,
Premier League,2024-2025,2025-03-08,Brentford,Aston Villa,0,1,0.64,1.3,
Premier League,2024-2025,2025-03-08,Wolverhampton Wanderers,Everton,1,1,0.81,1.37,
Premier League,2024-2025,2025-03-09,Chelsea,Leicester,1,0,1.77,0.11,
Premier League,2024-2025,2025-03-09,Tottenham,Bournemouth,2,2,1.35,2.23,
Premier League,2024-2025,2025-03-09,Manchester United,Arsenal,1,1,1.31,1.83,
Premier League,2024-2025,2025-03-10,West Ham,Newcastle United,0,1,0.82,1.63,
Premier League,2024-2025,2025-03-15,Everton,West Ham,1,1,1.19,0.52,
Premier League,2024-2025,2025-03-15,Ipswich,Nottingham Forest,2,4,0.52,1.31,
Premier League,2024-2025,2025-03-15,Manchester City,Brighton,2,2,2.03,2.11,
Premier League,2024-2025,2025-03-15,Southampton,Wolverhampton Wanderers,1,2,1.28,0.54,
Premier League,2024-2025,2025-03-15,Bournemouth,Brentford,1,2,2.03,1.6,
Premier League,2024-2025,2025-03-16,Arsenal,Chelsea,1,0,0.7,0.29,
Premier League,2024-2025,2025-03-16,Fulham,Tottenham,2,0,1.04,1.41,
Premier League,2024-2025,2025-03-16,Leicester,Manchester United,0,3,1.3,1.14,
Premier League,2024-2025,2025-04-01,Arsenal,Fulham,2,1,2.3,1.44,
Premier League,2024-2025,2025-04-01,Wolverhampton Wanderers,West Ham,1,0,1.1,1.73,
Premier League,2024-2025,2025-04-01,Nottingham Forest,Manchester United,1,0,0.51,1.87,
Premier League,2024-2025,2025-04-02,Brighton,Aston Villa,0,3,0.56,1.21,
Premier League,2024-2025,2025-04-02,Bournemouth,Ipswich,1,2,2.0,1.41,
Premier League,2024-2025,2025-04-02,Manchester City,Leicester,2,0,2.07,0.1,
Premier League,2024-2025,2025-04-02,Newcastle United,Brentford,2,1,2.27,1.53,
Premier League,2024-2025,2025-04-02,Southampton,Crystal Palace,1,1,0.69,0.94,
Premier League,2024-2025,2025-04-02,Liverpool,Everton,1,0,1.3,0.82,
Premier League,2024-2025,2025-04-03,Chelsea,Tottenham,1,0,1.3,1.4,
Premier League,2024-2025,2025-04-05,Everton,Arsenal,1,1,1.23,1.4,
Premier League,2024-2025,2025-04-05,Crystal Palace,Brighton,2,1,0.44,1.27,
Premier League,2024-2025,2025-04-05,Ipswich,Wolverhampton Wanderers,1,2,0.87,2.81,
Premier League,2024-2025,2025-04-05,West Ham,Bournemouth,2,2,0.91,1.95,
Premier League,2024-2025,2025-04-05,Aston Villa,Nottingham Forest,2,1,2.63,0.97,
Premier League,2024-2025,2025-04-06,Brentford,Chelsea,0,0,1.36,1.48,
Premier League,2024-2025,2025-04-06,Fulham,Liverpool,3,2,1.73,1.41,
Premier League,2024-2025,2025-04-06,Tottenham,Southampton,3,1,2.65,0.78,
Premier League,2024-2025,2025-04-06,Manchester United,Manchester City,0,0,1.23,0.69,
Premier League,2024-2025,2025-04-07,Leicester,Newcastle United,0,3,0.35,3.44,
Premier League,2024-2025,2025-04-12,Manchester City,Crystal Palace,5,2,4.6,1.34,
Premier League,2024-2025,2025-04-12,Brighton,Leicester,2,2,3.7,1.98,
Premier League,2024-2025,2025-04-12,Nottingham Forest,Everton,0,1,0.42,1.26,
Premier League,2024-2025,2025-04-12,Southampton,Aston Villa,0,3,0.41,3.0,
Premier League,2024-2025,2025-04-12,Arsenal,Brentford,1,1,0.77,0.59,
Premier League,2024-2025,2025-04-13,Chelsea,Ipswich,2,2,2.91,1.6,
Premier League,2024-2025,2025-04-13,Liverpool,West Ham,2,1,1.43,1.47,
Premier League,2024-2025,2025-04-13,Wolverhampton Wanderers,Tottenham,4,2,2.23,1.63,
Premier League,2024-2025,2025-04-13,Newcastle United,Manchester United,4,1,2.64,0.79,
Premier League,2024-2025,2025-04-14,Bournemouth,Fulham,1,0,1.86,1.07,
Premier League,2024-2025,2025-04-16,Newcastle United,Crystal Palace,5,0,2.33,2.38,
Premier League,2024-2025,2025-04-19,Brentford,Brighton,4,2,2.96,1.24,
Premier League,2024-2025,2025-04-19,Crystal Palace,Bournemouth,0,0,0.34,0.66,
Premier League,2024-2025,2025-04-19,Everton,Manchester City,0,2,0.82,1.88,
Premier League,2024-2025,2025-04-19,West Ham,Southampton,1,1,0.98,0.92,
Premier League,2024-2025,2025-04-19,Aston Villa,Newcastle United,4,1,3.05,1.27,
Premier League,2024-2025,2025-04-20,Fulham,Chelsea,1,2,0.31,0.75,
Premier League,2024-2025,2025-04-20,Ipswich,Arsenal,0,4,0.19,2.81,
Premier League,2024-2025,2025-04-20,Manchester United,Wolverhampton Wanderers,0,1,1.14,0.19,
Premier League,2024-2025,2025-04-20,Leicester,Liverpool,0,1,0.23,4.53,
Premier League,2024-2025,2025-04-21,Tottenham,Nottingham Forest,1,2,2.4,0.56,
Premier League,2024-2025,2025-04-22,Manchester City,Aston Villa,2,1,1.36,1.86,
Premier League,2024-2025,2025-04-23,Arsenal,Crystal Palace,2,2,1.92,2.51,
Premier League,2024-2025,2025-04-26,Chelsea,Everton,1,0,0.77,0.92,
Premier League,2024-2025,2025-04-26,Brighton,West Ham,3,2,1.29,1.24,
Premier League,2024-2025,2025-04-26,Newcastle United,Ipswich,3,0,4.12,0.13,
Premier League,2024-2025,2025-04-26,Southampton,Fulham,1,2,0.94,2.0,
Premier League,2024-2025,2025-04-26,Wolverhampton Wanderers,Leicester,3,0,2.58,1.05,
Premier League,2024-2025,2025-04-27,Bournemouth,Manchester United,1,1,0.61,1.91,
Premier League,2024-2025,2025-04-27,Liverpool,Tottenham,5,1,2.51,0.51,
Premier League,2024-2025,2025-05-01,Nottingham Forest,Brentford,0,2,0.67,1.52,
Premier League,2024-2025,2025-05-02,Manchester City,Wolverhampton Wanderers,1,0,0.86,0.62,
Premier League,2024-2025,2025-05-03,Aston Villa,Fulham,1,0,1.29,0.7,
Premier League,2024-2025,2025-05-03,Everton,Ipswich,2,2,0.81,1.14,
Premier League,2024-2025,2025-05-03,Leicester,Southampton,2,0,1.61,0.55,
Premier League,2024-2025,2025-05-03,Arsenal,Bournemouth,1,2,2.05,1.42,
Premier League,2024-2025,2025-05-04,West Ham,Tottenham,1,1,1.15,0.85,
Premier League,2024-2025,2025-05-04,Brighton,Newcastle United,1,1,0.69,1.64,
Premier League,2024-2025,2025-05-04,Brentford,Manchester United,4,3,3.59,1.13,
Premier League,2024-2025,2025-05-04,Chelsea,Liverpool,3,1,3.52,1.43,
Premier League,2024-2025,2025-05-05,Crystal Palace,Nottingham Forest,1,1,2.34,0.64,
Premier League,2024-2025,2025-05-10,Fulham,Everton,1,3,1.21,1.33,
Premier League,2024-2025,2025-05-10,Ipswich,Brentford,0,1,0.72,1.32,
Premier League,2024-2025,2025-05-10,Southampton,Manchester City,0,0,0.14,1.58,
Premier League,2024-2025,2025-05-10,Wolverhampton Wanderers,Brighton,0,2,0.73,1.41,
Premier League,2024-2025,2025-05-10,Bournemouth,Aston Villa,0,1,1.02,1.12,
Premier League,2024-2025,2025-05-11,Newcastle United,Chelsea,2,0,1.67,0.65,
Premier League,2024-2025,2025-05-11,Manchester United,West Ham,0,2,2.31,2.16,
Premier League,2024-2025,2025-05-11,Nottingham Forest,Leicester,2,2,1.77,1.23,
Premier League,2024-2025,2025-05-11,Tottenham,Crystal Palace,0,2,0.81,3.99,
Premier League,2024-2025,2025-05-11,Liverpool,Arsenal,2,2,2.75,2.19,
Premier League,2024-2025,2025-05-16,Aston Villa,Tottenham,2,0,1.69,0.52,
Premier League,2024-2025,2025-05-16,Chelsea,Manchester United,1,0,1.3,0.34,
Premier League,2024-2025,2025-05-18,Everton,Southampton,2,0,2.68,1.05,
Premier League,2024-2025,2025-05-18,West Ham,Nottingham Forest,1,2,0.85,2.15,
Premier League,2024-2025,2025-05-18,Brentford,Fulham,2,3,2.43,1.62,
Premier League,2024-2025,2025-05-18,Leicester,Ipswich,2,0,0.79,1.37,
Premier League,2024-2025,2025-05-18,Arsenal,Newcastle United,1,0,1.16,2.25,
Premier League,2024-2025,2025-05-19,Brighton,Liverpool,3,2,2.18,3.06,
Premier League,2024-2025,2025-05-20,Crystal Palace,Wolverhampton Wanderers,4,2,1.68,1.43,
Premier League,2024-2025,2025-05-20,Manchester City,Bournemouth,3,1,1.6,0.96,
Premier League,2024-2025,2025-05-25,Nottingham Forest,Chelsea,0,1,1.58,1.31,
Premier League,2024-2025,2025-05-25,Newcastle United,Everton,0,1,1.16,1.07,
Premier League,2024-2025,2025-05-25,Manchester United,Aston Villa,2,0,2.96,0.34,
Premier League,2024-2025,2025-05-25,Liverpool,Crystal Palace,1,1,1.92,1.41,
Premier League,2024-2025,2025-05-25,Tottenham,Brighton,1,4,1.85,3.12,
Premier League,2024-2025,2025-05-25,Southampton,Arsenal,1,2,0.6,2.41,
Premier League,2024-2025,2025-05-25,Wolverhampton Wanderers,Brentford,1,1,1.11,1.97,
Premier League,2024-2025,2025-05-25,Bournemouth,Leicester,2,0,2.72,0.16,
Premier League,2024-2025,2025-05-25,Ipswich,West Ham,1,3,0.89,0.97,
Premier League,2024-2025,2025-05-25,Fulham,Manchester City,0,2,2.22,2.46,
Premier League,2025-2026,2025-08-15,Liverpool,Bournemouth,4,2,2.33,1.57,
Premier League,2025-2026,2025-08-16,Aston Villa,Newcastle United,0,0,0.32,1.4,
Premier League,2025-2026,2025-08-16,Brighton,Fulham,1,1,1.44,0.9,
Premier League,2025-2026,2025-08-16,Sunderland,West Ham,3,0,0.72,0.56,
Premier League,2025-2026,2025-08-16,Tottenham,Burnley,3,0,1.98,0.73,
Premier League,2025-2026,2025-08-16,Wolverhampton Wanderers,Manchester City,0,4,0.52,2.3,
Premier League,2025-2026,2025-08-17,Chelsea,Crystal Palace,0,0,1.37,1.03,
Premier League,2025-2026,2025-08-17,Nottingham Forest,Brentford,3,1,1.76,1.33,
Premier League,2025-2026,2025-08-17,Manchester United,Arsenal,0,1,1.38,1.33,
Premier League,2025-2026,2025-08-18,Leeds,Everton,1,0,2.38,0.67,
Premier League,2025-2026,2025-08-22,West Ham,Chelsea,1,5,0.98,3.95,
Premier League,2025-2026,2025-08-23,Manchester City,Tottenham,0,2,1.25,1.28,
Premier League,2025-2026,2025-08-23,Brentford,Aston Villa,1,0,1.13,0.98,
Premier League,2025-2026,2025-08-23,Burnley,Sunderland,2,0,1.0,1.12,
Premier League,2025-2026,2025-08-23,Bournemouth,Wolverhampton Wanderers,1,0,1.78,0.37,
Premier League,2025-2026,2025-08-23,Arsenal,Leeds,5,0,2.74,0.16,
Premier League,2025-2026,2025-08-24,Crystal Palace,Nottingham Forest,1,1,1.1,1.33,
Premier League,2025-2026,2025-08-24,Everton,Brighton,2,0,1.8,2.08,
Premier League,2025-2026,2025-08-24,Fulham,Manchester United,1,1,1.65,1.55,
Premier League,2025-2026,2025-08-25,Newcastle United,Liverpool,2,3,1.96,0.65,
Premier League,2025-2026,2025-08-30,Chelsea,Fulham,2,0,2.43,0.74,
Premier League,2025-2026,2025-08-30,Tottenham,Bournemouth,0,1,0.17,2.12,
Premier League,2025-2026,2025-08-30,Wolverhampton Wanderers,Everton,2,3,0.94,2.04,
Premier League,2025-2026,2025-08-30,Sunderland,Brentford,2,1,1.57,1.45,
Premier League,2025-2026,2025-08-30,Manchester United,Burnley,3,2,4.02,1.33,
Premier League,2025-2026,2025-08-30,Leeds,Newcastle United,0,0,0.68,0.3,
Premier League,2025-2026,2025-08-31,Nottingham Forest,West Ham,0,3,0.72,2.24,
Premier League,2025-2026,2025-08-31,Brighton,Manchester City,2,1,2.21,2.13,
Premier League,2025-2026,2025-08-31,Liverpool,Arsenal,1,0,0.48,0.49,
Premier League,2025-2026,2025-08-31,Aston Villa,Crystal Palace,0,3,1.21,2.6,
Premier League,2025-2026,2025-09-13,Arsenal,Nottingham Forest,3,0,2.88,0.29,
Premier League,2025-2026,2025-09-13,Newcastle United,Wolverhampton Wanderers,1,0,1.19,0.38,
Premier League,2025-2026,2025-09-13,Bournemouth,Brighton,2,1,1.44,0.62,
Premier League,2025-2026,2025-09-13,Crystal Palace,Sunderland,0,0,1.76,0.35,
Premier League,2025-2026,2025-09-13,Everton,Aston Villa,0,0,1.89,0.35,
Premier League,2025-2026,2025-09-13,Fulham,Leeds,1,0,1.14,0.83,
Premier League,2025-2026,2025-09-13,West Ham,Tottenham,0,3,0.79,1.51,
Premier League,2025-2026,2025-09-13,Brentford,Chelsea,2,2,1.18,0.76,
Premier League,2025-2026,2025-09-14,Burnley,Liverpool,0,1,0.17,2.79,
Premier League,2025-2026,2025-09-14,Manchester City,Manchester United,3,0,2.0,1.52,
Premier League,2025-2026,2025-09-20,Liverpool,Everton,2,1,1.06,0.72,
Premier League,2025-2026,2025-09-20,West Ham,Crystal Palace,1,2,0.47,2.34,
Premier League,2025-2026,2025-09-20,Wolverhampton Wanderers,Leeds,1,3,1.57,0.46,
Premier League,2025-2026,2025-09-20,Brighton,Tottenham,2,2,1.4,1.19,
Premier League,2025-2026,2025-09-20,Burnley,Nottingham Forest,1,1,1.14,0.83,
Premier League,2025-2026,2025-09-20,Manchester United,Chelsea,2,1,1.34,0.47,
Premier League,2025-2026,2025-09-20,Fulham,Brentford,3,1,1.52,0.83,
Premier League,2025-2026,2025-09-21,Bournemouth,Newcastle United,0,0,0.55,0.15,
Premier League,2025-2026,2025-09-21,Sunderland,Aston Villa,1,1,0.94,0.94,
Premier League,2025-2026,2025-09-21,Arsenal,Manchester City,1,1,0.72,1.12,
Premier League,2025-2026,2025-09-27,Brentford,Manchester United,3,1,2.79,2.24,
Premier League,2025-2026,2025-09-27,Chelsea,Brighton,1,3,2.03,2.48,
Premier League,2025-2026,2025-09-27,Crystal Palace,Liverpool,2,1,3.53,3.1,
Premier League,2025-2026,2025-09-27,Leeds,Bournemouth,2,2,2.05,1.06,
Premier League,2025-2026,2025-09-27,Manchester City,Burnley,5,1,3.22,0.51,
Premier League,2025-2026,2025-09-27,Nottingham Forest,Sunderland,0,1,1.42,1.94,
Premier League,2025-2026,2025-09-27,Tottenham,Wolverhampton Wanderers,1,1,0.82,1.16,
Premier League,2025-2026,2025-09-28,Aston Villa,Fulham,3,1,1.37,0.95,
Premier League,2025-2026,2025-09-28,Newcastle United,Arsenal,1,2,0.74,2.07,
Premier League,2025-2026,2025-09-29,Everton,West Ham,1,1,0.91,0.78,
Premier League,2025-2026,2025-10-03,Bournemouth,Fulham,3,1,1.33,0.84,
Premier League,2025-2026,2025-10-04,Leeds,Tottenham,1,2,1.48,0.69,
Premier League,2025-2026,2025-10-04,Arsenal,West Ham,2,0,3.06,0.86,
Premier League,2025-2026,2025-10-04,Manchester United,Sunderland,2,0,1.93,0.81,
Premier League,2025-2026,2025-10-04,Chelsea,Liverpool,2,1,1.24,2.06,
Premier League,2025-2026,2025-10-05,Aston Villa,Burnley,2,1,1.74,0.5,
Premier League,2025-2026,2025-10-05,Everton,Crystal Palace,2,1,2.14,2.18,
Premier League,2025-2026,2025-10-05,Newcastle United,Nottingham Forest,2,0,3.82,0.34,
Premier League,2025-2026,2025-10-05,Wolverhampton Wanderers,Brighton,1,1,0.37,1.39,
Premier League,2025-2026,2025-10-05,Brentford,Manchester City,0,1,0.69,1.1,
Premier League,2025-2026,2025-10-18,Nottingham Forest,Chelsea,0,3,2.06,2.56,
Premier League,2025-2026,2025-10-18,Brighton,Newcastle United,2,1,0.86,1.28,
Premier League,2025-2026,2025-10-18,Burnley,Leeds,2,0,0.51,2.33,
Premier League,2025-2026,2025-10-18,Crystal Palace,Bournemouth,3,3,4.56,2.05,
Premier League,2025-2026,2025-10-18,Manchester City,Everton,2,0,2.48,0.79,
Premier League,2025-2026,2025-10-18,Sunderland,Wolverhampton Wanderers,2,0,1.02,0.68,
Premier League,2025-2026,2025-10-18,Fulham,Arsenal,0,1,0.5,2.08,
Premier League,2025-2026,2025-10-19,Tottenham,Aston Villa,1,2,1.51,0.35,
Premier League,2025-2026,2025-10-19,Liverpool,Manchester United,1,2,2.61,2.53,
Premier League,2025-2026,2025-10-20,West Ham,Brentford,0,2,0.26,3.47,
Premier League,2025-2026,2025-10-24,Leeds,West Ham,2,1,2.22,0.5,
Premier League,2025-2026,2025-10-25,Chelsea,Sunderland,1,2,1.21,1.55,
Premier League,2025-2026,2025-10-25,Newcastle United,Fulham,2,1,2.77,1.52,
Premier League,2025-2026,2025-10-25,Manchester United,Brighton,4,2,1.96,0.95,
Premier League,2025-2026,2025-10-25,Brentford,Liverpool,3,2,3.27,2.12,
Premier League,2025-2026,2025-10-26,Bournemouth,Nottingham Forest,2,0,0.66,0.31,
Premier League,2025-2026,2025-10-26,Arsenal,Crystal Palace,1,0,0.86,0.35,
Premier League,2025-2026,2025-10-26,Aston Villa,Manchester City,1,0,0.84,1.37,
Premier League,2025-2026,2025-10-26,Wolverhampton Wanderers,Burnley,2,3,2.58,1.55,
Premier League,2025-2026,2025-10-26,Everton,Tottenham,0,3,1.4,2.09,
Premier League,2025-2026,2025-11-01,Brighton,Leeds,3,0,2.64,0.36,
Premier League,2025-2026,2025-11-01,Burnley,Arsenal,0,2,0.68,2.52,
Premier League,2025-2026,2025-11-01,Crystal Palace,Brentford,2,0,0.73,0.82,
Premier League,2025-2026,2025-11-01,Fulham,Wolverhampton Wanderers,3,0,1.91,0.21,
Premier League,2025-2026,2025-11-01,Nottingham Forest,Manchester United,2,2,1.55,0.92,
Premier League,2025-2026,2025-11-01,Tottenham,Chelsea,0,1,0.15,3.34,
Premier League,2025-2026,2025-11-01,Liverpool,Aston Villa,2,0,1.47,0.44,
Premier League,2025-2026,2025-11-02,West Ham,Newcastle United,3,1,1.41,0.52,
Premier League,2025-2026,2025-11-02,Manchester City,Bournemouth,3,1,2.49,0.9,
Premier League,2025-2026,2025-11-03,Sunderland,Everton,1,1,1.18,1.01,
Premier League,2025-2026,2025-11-08,Tottenham,Manchester United,2,2,1.36,0.82,
Premier League,2025-2026,2025-11-08,Everton,Fulham,2,0,2.31,0.42,
Premier League,2025-2026,2025-11-08,West Ham,Burnley,3,2,2.97,1.87,
Premier League,2025-2026,2025-11-08,Sunderland,Arsenal,2,2,1.2,2.33,
Premier League,2025-2026,2025-11-08,Chelsea,Wolverhampton Wanderers,3,0,3.98,0.11,
Premier League,2025-2026,2025-11-09,Aston Villa,Bournemouth,4,0,1.88,2.01,
Premier League,2025-2026,2025-11-09,Brentford,Newcastle United,3,1,2.74,0.43,
Premier League,2025-2026,2025-11-09,Crystal Palace,Brighton,0,0,0.84,0.64,
Premier League,2025-2026,2025-11-09,Nottingham Forest,Leeds,3,1,2.49,0.42,
Premier League,2025-2026,2025-11-09,Manchester City,Liverpool,3,0,1.6,1.03,
Premier League,2025-2026,2025-11-22,Burnley,Chelsea,0,2,0.66,1.72,
Premier League,2025-2026,2025-11-22,Bournemouth,West Ham,2,2,3.48,0.39,
Premier League,2025-2026,2025-11-22,Brighton,Brentford,2,1,0.98,2.2,
Premier League,2025-2026,2025-11-22,Fulham,Sunderland,1,0,2.84,0.22,
Premier League,2025-2026,2025-11-22,Liverpool,Nottingham Forest,0,3,1.79,1.19,
Premier League,2025-2026,2025-11-22,Wolverhampton Wanderers,Crystal Palace,0,2,1.66,1.45,
Premier League,2025-2026,2025-11-22,Newcastle United,Manchester City,2,1,2.41,2.46,
Premier League,2025-2026,2025-11-23,Leeds,Aston Villa,1,2,1.85,1.36,
Premier League,2025-2026,2025-11-23,Arsenal,Tottenham,4,1,2.28,0.03,
Premier League,2025-2026,2025-11-24,Manchester United,Everton,0,1,2.27,0.16,
Premier League,2025-2026,2025-11-29,Brentford,Burnley,3,1,3.72,0.87,
Premier League,2025-2026,2025-11-29,Manchester City,Leeds,3,2,2.85,1.75,
Premier League,2025-2026,2025-11-29,Sunderland,Bournemouth,3,2,1.17,1.79,
Premier League,2025-2026,2025-11-29,Everton,Newcastle United,1,4,1.01,2.46,
Premier League,2025-2026,2025-11-29,Tottenham,Fulham,1,2,1.04,0.49,
Premier League,2025-2026,2025-11-30,Crystal Palace,Manchester United,1,2,2.14,1.48,
Premier League,2025-2026,2025-11-30,Aston Villa,Wolverhampton Wanderers,1,0,1.15,0.69,
Premier League,2025-2026,2025-11-30,Nottingham Forest,Brighton,0,2,0.96,2.06,
Premier League,2025-2026,2025-11-30,West Ham,Liverpool,0,2,0.36,1.57,
Premier League,2025-2026,2025-11-30,Chelsea,Arsenal,1,1,0.79,1.23,
Premier League,2025-2026,2025-12-02,Bournemouth,Everton,0,1,0.64,1.2,
Premier League,2025-2026,2025-12-02,Fulham,Manchester City,4,5,0.97,1.96,
Premier League,2025-2026,2025-12-02,Newcastle United,Tottenham,2,2,1.89,1.05,
Premier League,2025-2026,2025-12-03,Arsenal,Brentford,2,0,2.63,0.59,
Premier League,2025-2026,2025-12-03,Brighton,Aston Villa,3,4,1.96,3.16,
Premier League,2025-2026,2025-12-03,Burnley,Crystal Palace,0,1,1.17,0.99,
Premier League,2025-2026,2025-12-03,Wolverhampton Wanderers,Nottingham Forest,0,1,1.02,1.12,
Premier League,2025-2026,2025-12-03,Leeds,Chelsea,3,1,2.2,0.96,
Premier League,2025-2026,2025-12-03,Liverpool,Sunderland,1,1,1.38,0.71,
Premier League,2025-2026,2025-12-04,Manchester United,West Ham,1,1,2.28,1.37,
Premier League,2025-2026,2025-12-06,Aston Villa,Arsenal,2,1,2.72,1.86,
Premier League,2025-2026,2025-12-06,Bournemouth,Chelsea,0,0,1.42,0.67,
Premier League,2025-2026,2025-12-06,Everton,Nottingham Forest,3,0,1.25,0.31,
Premier League,2025-2026,2025-12-06,Manchester City,Sunderland,3,0,2.42,0.63,
Premier League,2025-2026,2025-12-06,Newcastle United,Burnley,2,1,1.81,1.58,
Premier League,2025-2026,2025-12-06,Tottenham,Brentford,2,0,2.42,0.47,
Premier League,2025-2026,2025-12-06,Leeds,Liverpool,3,3,1.79,2.05,
Premier League,2025-2026,2025-12-07,Brighton,West Ham,1,1,2.1,1.71,
Premier League,2025-2026,2025-12-07,Fulham,Crystal Palace,1,2,0.77,1.71,
Premier League,2025-2026,2025-12-08,Wolverhampton Wanderers,Manchester United,1,4,0.26,4.05,
Premier League,2025-2026,2025-12-13,Chelsea,Everton,2,0,2.64,1.34,
Premier League,2025-2026,2025-12-13,Liverpool,Brighton,2,0,2.41,1.69,
Premier League,2025-2026,2025-12-13,Burnley,Fulham,2,3,2.05,1.65,
Premier League,2025-2026,2025-12-13,Arsenal,Wolverhampton Wanderers,2,1,1.62,0.62,
Premier League,2025-2026,2025-12-14,Crystal Palace,Manchester City,0,3,1.3,1.35,
Premier League,2025-2026,2025-12-14,Nottingham Forest,Tottenham,3,0,2.33,0.38,
Premier League,2025-2026,2025-12-14,Sunderland,Newcastle United,1,0,0.63,0.17,
Premier League,2025-2026,2025-12-14,West Ham,Aston Villa,2,3,1.28,0.6,
Premier League,2025-2026,2025-12-14,Brentford,Leeds,1,1,0.7,1.63,
Premier League,2025-2026,2025-12-15,Manchester United,Bournemouth,4,4,3.21,2.35,
Premier League,2025-2026,2025-12-20,Newcastle United,Chelsea,2,2,2.88,1.03,
Premier League,2025-2026,2025-12-20,Bournemouth,Burnley,1,1,1.82,0.48,
Premier League,2025-2026,2025-12-20,Brighton,Sunderland,0,0,0.92,1.31,
Premier League,2025-2026,2025-12-20,Manchester City,West Ham,3,0,3.58,1.02,
Premier League,2025-2026,2025-12-20,Wolverhampton Wanderers,Brentford,0,2,1.27,1.56,
Premier League,2025-2026,2025-12-20,Tottenham,Liverpool,1,2,1.35,1.23,
Premier League,2025-2026,2025-12-20,Everton,Arsenal,0,1,0.21,1.85,
Premier League,2025-2026,2025-12-20,Leeds,Crystal Palace,4,1,2.91,1.53,
Premier League,2025-2026,2025-12-21,Aston Villa,Manchester United,2,1,1.87,1.3,
Premier League,2025-2026,2025-12-22,Fulham,Nottingham Forest,1,0,1.71,0.49,
Premier League,2025-2026,2025-12-26,Manchester United,Newcastle United,1,0,0.94,1.13,
Premier League,2025-2026,2025-12-27,Nottingham Forest,Manchester City,1,2,0.6,1.46,
Premier League,2025-2026,2025-12-27,Arsenal,Brighton,2,1,2.54,0.71,
Premier League,2025-2026,2025-12-27,Brentford,Bournemouth,4,1,2.85,2.56,
Premier League,2025-2026,2025-12-27,Burnley,Everton,0,0,1.25,1.25,
Premier League,2025-2026,2025-12-27,Liverpool,Wolverhampton Wanderers,2,1,1.57,0.78,
Premier League,2025-2026,2025-12-27,West Ham,Fulham,0,1,1.14,1.11,
Premier League,2025-2026,2025-12-27,Chelsea,Aston Villa,1,2,1.97,2.06,
Premier League,2025-2026,2025-12-28,Sunderland,Leeds,1,1,0.81,2.61,
Premier League,2025-2026,2025-12-28,Crystal Palace,Tottenham,0,1,0.93,0.87,
Premier League,2025-2026,2025-12-30,Burnley,Newcastle United,1,3,1.33,2.49,
Premier League,2025-2026,2025-12-30,Chelsea,Bournemouth,2,2,2.33,3.49,
Premier League,2025-2026,2025-12-30,Nottingham Forest,Everton,0,2,1.75,1.7,
Premier League,2025-2026,2025-12-30,West Ham,Brighton,2,2,2.28,3.09,
Premier League,2025-2026,2025-12-30,Arsenal,Aston Villa,4,1,4.41,2.94,
Premier League,2025-2026,2025-12-30,Manchester United,Wolverhampton Wanderers,1,1,1.13,1.22,
Premier League,2025-2026,2026-01-01,Crystal Palace,Fulham,1,1,2.35,1.75,
Premier League,2025-2026,2026-01-01,Liverpool,Leeds,0,0,1.68,0.16,
Premier League,2025-2026,2026-01-01,Brentford,Tottenham,0,0,0.56,0.61,
Premier League,2025-2026,2026-01-01,Sunderland,Manchester City,0,0,0.96,2.44,
Premier League,2025-2026,2026-01-03,Aston Villa,Nottingham Forest,3,1,1.43,0.9,
Premier League,2025-2026,2026-01-03,Wolverhampton Wanderers,West Ham,3,0,2.24,0.24,
Premier League,2025-2026,2026-01-03,Brighton,Burnley,2,0,1.47,0.25,
Premier League,2025-2026,2026-01-03,Bournemouth,Arsenal,2,3,0.95,1.28,
Premier League,2025-2026,2026-01-04,Leeds,Manchester United,1,1,0.97,1.95,
Premier League,2025-2026,2026-01-04,Newcastle United,Crystal Palace,2,0,2.73,1.28,
Premier League,2025-2026,2026-01-04,Tottenham,Sunderland,1,1,1.42,0.47,
Premier League,2025-2026,2026-01-04,Everton,Brentford,2,4,1.01,3.05,
Premier League,2025-2026,2026-01-04,Fulham,Liverpool,2,2,0.61,1.72,
Premier League,2025-2026,2026-01-04,Manchester City,Chelsea,1,1,1.03,2.04,
Premier League,2025-2026,2026-01-06,West Ham,Nottingham Forest,1,2,1.74,1.27,
Premier League,2025-2026,2026-01-07,Everton,Wolverhampton Wanderers,1,1,1.63,0.71,
Premier League,2025-2026,2026-01-07,Bournemouth,Tottenham,3,2,1.19,1.63,
Premier League,2025-2026,2026-01-07,Brentford,Sunderland,3,0,3.86,1.51,
Premier League,2025-2026,2026-01-07,Crystal Palace,Aston Villa,0,0,1.33,2.07,
Premier League,2025-2026,2026-01-07,Fulham,Chelsea,2,1,1.06,2.45,
Premier League,2025-2026,2026-01-07,Manchester City,Brighton,1,1,2.96,1.33,
Premier League,2025-2026,2026-01-07,Burnley,Manchester United,2,2,0.32,2.52,
Premier League,2025-2026,2026-01-07,Newcastle United,Leeds,4,3,2.43,2.35,
Premier League,2025-2026,2026-01-08,Arsenal,Liverpool,0,0,0.7,0.32,
Premier League,2025-2026,2026-01-17,Manchester United,Manchester City,2,0,3.07,0.39,
Premier League,2025-2026,2026-01-17,Chelsea,Brentford,2,0,1.62,1.48,
Premier League,2025-2026,2026-01-17,Leeds,Fulham,1,0,2.17,0.26,
Premier League,2025-2026,2026-01-17,Liverpool,Burnley,1,1,3.49,0.55,
Premier League,2025-2026,2026-01-17,Sunderland,Crystal Palace,2,1,1.85,1.15,
Premier League,2025-2026,2026-01-17,Tottenham,West Ham,1,2,1.65,2.77,
Premier League,2025-2026,2026-01-17,Nottingham Forest,Arsenal,0,0,0.32,2.86,
Premier League,2025-2026,2026-01-18,Wolverhampton Wanderers,Newcastle United,0,0,0.39,0.81,
Premier League,2025-2026,2026-01-18,Aston Villa,Everton,0,1,0.91,0.75,
Premier League,2025-2026,2026-01-19,Brighton,Bournemouth,1,1,1.0,1.7,
Premier League,2025-2026,2026-01-24,West Ham,Sunderland,3,1,2.19,0.71,
Premier League,2025-2026,2026-01-24,Burnley,Tottenham,2,2,1.55,2.59,
Premier League,2025-2026,2026-01-24,Fulham,Brighton,2,1,1.13,1.95,
Premier League,2025-2026,2026-01-24,Manchester City,Wolverhampton Wanderers,2,0,1.07,0.54,
Premier League,2025-2026,2026-01-24,Bournemouth,Liverpool,3,2,3.31,0.94,
Premier League,2025-2026,2026-01-25,Brentford,Nottingham Forest,0,2,2.0,1.39,
Premier League,2025-2026,2026-01-25,Crystal Palace,Chelsea,1,3,2.42,3.09,
Premier League,2025-2026,2026-01-25,Newcastle United,Aston Villa,0,2,1.95,1.32,
Premier League,2025-2026,2026-01-25,Arsenal,Manchester United,2,3,1.42,0.64,
Premier League,2025-2026,2026-01-26,Everton,Leeds,1,1,0.89,1.68,
Premier League,2025-2026,2026-01-31,Brighton,Everton,1,1,1.43,1.28,
Premier League,2025-2026,2026-01-31,Leeds,Arsenal,0,4,0.18,3.54,
Premier League,2025-2026,2026-01-31,Wolverhampton Wanderers,Bournemouth,0,2,2.1,1.59,
Premier League,2025-2026,2026-01-31,Chelsea,West Ham,3,2,2.66,1.73,
Premier League,2025-2026,2026-01-31,Liverpool,Newcastle United,4,1,3.1,0.28,
Premier League,2025-2026,2026-02-01,Aston Villa,Brentford,0,1,2.15,0.31,
Premier League,2025-2026,2026-02-01,Manchester United,Fulham,3,2,1.84,1.72,
Premier League,2025-2026,2026-02-01,Nottingham Forest,Crystal Palace,1,1,0.99,1.65,
Premier League,2025-2026,2026-02-01,Tottenham,Manchester City,2,2,1.5,2.04,
Premier League,2025-2026,2026-02-02,Sunderland,Burnley,3,0,1.89,0.13,
Premier League,2025-2026,2026-02-06,Leeds,Nottingham Forest,3,1,3.38,1.66,
Premier League,2025-2026,2026-02-07,Manchester United,Tottenham,2,0,2.17,0.59,
Premier League,2025-2026,2026-02-07,Bournemouth,Aston Villa,1,1,1.83,0.65,
Premier League,2025-2026,2026-02-07,Arsenal,Sunderland,3,0,1.19,0.43,
Premier League,2025-2026,2026-02-07,Burnley,West Ham,0,2,1.85,1.12,
Premier League,2025-2026,2026-02-07,Fulham,Everton,1,2,2.2,1.89,
Premier League,2025-2026,2026-02-07,Wolverhampton Wanderers,Chelsea,1,3,1.11,3.76,
Premier League,2025-2026,2026-02-07,Newcastle United,Brentford,2,3,3.32,1.65,
Premier League,2025-2026,2026-02-08,Brighton,Crystal Palace,0,1,0.74,0.93,
Premier League,2025-2026,2026-02-08,Liverpool,Manchester City,1,2,1.27,2.41,
Premier League,2025-2026,2026-02-10,Chelsea,Leeds,2,2,3.21,1.29,
Premier League,2025-2026,2026-02-10,Everton,Bournemouth,1,2,2.33,1.41,
Premier League,2025-2026,2026-02-10,Tottenham,Newcastle United,1,2,1.69,2.47,
Premier League,2025-2026,2026-02-10,West Ham,Manchester United,1,1,1.31,0.74,
Premier League,2025-2026,2026-02-11,Aston Villa,Brighton,1,0,0.58,0.48,
Premier League,2025-2026,2026-02-11,Crystal Palace,Burnley,2,3,2.13,0.69,
Premier League,2025-2026,2026-02-11,Manchester City,Fulham,3,0,1.68,1.05,
Premier League,2025-2026,2026-02-11,Nottingham Forest,Wolverhampton Wanderers,0,0,3.69,0.41,
Premier League,2025-2026,2026-02-11,Sunderland,Liverpool,0,1,0.69,3.08,
Premier League,2025-2026,2026-02-12,Brentford,Arsenal,1,1,1.81,0.78,
Premier League,2025-2026,2026-02-18,Wolverhampton Wanderers,Arsenal,2,2,0.17,2.01,
Premier League,2025-2026,2026-02-21,Aston Villa,Leeds,1,1,1.25,1.28,
Premier League,2025-2026,2026-02-21,Brentford,Brighton,0,2,1.69,1.37,
Premier League,2025-2026,2026-02-21,Chelsea,Burnley,1,1,2.52,1.01,
Premier League,2025-2026,2026-02-21,West Ham,Bournemouth,0,0,2.34,0.52,
Premier League,2025-2026,2026-02-21,Manchester City,Newcastle United,2,1,2.23,0.51,
Premier League,2025-2026,2026-02-22,Crystal Palace,Wolverhampton Wanderers,1,0,2.04,1.68,
Premier League,2025-2026,2026-02-22,Nottingham Forest,Liverpool,0,1,0.93,2.4,
Premier League,2025-2026,2026-02-22,Sunderland,Fulham,1,3,1.76,2.17,
Premier League,2025-2026,2026-02-22,Tottenham,Arsenal,1,4,0.38,3.32,
Premier League,2025-2026,2026-02-23,Everton,Manchester United,0,1,0.56,1.45,
Premier League,2025-2026,2026-02-27,Wolverhampton Wanderers,Aston Villa,2,0,1.51,1.31,
Premier League,2025-2026,2026-02-28,Bournemouth,Sunderland,1,1,1.82,1.08,
Premier League,2025-2026,2026-02-28,Burnley,Brentford,3,4,0.82,2.45,
Premier League,2025-2026,2026-02-28,Liverpool,West Ham,5,2,2.1,1.35,
Premier League,2025-2026,2026-02-28,Newcastle United,Everton,2,3,1.12,2.41,
Premier League,2025-2026,2026-02-28,Leeds,Manchester City,0,1,1.38,2.47,
Premier League,2025-2026,2026-03-01,Brighton,Nottingham Forest,2,1,1.2,0.83,
Premier League,2025-2026,2026-03-01,Fulham,Tottenham,2,1,2.32,0.95,
Premier League,2025-2026,2026-03-01,Manchester United,Crystal Palace,2,1,2.35,0.38,
Premier League,2025-2026,2026-03-01,Arsenal,Chelsea,2,1,1.72,1.35,
Premier League,2025-2026,2026-03-03,Bournemouth,Brentford,0,0,2.32,0.67,
Premier League,2025-2026,2026-03-03,Everton,Burnley,2,0,1.16,0.76,
Premier League,2025-2026,2026-03-03,Leeds,Sunderland,0,1,0.89,0.84,
Premier League,2025-2026,2026-03-03,Wolverhampton Wanderers,Liverpool,2,1,0.64,2.17,
Premier League,2025-2026,2026-03-04,Aston Villa,Chelsea,1,4,1.07,3.39,
Premier League,2025-2026,2026-03-04,Brighton,Arsenal,0,1,0.92,0.51,
Premier League,2025-2026,2026-03-04,Fulham,West Ham,0,1,0.63,1.5,
Premier League,2025-2026,2026-03-04,Manchester City,Nottingham Forest,2,2,2.73,1.24,
Premier League,2025-2026,2026-03-04,Newcastle United,Manchester United,2,1,1.97,1.81,
Premier League,2025-2026,2026-03-05,Tottenham,Crystal Palace,1,3,1.3,1.92,
Premier League,2025-2026,2026-03-14,Burnley,Bournemouth,0,0,1.68,2.37,
Premier League,2025-2026,2026-03-14,Sunderland,Brighton,0,1,0.66,1.13,
Premier League,2025-2026,2026-03-14,Arsenal,Everton,2,0,1.91,1.18,
Premier League,2025-2026,2026-03-14,Chelsea,Newcastle United,0,1,1.73,1.03,
Premier League,2025-2026,2026-03-14,West Ham,Manchester City,1,1,0.49,1.95,
Premier League,2025-2026,2026-03-15,Crystal Palace,Leeds,0,0,0.53,1.14,
Premier League,2025-2026,2026-03-15,Manchester United,Aston Villa,3,1,1.68,1.21,
Premier League,2025-2026,2026-03-15,Nottingham Forest,Fulham,0,0,0.82,0.93,
Premier League,2025-2026,2026-03-15,Liverpool,Tottenham,1,1,1.3,1.16,
Premier League,2025-2026,2026-03-16,Brentford,Wolverhampton Wanderers,2,2,2.8,1.8,
Premier League,2025-2026,2026-03-20,Bournemouth,Manchester United,2,2,1.77,1.75,
Premier League,2025-2026,2026-03-21,Brighton,Liverpool,2,1,3.43,0.96,
Premier League,2025-2026,2026-03-21,Fulham,Burnley,3,1,3.48,1.93,
Premier League,2025-2026,2026-03-21,Everton,Chelsea,3,0,1.45,1.35,
Premier League,2025-2026,2026-03-21,Leeds,Brentford,0,0,0.42,0.3,
Premier League,2025-2026,2026-03-22,Newcastle United,Sunderland,1,2,1.27,2.67,
Premier League,2025-2026,2026-03-22,Aston Villa,West Ham,2,0,2.49,0.76,
Premier League,2025-2026,2026-03-22,Tottenham,Nottingham Forest,0,3,1.62,1.54,
Premier League,2025-2026,2026-04-10,West Ham,Wolverhampton Wanderers,4,0,2.54,0.57,
Premier League,2025-2026,2026-04-11,Arsenal,Bournemouth,1,2,3.16,1.39,
Premier League,2025-2026,2026-04-11,Brentford,Everton,2,2,2.26,1.57,
Premier League,2025-2026,2026-04-11,Burnley,Brighton,0,2,0.81,1.07,
Premier League,2025-2026,2026-04-11,Liverpool,Fulham,2,0,2.01,1.42,
Premier League,2025-2026,2026-04-12,Nottingham Forest,Aston Villa,1,1,0.85,1.36,
Premier League,2025-2026,2026-04-12,Sunderland,Tottenham,1,0,1.78,1.02,
Premier League,2025-2026,2026-04-12,Crystal Palace,Newcastle United,2,1,3.14,1.27,
Premier League,2025-2026,2026-04-12,Chelsea,Manchester City,0,3,1.22,2.41,
Premier League,2025-2026,2026-04-13,Manchester United,Leeds,1,2,1.37,2.95,
Premier League,2025-2026,2026-04-18,Brentford,Fulham,0,0,2.34,0.79,
Premier League,2025-2026,2026-04-18,Leeds,Wolverhampton Wanderers,3,0,3.56,0.57,
Premier League,2025-2026,2026-04-18,Newcastle United,Bournemouth,1,2,1.61,3.37,
Premier League,2025-2026,2026-04-18,Tottenham,Brighton,2,2,1.56,1.14,
Premier League,2025-2026,2026-04-18,Chelsea,Manchester United,0,1,1.28,0.44,
Premier League,2025-2026,2026-04-19,Aston Villa,Sunderland,4,3,3.9,1.56,
Premier League,2025-2026,2026-04-19,Everton,Liverpool,1,2,1.48,1.38,
Premier League,2025-2026,2026-04-19,Nottingham Forest,Burnley,4,1,1.44,0.6,
Premier League,2025-2026,2026-04-19,Manchester City,Arsenal,2,1,2.62,2.29,
Premier League,2025-2026,2026-04-20,Crystal Palace,West Ham,0,0,0.73,0.62,
Premier League,2025-2026,2026-04-21,Brighton,Chelsea,3,0,2.52,0.3,
Premier League,2025-2026,2026-04-22,Bournemouth,Leeds,2,2,1.91,1.22,
Premier League,2025-2026,2026-04-22,Burnley,Manchester City,0,1,0.97,3.41,
Premier League,2025-2026,2026-04-24,Sunderland,Nottingham Forest,0,5,0.61,1.54,
Premier League,2025-2026,2026-04-25,Fulham,Aston Villa,1,0,1.24,0.91,
Premier League,2025-2026,2026-04-25,Liverpool,Crystal Palace,3,1,1.45,2.2,
Premier League,2025-2026,2026-04-25,West Ham,Everton,2,1,1.84,1.11,
Premier League,2025-2026,2026-04-25,Wolverhampton Wanderers,Tottenham,0,1,0.76,1.06,
Premier League,2025-2026,2026-04-25,Arsenal,Newcastle United,1,0,0.64,0.87,
Premier League,2025-2026,2026-04-27,Manchester United,Brentford,2,1,1.85,1.3,
Premier League,2025-2026,2026-05-01,Leeds,Burnley,3,1,2.1,0.43,
Premier League,2025-2026,2026-05-02,Brentford,West Ham,3,0,2.27,0.75,
Premier League,2025-2026,2026-05-02,Newcastle United,Brighton,3,1,3.13,1.87,
Premier League,2025-2026,2026-05-02,Wolverhampton Wanderers,Sunderland,1,1,1.96,0.92,
Premier League,2025-2026,2026-05-02,Arsenal,Fulham,3,0,4.09,0.7,
Premier League,2025-2026,2026-05-03,Bournemouth,Crystal Palace,3,0,2.3,0.68,
Premier League,2025-2026,2026-05-03,Manchester United,Liverpool,3,2,2.56,1.03,
Premier League,2025-2026,2026-05-03,Aston Villa,Tottenham,1,2,0.61,1.12,
Premier League,2025-2026,2026-05-04,Chelsea,Nottingham Forest,1,3,2.17,2.31,
Premier League,2025-2026,2026-05-04,Everton,Manchester City,3,3,1.69,1.42,
Premier League,2025-2026,2026-05-09,Liverpool,Chelsea,1,1,0.62,0.6,
Premier League,2025-2026,2026-05-09,Brighton,Wolverhampton Wanderers,3,0,2.22,0.52,
Premier League,2025-2026,2026-05-09,Fulham,Bournemouth,0,1,1.24,1.0,
Premier League,2025-2026,2026-05-09,Sunderland,Manchester United,0,0,1.24,0.54,
Premier League,2025-2026,2026-05-09,Manchester City,Brentford,3,0,4.37,0.67,
Premier League,2025-2026,2026-05-10,Burnley,Aston Villa,2,2,1.71,1.75,
Premier League,2025-2026,2026-05-10,Crystal Palace,Everton,2,2,3.29,2.1,
Premier League,2025-2026,2026-05-10,Nottingham Forest,Newcastle United,1,1,1.46,1.65,
Premier League,2025-2026,2026-05-10,West Ham,Arsenal,0,1,1.32,1.43,
Premier League,2025-2026,2026-05-11,Tottenham,Leeds,1,1,1.49,1.87,
Premier League,2025-2026,2026-05-13,Manchester City,Crystal Palace,3,0,1.96,0.43,
Premier League,2025-2026,2026-05-15,Aston Villa,Liverpool,4,2,2.53,1.55,
Premier League,2025-2026,2026-05-17,Manchester United,Nottingham Forest,3,2,4.29,1.84,
Premier League,2025-2026,2026-05-17,Brentford,Crystal Palace,2,2,1.55,1.82,
Premier League,2025-2026,2026-05-17,Everton,Sunderland,1,3,1.32,1.28,
Premier League,2025-2026,2026-05-17,Leeds,Brighton,1,0,0.75,2.23,
Premier League,2025-2026,2026-05-17,Wolverhampton Wanderers,Fulham,1,1,1.5,1.48,
Premier League,2025-2026,2026-05-17,Newcastle United,West Ham,3,1,2.13,0.96,
Premier League,2025-2026,2026-05-18,Arsenal,Burnley,1,0,1.23,0.19,
Premier League,2025-2026,2026-05-19,Bournemouth,Manchester City,1,1,1.71,1.27,
Premier League,2025-2026,2026-05-19,Chelsea,Tottenham,2,1,1.09,2.15,
Premier League,2025-2026,2026-05-24,Brighton,Manchester United,0,3,0.7,2.33,
Premier League,2025-2026,2026-05-24,Burnley,Wolverhampton Wanderers,1,1,1.28,2.84,
Premier League,2025-2026,2026-05-24,Crystal Palace,Arsenal,1,2,1.0,3.91,
Premier League,2025-2026,2026-05-24,Fulham,Newcastle United,2,0,1.73,0.24,
Premier League,2025-2026,2026-05-24,Liverpool,Brentford,1,1,2.99,1.46,
Premier League,2025-2026,2026-05-24,Manchester City,Aston Villa,1,2,1.38,2.44,
Premier League,2025-2026,2026-05-24,Nottingham Forest,Bournemouth,1,1,2.06,1.34,
Premier League,2025-2026,2026-05-24,Sunderland,Chelsea,2,1,2.33,0.92,
Premier League,2025-2026,2026-05-24,Tottenham,Everton,1,0,1.41,0.27,
Premier League,2025-2026,2026-05-24,West Ham,Leeds,3,0,2.73,1.95,
La Liga,2020-2021,2020-09-12,Eibar,Celta Vigo,0,0,0.34,0.78,
La Liga,2020-2021,2020-09-12,Granada,Athletic Club,2,0,0.55,0.48,
La Liga,2020-2021,2020-09-12,Cadiz,Osasuna,0,2,0.6,0.63,
La Liga,2020-2021,2020-09-13,Alaves,Real Betis,0,1,1.18,0.34,
La Liga,2020-2021,2020-09-13,Real Valladolid,Real Sociedad,1,1,0.86,0.31,
La Liga,2020-2021,2020-09-13,Villarreal,SD Huesca,1,1,2.02,0.56,
La Liga,2020-2021,2020-09-13,Valencia,Levante,4,2,1.73,2.37,
La Liga,2020-2021,2020-09-19,Villarreal,Eibar,2,1,2.99,1.11,
La Liga,2020-2021,2020-09-19,Getafe,Osasuna,1,0,0.7,0.49,
La Liga,2020-2021,2020-09-19,Celta Vigo,Valencia,2,1,2.34,0.46,
La Liga,2020-2021,2020-09-20,SD Huesca,Cadiz,0,2,0.22,1.51,
La Liga,2020-2021,2020-09-20,Granada,Alaves,2,1,2.45,0.77,
La Liga,2020-2021,2020-09-20,Real Betis,Real Valladolid,2,0,1.77,0.29,
La Liga,2020-2021,2020-09-20,Real Sociedad,Real Madrid,0,0,0.72,0.77,
La Liga,2020-2021,2020-09-26,Alaves,Getafe,0,0,0.87,1.31,
La Liga,2020-2021,2020-09-26,Valencia,SD Huesca,1,1,0.31,1.11,
La Liga,2020-2021,2020-09-26,Elche,Real Sociedad,0,3,1.24,3.37,
La Liga,2020-2021,2020-09-26,Real Betis,Real Madrid,2,3,1.41,3.86,
La Liga,2020-2021,2020-09-27,Osasuna,Levante,1,3,0.72,2.99,
La Liga,2020-2021,2020-09-27,Eibar,Athletic Club,1,2,0.33,0.51,
La Liga,2020-2021,2020-09-27,Atletico Madrid,Granada,6,1,3.6,1.31,
La Liga,2020-2021,2020-09-27,Real Valladolid,Celta Vigo,1,1,1.52,1.08,
La Liga,2020-2021,2020-09-27,Barcelona,Villarreal,4,0,3.51,0.24,
La Liga,2020-2021,2020-09-27,Cadiz,Sevilla,1,3,1.1,2.21,
La Liga,2020-2021,2020-09-29,Real Sociedad,Valencia,0,1,0.59,0.84,
La Liga,2020-2021,2020-09-29,Getafe,Real Betis,3,0,0.91,0.44,
La Liga,2020-2021,2020-09-30,SD Huesca,Atletico Madrid,0,0,0.63,1.79,
La Liga,2020-2021,2020-09-30,Villarreal,Alaves,3,1,2.66,0.62,
La Liga,2020-2021,2020-09-30,Eibar,Elche,0,1,1.06,0.38,
La Liga,2020-2021,2020-09-30,Real Madrid,Real Valladolid,1,0,2.65,0.54,
La Liga,2020-2021,2020-10-01,Athletic Club,Cadiz,0,1,0.55,0.26,
La Liga,2020-2021,2020-10-01,Sevilla,Levante,1,0,1.05,0.38,
La Liga,2020-2021,2020-10-01,Celta Vigo,Barcelona,0,3,0.57,0.93,
La Liga,2020-2021,2020-10-03,Real Valladolid,Eibar,1,2,1.09,1.69,
La Liga,2020-2021,2020-10-03,Atletico Madrid,Villarreal,0,0,0.61,0.2,
La Liga,2020-2021,2020-10-03,Real Sociedad,Getafe,3,0,2.2,0.32,
La Liga,2020-2021,2020-10-03,Elche,SD Huesca,0,0,0.19,1.7,
La Liga,2020-2021,2020-10-03,Valencia,Real Betis,0,2,0.48,1.88,
La Liga,2020-2021,2020-10-04,Osasuna,Celta Vigo,2,0,1.12,0.36,
La Liga,2020-2021,2020-10-04,Alaves,Athletic Club,1,0,0.52,0.49,
La Liga,2020-2021,2020-10-04,Levante,Real Madrid,0,2,0.58,1.88,
La Liga,2020-2021,2020-10-04,Cadiz,Granada,1,1,1.09,0.82,
La Liga,2020-2021,2020-10-04,Barcelona,Sevilla,1,1,1.06,1.26,
La Liga,2020-2021,2020-10-17,Granada,Sevilla,1,0,1.09,0.7,
La Liga,2020-2021,2020-10-17,Celta Vigo,Atletico Madrid,0,2,1.9,1.51,
La Liga,2020-2021,2020-10-17,Real Madrid,Cadiz,0,1,1.14,1.77,
La Liga,2020-2021,2020-10-17,Getafe,Barcelona,1,0,1.71,0.63,
La Liga,2020-2021,2020-10-18,Eibar,Osasuna,0,0,0.37,1.26,
La Liga,2020-2021,2020-10-18,Athletic Club,Levante,2,0,2.07,0.28,
La Liga,2020-2021,2020-10-18,Villarreal,Valencia,2,1,1.6,0.68,
La Liga,2020-2021,2020-10-18,Alaves,Elche,0,2,0.91,0.9,
La Liga,2020-2021,2020-10-18,SD Huesca,Real Valladolid,2,2,1.25,0.91,
La Liga,2020-2021,2020-10-18,Real Betis,Real Sociedad,0,3,0.3,1.58,
La Liga,2020-2021,2020-10-23,Elche,Valencia,2,1,0.17,1.24,
La Liga,2020-2021,2020-10-24,Barcelona,Real Madrid,1,3,1.57,3.21,
La Liga,2020-2021,2020-10-24,Osasuna,Athletic Club,1,0,0.99,0.58,
La Liga,2020-2021,2020-10-24,Sevilla,Eibar,0,1,1.99,0.2,
La Liga,2020-2021,2020-10-24,Atletico Madrid,Real Betis,2,0,1.24,1.02,
La Liga,2020-2021,2020-10-25,Real Valladolid,Alaves,0,2,0.31,2.31,
La Liga,2020-2021,2020-10-25,Cadiz,Villarreal,0,0,0.21,0.75,
La Liga,2020-2021,2020-10-25,Getafe,Granada,0,1,1.33,0.95,
La Liga,2020-2021,2020-10-25,Real Sociedad,SD Huesca,4,1,1.8,0.59,
La Liga,2020-2021,2020-10-26,Levante,Celta Vigo,1,1,1.19,0.82,
La Liga,2020-2021,2020-10-30,Eibar,Cadiz,0,2,0.47,0.93,
La Liga,2020-2021,2020-10-31,Real Madrid,SD Huesca,4,1,2.24,0.8,
La Liga,2020-2021,2020-10-31,Athletic Club,Sevilla,2,1,1.33,1.15,
La Liga,2020-2021,2020-10-31,Osasuna,Atletico Madrid,1,3,1.43,3.06,
La Liga,2020-2021,2020-10-31,Alaves,Barcelona,1,1,1.11,2.08,
La Liga,2020-2021,2020-11-01,Real Betis,Elche,3,1,3.06,0.48,
La Liga,2020-2021,2020-11-01,Celta Vigo,Real Sociedad,1,4,2.12,2.28,
La Liga,2020-2021,2020-11-01,Granada,Levante,1,1,0.23,0.81,
La Liga,2020-2021,2020-11-01,Valencia,Getafe,2,2,1.76,2.36,
La Liga,2020-2021,2020-11-02,Villarreal,Real Valladolid,2,0,1.85,0.79,
La Liga,2020-2021,2020-11-06,Elche,Celta Vigo,1,1,1.61,2.16,
La Liga,2020-2021,2020-11-07,SD Huesca,Eibar,1,1,2.23,0.84,
La Liga,2020-2021,2020-11-07,Barcelona,Real Betis,5,2,4.44,0.87,
La Liga,2020-2021,2020-11-07,Sevilla,Osasuna,1,0,1.15,0.5,
La Liga,2020-2021,2020-11-07,Atletico Madrid,Cadiz,4,0,2.63,0.4,
La Liga,2020-2021,2020-11-08,Getafe,Villarreal,1,3,0.55,2.32,
La Liga,2020-2021,2020-11-08,Real Sociedad,Granada,2,0,3.72,0.78,
La Liga,2020-2021,2020-11-08,Levante,Alaves,1,1,1.99,1.02,
La Liga,2020-2021,2020-11-08,Real Valladolid,Athletic Club,2,1,2.28,1.58,
La Liga,2020-2021,2020-11-08,Valencia,Real Madrid,4,1,2.35,1.06,
La Liga,2020-2021,2020-11-20,Osasuna,SD Huesca,1,1,0.88,0.81,
La Liga,2020-2021,2020-11-21,Levante,Elche,1,1,0.9,0.83,
La Liga,2020-2021,2020-11-21,Villarreal,Real Madrid,1,1,1.73,0.65,
La Liga,2020-2021,2020-11-21,Sevilla,Celta Vigo,4,2,2.23,2.08,
La Liga,2020-2021,2020-11-21,Atletico Madrid,Barcelona,1,0,0.81,1.3,
La Liga,2020-2021,2020-11-22,Eibar,Getafe,0,0,1.45,0.35,
La Liga,2020-2021,2020-11-22,Cadiz,Real Sociedad,0,1,0.08,1.91,
La Liga,2020-2021,2020-11-22,Granada,Real Valladolid,1,3,1.4,1.46,
La Liga,2020-2021,2020-11-22,Alaves,Valencia,2,2,1.83,1.8,
La Liga,2020-2021,2020-11-23,Athletic Club,Real Betis,4,0,2.75,0.39,
La Liga,2020-2021,2020-11-27,Real Valladolid,Levante,1,1,1.26,1.11,
La Liga,2020-2021,2020-11-28,Elche,Cadiz,1,1,0.09,0.68,
La Liga,2020-2021,2020-11-28,Valencia,Atletico Madrid,0,1,0.18,1.11,
La Liga,2020-2021,2020-11-28,SD Huesca,Sevilla,0,1,0.17,1.7,
La Liga,2020-2021,2020-11-28,Real Madrid,Alaves,1,2,1.66,2.35,
La Liga,2020-2021,2020-11-29,Barcelona,Osasuna,4,0,3.91,1.56,
La Liga,2020-2021,2020-11-29,Getafe,Athletic Club,1,1,0.54,0.28,
La Liga,2020-2021,2020-11-29,Celta Vigo,Granada,3,1,4.64,1.49,
La Liga,2020-2021,2020-11-29,Real Sociedad,Villarreal,1,1,1.92,1.1,
La Liga,2020-2021,2020-11-30,Real Betis,Eibar,0,2,0.52,3.25,
La Liga,2020-2021,2020-12-04,Athletic Club,Celta Vigo,0,2,0.45,1.2,
La Liga,2020-2021,2020-12-05,Levante,Getafe,3,0,2.57,0.49,
La Liga,2020-2021,2020-12-05,Sevilla,Real Madrid,0,1,0.53,1.7,
La Liga,2020-2021,2020-12-05,Atletico Madrid,Real Valladolid,2,0,1.28,0.44,
La Liga,2020-2021,2020-12-05,Cadiz,Barcelona,2,1,2.61,1.71,
La Liga,2020-2021,2020-12-06,Granada,SD Huesca,3,3,1.83,1.69,
La Liga,2020-2021,2020-12-06,Osasuna,Real Betis,0,2,0.37,1.52,
La Liga,2020-2021,2020-12-06,Villarreal,Elche,0,0,0.52,0.05,
La Liga,2020-2021,2020-12-06,Alaves,Real Sociedad,0,0,0.25,1.4,
La Liga,2020-2021,2020-12-07,Eibar,Valencia,0,0,1.09,0.65,
La Liga,2020-2021,2020-12-11,Real Valladolid,Osasuna,3,2,1.88,1.33,
La Liga,2020-2021,2020-12-12,Valencia,Athletic Club,2,2,2.17,1.73,
La Liga,2020-2021,2020-12-12,Getafe,Sevilla,0,1,0.37,0.51,
La Liga,2020-2021,2020-12-12,SD Huesca,Alaves,1,0,0.38,0.17,
La Liga,2020-2021,2020-12-12,Real Madrid,Atletico Madrid,2,0,0.65,0.78,
La Liga,2020-2021,2020-12-13,Real Sociedad,Eibar,1,1,1.34,1.55,
La Liga,2020-2021,2020-12-13,Real Betis,Villarreal,1,1,0.48,1.11,
La Liga,2020-2021,2020-12-13,Elche,Granada,0,1,0.53,1.41,
La Liga,2020-2021,2020-12-13,Barcelona,Levante,1,0,2.62,0.98,
La Liga,2020-2021,2020-12-14,Celta Vigo,Cadiz,4,0,1.52,0.91,
La Liga,2020-2021,2020-12-15,Real Madrid,Athletic Club,3,1,2.58,0.73,
La Liga,2020-2021,2020-12-16,Barcelona,Real Sociedad,2,1,2.58,1.82,
La Liga,2020-2021,2020-12-18,Athletic Club,SD Huesca,2,0,1.52,0.18,
La Liga,2020-2021,2020-12-19,Atletico Madrid,Elche,3,1,2.1,0.52,
La Liga,2020-2021,2020-12-19,Barcelona,Valencia,2,2,3.28,1.97,
La Liga,2020-2021,2020-12-19,Levante,Real Sociedad,2,1,1.53,2.1,
La Liga,2020-2021,2020-12-19,Osasuna,Villarreal,1,3,0.93,2.79,
La Liga,2020-2021,2020-12-19,Sevilla,Real Valladolid,1,1,1.74,0.88,
La Liga,2020-2021,2020-12-20,Celta Vigo,Alaves,2,0,1.63,0.4,
La Liga,2020-2021,2020-12-20,Granada,Real Betis,2,0,1.38,1.05,
La Liga,2020-2021,2020-12-20,Cadiz,Getafe,0,2,0.36,1.1,
La Liga,2020-2021,2020-12-20,Eibar,Real Madrid,1,3,0.64,2.36,
La Liga,2020-2021,2020-12-22,Elche,Osasuna,2,2,1.25,1.7,
La Liga,2020-2021,2020-12-22,Valencia,Sevilla,0,1,0.56,1.85,
La Liga,2020-2021,2020-12-22,SD Huesca,Levante,1,1,1.37,0.58,
La Liga,2020-2021,2020-12-22,Real Sociedad,Atletico Madrid,0,2,0.23,0.55,
La Liga,2020-2021,2020-12-22,Villarreal,Athletic Club,1,1,1.32,0.91,
La Liga,2020-2021,2020-12-22,Real Valladolid,Barcelona,0,3,0.5,3.24,
La Liga,2020-2021,2020-12-23,Getafe,Celta Vigo,1,1,0.27,0.77,
La Liga,2020-2021,2020-12-23,Real Madrid,Granada,2,0,2.04,0.8,
La Liga,2020-2021,2020-12-23,Alaves,Eibar,2,1,1.89,0.79,
La Liga,2020-2021,2020-12-23,Real Betis,Cadiz,1,0,0.34,0.28,
La Liga,2020-2021,2020-12-29,Barcelona,Eibar,1,1,2.06,0.59,
La Liga,2020-2021,2020-12-29,Sevilla,Villarreal,2,0,2.73,0.35,
La Liga,2020-2021,2020-12-29,Levante,Real Betis,4,3,1.68,2.64,
La Liga,2020-2021,2020-12-29,Cadiz,Real Valladolid,0,0,0.79,0.3,
La Liga,2020-2021,2020-12-30,Granada,Valencia,2,1,2.24,1.27,
La Liga,2020-2021,2020-12-30,Atletico Madrid,Getafe,1,0,0.92,0.94,
La Liga,2020-2021,2020-12-30,Celta Vigo,SD Huesca,2,1,2.85,1.05,
La Liga,2020-2021,2020-12-30,Elche,Real Madrid,1,1,1.02,1.55,
La Liga,2020-2021,2020-12-31,Athletic Club,Real Sociedad,0,1,0.17,1.84,
La Liga,2020-2021,2020-12-31,Osasuna,Alaves,1,1,0.32,1.35,
La Liga,2020-2021,2021-01-02,Villarreal,Levante,2,1,1.73,0.55,
La Liga,2020-2021,2021-01-02,Real Betis,Sevilla,1,1,2.04,0.25,
La Liga,2020-2021,2021-01-02,Getafe,Real Valladolid,0,1,0.77,1.17,
La Liga,2020-2021,2021-01-02,Real Madrid,Celta Vigo,2,0,1.25,0.56,
La Liga,2020-2021,2021-01-03,Athletic Club,Elche,1,0,1.39,0.14,
La Liga,2020-2021,2021-01-03,Alaves,Atletico Madrid,1,2,0.15,2.32,
La Liga,2020-2021,2021-01-03,Eibar,Granada,2,0,1.84,0.92,
La Liga,2020-2021,2021-01-03,Real Sociedad,Osasuna,1,1,0.79,0.61,
La Liga,2020-2021,2021-01-03,SD Huesca,Barcelona,0,1,0.26,3.21,
La Liga,2020-2021,2021-01-04,Valencia,Cadiz,1,1,0.94,0.52,
La Liga,2020-2021,2021-01-06,Athletic Club,Barcelona,2,3,0.64,1.4,
La Liga,2020-2021,2021-01-08,Celta Vigo,Villarreal,0,4,0.36,2.88,
La Liga,2020-2021,2021-01-09,Sevilla,Real Sociedad,3,2,2.92,1.06,
La Liga,2020-2021,2021-01-09,Granada,Barcelona,0,4,0.49,1.65,
La Liga,2020-2021,2021-01-09,Osasuna,Real Madrid,0,0,0.59,0.42,
La Liga,2020-2021,2021-01-10,Levante,Eibar,2,1,0.86,1.34,
La Liga,2020-2021,2021-01-10,Cadiz,Alaves,3,1,2.59,0.83,
La Liga,2020-2021,2021-01-10,Real Valladolid,Valencia,0,1,0.56,1.09,
La Liga,2020-2021,2021-01-11,Elche,Getafe,1,3,1.21,3.17,
La Liga,2020-2021,2021-01-11,SD Huesca,Real Betis,0,2,1.15,2.98,
La Liga,2020-2021,2021-01-12,Granada,Osasuna,2,0,0.83,0.62,
La Liga,2020-2021,2021-01-12,Atletico Madrid,Sevilla,2,0,0.58,1.2,
La Liga,2020-2021,2021-01-19,Cadiz,Levante,2,2,0.73,2.01,
La Liga,2020-2021,2021-01-19,Real Valladolid,Elche,2,2,1.02,0.58,
La Liga,2020-2021,2021-01-19,Alaves,Sevilla,1,2,1.41,1.03,
La Liga,2020-2021,2021-01-20,Getafe,SD Huesca,1,0,0.66,0.71,
La Liga,2020-2021,2021-01-20,Real Betis,Celta Vigo,2,1,0.65,0.97,
La Liga,2020-2021,2021-01-20,Villarreal,Granada,2,2,2.16,0.14,
La Liga,2020-2021,2021-01-21,Valencia,Osasuna,1,1,0.44,1.64,
La Liga,2020-2021,2021-01-21,Eibar,Atletico Madrid,1,2,1.27,1.23,
La Liga,2020-2021,2021-01-22,Levante,Real Valladolid,2,2,1.05,0.63,
La Liga,2020-2021,2021-01-23,SD Huesca,Villarreal,0,0,0.18,0.48,
La Liga,2020-2021,2021-01-23,Sevilla,Cadiz,3,0,2.52,1.17,
La Liga,2020-2021,2021-01-23,Real Sociedad,Real Betis,2,2,2.25,0.64,
La Liga,2020-2021,2021-01-23,Alaves,Real Madrid,1,4,0.76,1.42,
La Liga,2020-2021,2021-01-24,Osasuna,Granada,3,1,1.88,0.59,
La Liga,2020-2021,2021-01-24,Elche,Barcelona,0,2,0.48,3.12,
La Liga,2020-2021,2021-01-24,Celta Vigo,Eibar,1,1,1.53,0.59,
La Liga,2020-2021,2021-01-24,Atletico Madrid,Valencia,3,1,2.05,0.25,
La Liga,2020-2021,2021-01-25,Athletic Club,Getafe,5,1,1.88,1.29,
La Liga,2020-2021,2021-01-29,Real Valladolid,SD Huesca,1,3,1.75,1.18,
La Liga,2020-2021,2021-01-30,Eibar,Sevilla,0,2,1.02,1.67,
La Liga,2020-2021,2021-01-30,Real Madrid,Levante,1,2,1.24,1.83,
La Liga,2020-2021,2021-01-30,Valencia,Elche,1,0,3.01,0.33,
La Liga,2020-2021,2021-01-30,Villarreal,Real Sociedad,1,1,0.23,1.17,
La Liga,2020-2021,2021-01-31,Getafe,Alaves,0,0,0.53,0.2,
La Liga,2020-2021,2021-01-31,Cadiz,Atletico Madrid,2,4,0.86,1.8,
La Liga,2020-2021,2021-01-31,Granada,Celta Vigo,0,0,0.32,0.34,
La Liga,2020-2021,2021-01-31,Barcelona,Athletic Club,2,1,2.53,0.28,
La Liga,2020-2021,2021-02-01,Real Betis,Osasuna,1,0,1.93,1.39,
La Liga,2020-2021,2021-02-05,Alaves,Real Valladolid,1,0,1.61,0.05,
La Liga,2020-2021,2021-02-06,Levante,Granada,2,2,1.52,1.27,
La Liga,2020-2021,2021-02-06,SD Huesca,Real Madrid,1,2,0.92,3.54,
La Liga,2020-2021,2021-02-06,Elche,Villarreal,2,2,1.14,1.51,
La Liga,2020-2021,2021-02-06,Sevilla,Getafe,3,0,2.03,0.21,
La Liga,2020-2021,2021-02-07,Real Sociedad,Cadiz,4,1,4.79,0.35,
La Liga,2020-2021,2021-02-07,Athletic Club,Valencia,1,1,1.35,0.84,
La Liga,2020-2021,2021-02-07,Osasuna,Eibar,2,1,2.62,1.08,
La Liga,2020-2021,2021-02-07,Real Betis,Barcelona,2,3,1.88,1.33,
La Liga,2020-2021,2021-02-08,Atletico Madrid,Celta Vigo,2,2,1.23,1.72,
La Liga,2020-2021,2021-02-09,Real Madrid,Getafe,2,0,1.86,0.09,
La Liga,2020-2021,2021-02-12,Celta Vigo,Elche,3,1,2.32,0.84,
La Liga,2020-2021,2021-02-13,Granada,Atletico Madrid,1,2,0.83,0.93,
La Liga,2020-2021,2021-02-13,Sevilla,SD Huesca,1,0,1.33,1.4,
La Liga,2020-2021,2021-02-13,Eibar,Real Valladolid,1,1,1.92,0.97,
La Liga,2020-2021,2021-02-13,Barcelona,Alaves,5,1,2.86,0.71,
La Liga,2020-2021,2021-02-14,Getafe,Real Sociedad,0,1,0.26,1.03,
La Liga,2020-2021,2021-02-14,Real Madrid,Valencia,2,0,0.86,0.06,
La Liga,2020-2021,2021-02-14,Levante,Osasuna,0,1,1.73,0.69,
La Liga,2020-2021,2021-02-14,Villarreal,Real Betis,1,2,1.18,1.35,
La Liga,2020-2021,2021-02-15,Cadiz,Athletic Club,0,4,0.57,2.36,
La Liga,2020-2021,2021-02-17,Levante,Atletico Madrid,1,1,0.64,1.17,
La Liga,2020-2021,2021-02-19,Real Betis,Getafe,1,0,2.67,0.28,
La Liga,2020-2021,2021-02-20,Elche,Eibar,1,0,0.4,1.67,
La Liga,2020-2021,2021-02-20,Atletico Madrid,Levante,0,2,2.06,0.77,
La Liga,2020-2021,2021-02-20,Valencia,Celta Vigo,2,0,1.17,0.69,
La Liga,2020-2021,2021-02-20,Real Valladolid,Real Madrid,0,1,0.91,1.31,
La Liga,2020-2021,2021-02-21,Barcelona,Cadiz,1,1,2.39,1.33,
La Liga,2020-2021,2021-02-21,Real Sociedad,Alaves,4,0,2.5,0.31,
La Liga,2020-2021,2021-02-21,SD Huesca,Granada,3,2,2.47,0.85,
La Liga,2020-2021,2021-02-21,Athletic Club,Villarreal,1,1,2.32,0.07,
La Liga,2020-2021,2021-02-22,Osasuna,Sevilla,0,2,0.46,1.05,
La Liga,2020-2021,2021-02-24,Barcelona,Elche,3,0,2.66,0.35,
La Liga,2020-2021,2021-02-26,Levante,Athletic Club,1,1,1.06,2.0,
La Liga,2020-2021,2021-02-27,Eibar,SD Huesca,1,1,1.8,0.48,
La Liga,2020-2021,2021-02-27,Sevilla,Barcelona,0,2,0.12,1.59,
La Liga,2020-2021,2021-02-27,Alaves,Osasuna,0,1,0.48,0.99,
La Liga,2020-2021,2021-02-27,Getafe,Valencia,3,0,0.9,0.17,
La Liga,2020-2021,2021-02-28,Celta Vigo,Real Valladolid,1,1,0.86,0.76,
La Liga,2020-2021,2021-02-28,Cadiz,Real Betis,0,1,0.23,0.6,
La Liga,2020-2021,2021-02-28,Granada,Elche,2,1,1.45,1.29,
La Liga,2020-2021,2021-02-28,Villarreal,Atletico Madrid,0,2,1.94,0.84,
La Liga,2020-2021,2021-03-01,Real Madrid,Real Sociedad,1,1,1.99,1.22,
La Liga,2020-2021,2021-03-05,Valencia,Villarreal,2,1,1.76,1.85,
La Liga,2020-2021,2021-03-06,Real Valladolid,Getafe,2,1,1.32,0.97,
La Liga,2020-2021,2021-03-06,Elche,Sevilla,2,1,1.01,0.96,
La Liga,2020-2021,2021-03-06,Cadiz,Eibar,1,0,1.62,1.6,
La Liga,2020-2021,2021-03-06,Osasuna,Barcelona,0,2,0.76,1.31,
La Liga,2020-2021,2021-03-07,SD Huesca,Celta Vigo,3,4,3.14,0.66,
La Liga,2020-2021,2021-03-07,Atletico Madrid,Real Madrid,1,1,1.98,1.88,
La Liga,2020-2021,2021-03-07,Real Sociedad,Levante,1,0,4.95,0.19,
La Liga,2020-2021,2021-03-07,Athletic Club,Granada,2,1,1.28,1.46,
La Liga,2020-2021,2021-03-08,Real Betis,Alaves,3,2,2.02,0.8,
La Liga,2020-2021,2021-03-10,Atletico Madrid,Athletic Club,2,1,1.54,0.7,
La Liga,2020-2021,2021-03-12,Levante,Valencia,1,0,0.85,0.49,
La Liga,2020-2021,2021-03-13,Alaves,Cadiz,1,1,1.49,1.75,
La Liga,2020-2021,2021-03-13,Real Madrid,Elche,2,1,1.73,0.73,
La Liga,2020-2021,2021-03-13,Osasuna,Real Valladolid,0,0,0.47,0.89,
La Liga,2020-2021,2021-03-13,Getafe,Atletico Madrid,0,0,0.41,1.82,
La Liga,2020-2021,2021-03-14,Celta Vigo,Athletic Club,0,0,1.19,0.73,
La Liga,2020-2021,2021-03-14,Granada,Real Sociedad,1,0,0.33,0.31,
La Liga,2020-2021,2021-03-14,Eibar,Villarreal,1,3,1.32,2.85,
La Liga,2020-2021,2021-03-14,Sevilla,Real Betis,1,0,0.84,0.66,
La Liga,2020-2021,2021-03-15,Barcelona,SD Huesca,4,1,1.52,2.2,
La Liga,2020-2021,2021-03-17,Sevilla,Elche,2,0,1.95,0.61,
La Liga,2020-2021,2021-03-19,Real Betis,Levante,2,0,2.46,0.57,
La Liga,2020-2021,2021-03-20,Athletic Club,Eibar,1,1,1.73,0.53,
La Liga,2020-2021,2021-03-20,Celta Vigo,Real Madrid,1,3,0.69,2.8,
La Liga,2020-2021,2021-03-20,SD Huesca,Osasuna,0,0,0.89,0.73,
La Liga,2020-2021,2021-03-20,Real Valladolid,Sevilla,1,1,0.81,1.11,
La Liga,2020-2021,2021-03-21,Getafe,Elche,1,1,1.79,1.39,
La Liga,2020-2021,2021-03-21,Valencia,Granada,2,1,1.44,0.92,
La Liga,2020-2021,2021-03-21,Villarreal,Cadiz,2,1,2.51,0.91,
La Liga,2020-2021,2021-03-21,Atletico Madrid,Alaves,1,0,0.65,1.11,
La Liga,2020-2021,2021-03-21,Real Sociedad,Barcelona,1,6,0.92,3.33,
La Liga,2020-2021,2021-04-02,Levante,SD Huesca,0,2,0.46,0.86,
La Liga,2020-2021,2021-04-03,Granada,Villarreal,0,3,1.23,3.5,
La Liga,2020-2021,2021-04-03,Real Madrid,Eibar,2,0,1.96,0.3,
La Liga,2020-2021,2021-04-03,Osasuna,Getafe,0,0,0.2,0.32,
La Liga,2020-2021,2021-04-04,Alaves,Celta Vigo,1,3,1.87,2.59,
La Liga,2020-2021,2021-04-04,Elche,Real Betis,1,1,0.8,1.9,
La Liga,2020-2021,2021-04-04,Cadiz,Valencia,2,1,1.03,0.86,
La Liga,2020-2021,2021-04-04,Sevilla,Atletico Madrid,1,0,1.9,0.55,
La Liga,2020-2021,2021-04-05,Barcelona,Real Valladolid,1,0,1.69,0.44,
La Liga,2020-2021,2021-04-07,Real Sociedad,Athletic Club,1,1,0.72,0.99,
La Liga,2020-2021,2021-04-09,SD Huesca,Elche,3,1,1.09,0.88,
La Liga,2020-2021,2021-04-10,Getafe,Cadiz,0,1,2.78,0.64,
La Liga,2020-2021,2021-04-10,Athletic Club,Alaves,0,0,1.81,0.45,
La Liga,2020-2021,2021-04-10,Eibar,Levante,0,1,0.36,0.31,
La Liga,2020-2021,2021-04-10,Real Madrid,Barcelona,2,1,1.65,1.16,
La Liga,2020-2021,2021-04-11,Villarreal,Osasuna,1,2,1.6,1.29,
La Liga,2020-2021,2021-04-11,Valencia,Real Sociedad,2,2,2.34,1.13,
La Liga,2020-2021,2021-04-11,Real Valladolid,Granada,1,2,1.19,1.22,
La Liga,2020-2021,2021-04-11,Real Betis,Atletico Madrid,1,1,0.61,1.34,
La Liga,2020-2021,2021-04-12,Celta Vigo,Sevilla,3,4,2.09,1.6,
La Liga,2020-2021,2021-04-18,Osasuna,Elche,2,0,0.53,0.7,
La Liga,2020-2021,2021-04-18,Real Sociedad,Sevilla,1,2,0.29,3.65,
La Liga,2020-2021,2021-04-18,Alaves,SD Huesca,1,0,0.32,0.75,
La Liga,2020-2021,2021-04-18,Atletico Madrid,Eibar,5,0,2.75,0.0,
La Liga,2020-2021,2021-04-18,Real Betis,Valencia,2,2,0.63,1.62,
La Liga,2020-2021,2021-04-18,Cadiz,Celta Vigo,0,0,0.32,0.44,
La Liga,2020-2021,2021-04-18,Getafe,Real Madrid,0,0,2.19,0.62,
La Liga,2020-2021,2021-04-18,Levante,Villarreal,1,5,0.84,1.88,
La Liga,2020-2021,2021-04-21,Levante,Sevilla,0,1,0.31,2.05,
La Liga,2020-2021,2021-04-21,Osasuna,Valencia,3,1,3.64,1.2,
La Liga,2020-2021,2021-04-21,Real Betis,Athletic Club,0,0,0.24,0.85,
La Liga,2020-2021,2021-04-21,Alaves,Villarreal,2,1,1.41,1.45,
La Liga,2020-2021,2021-04-21,Elche,Real Valladolid,1,1,1.34,1.3,
La Liga,2020-2021,2021-04-21,Cadiz,Real Madrid,0,3,1.32,3.53,
La Liga,2020-2021,2021-04-22,Atletico Madrid,SD Huesca,2,0,2.33,1.41,
La Liga,2020-2021,2021-04-22,Granada,Eibar,4,1,1.76,1.35,
La Liga,2020-2021,2021-04-22,Real Sociedad,Celta Vigo,2,1,2.19,0.5,
La Liga,2020-2021,2021-04-22,Barcelona,Getafe,5,2,2.15,1.4,
La Liga,2020-2021,2021-04-24,Elche,Levante,1,0,0.43,0.24,
La Liga,2020-2021,2021-04-24,Real Valladolid,Cadiz,1,1,3.24,1.56,
La Liga,2020-2021,2021-04-24,Valencia,Alaves,1,1,1.01,0.89,
La Liga,2020-2021,2021-04-24,Real Madrid,Real Betis,0,0,0.99,0.9,
La Liga,2020-2021,2021-04-25,SD Huesca,Getafe,0,2,0.47,0.71,
La Liga,2020-2021,2021-04-25,Villarreal,Barcelona,1,2,0.96,3.38,
La Liga,2020-2021,2021-04-25,Celta Vigo,Osasuna,2,1,0.6,1.42,
La Liga,2020-2021,2021-04-25,Sevilla,Granada,2,1,1.27,0.9,
La Liga,2020-2021,2021-04-25,Athletic Club,Atletico Madrid,2,1,1.43,0.75,
La Liga,2020-2021,2021-04-26,Eibar,Real Sociedad,0,1,0.73,0.71,
La Liga,2020-2021,2021-04-28,Athletic Club,Real Valladolid,2,2,1.73,0.64,
La Liga,2020-2021,2021-04-29,Barcelona,Granada,1,2,1.44,0.81,
La Liga,2020-2021,2021-04-30,Celta Vigo,Levante,2,0,2.36,0.98,
La Liga,2020-2021,2021-05-01,Eibar,Alaves,3,0,1.64,0.15,
La Liga,2020-2021,2021-05-01,Elche,Atletico Madrid,0,1,1.38,1.02,
La Liga,2020-2021,2021-05-01,SD Huesca,Real Sociedad,1,0,0.45,0.3,
La Liga,2020-2021,2021-05-01,Real Madrid,Osasuna,2,0,1.63,0.07,
La Liga,2020-2021,2021-05-02,Real Valladolid,Real Betis,1,1,0.76,1.88,
La Liga,2020-2021,2021-05-02,Villarreal,Getafe,1,0,0.18,0.49,
La Liga,2020-2021,2021-05-02,Granada,Cadiz,0,1,0.92,1.6,
La Liga,2020-2021,2021-05-02,Valencia,Barcelona,2,3,1.41,3.98,
La Liga,2020-2021,2021-05-03,Sevilla,Athletic Club,0,1,0.79,0.69,
La Liga,2020-2021,2021-05-07,Real Sociedad,Elche,2,0,2.39,0.08,
La Liga,2020-2021,2021-05-08,Alaves,Levante,2,2,1.33,0.99,
La Liga,2020-2021,2021-05-08,Barcelona,Atletico Madrid,0,0,0.85,0.69,
La Liga,2020-2021,2021-05-08,Cadiz,SD Huesca,2,1,0.99,0.44,
La Liga,2020-2021,2021-05-08,Athletic Club,Osasuna,2,2,1.39,1.56,
La Liga,2020-2021,2021-05-09,Getafe,Eibar,0,1,0.77,1.07,
La Liga,2020-2021,2021-05-09,Valencia,Real Valladolid,3,0,1.26,0.75,
La Liga,2020-2021,2021-05-09,Villarreal,Celta Vigo,2,4,2.51,1.98,
La Liga,2020-2021,2021-05-09,Real Madrid,Sevilla,2,2,1.0,1.07,
La Liga,2020-2021,2021-05-10,Real Betis,Granada,2,1,1.85,2.08,
La Liga,2020-2021,2021-05-11,Osasuna,Cadiz,3,2,2.15,1.55,
La Liga,2020-2021,2021-05-11,Elche,Alaves,0,2,0.89,1.66,
La Liga,2020-2021,2021-05-11,Levante,Barcelona,3,3,1.28,3.08,
La Liga,2020-2021,2021-05-12,Sevilla,Valencia,1,0,0.87,0.34,
La Liga,2020-2021,2021-05-12,Celta Vigo,Getafe,1,0,0.21,1.14,
La Liga,2020-2021,2021-05-12,SD Huesca,Athletic Club,1,0,1.56,0.4,
La Liga,2020-2021,2021-05-12,Atletico Madrid,Real Sociedad,2,1,1.79,1.53,
La Liga,2020-2021,2021-05-13,Real Valladolid,Villarreal,0,2,1.39,0.6,
La Liga,2020-2021,2021-05-13,Eibar,Real Betis,1,1,1.11,0.61,
La Liga,2020-2021,2021-05-13,Granada,Real Madrid,1,4,1.7,1.39,
La Liga,2020-2021,2021-05-16,Alaves,Granada,4,2,2.84,0.84,
La Liga,2020-2021,2021-05-16,Athletic Club,Real Madrid,0,1,0.71,1.22,
La Liga,2020-2021,2021-05-16,Atletico Madrid,Osasuna,2,1,2.98,0.67,
La Liga,2020-2021,2021-05-16,Barcelona,Celta Vigo,1,2,2.11,0.63,
La Liga,2020-2021,2021-05-16,Real Betis,SD Huesca,1,0,1.17,0.25,
La Liga,2020-2021,2021-05-16,Getafe,Levante,2,1,0.77,0.44,
La Liga,2020-2021,2021-05-16,Cadiz,Elche,1,3,1.07,2.84,
La Liga,2020-2021,2021-05-16,Real Sociedad,Real Valladolid,4,1,1.68,1.05,
La Liga,2020-2021,2021-05-16,Valencia,Eibar,4,1,1.33,2.68,
La Liga,2020-2021,2021-05-16,Villarreal,Sevilla,4,0,1.61,2.52,
La Liga,2020-2021,2021-05-21,Levante,Cadiz,2,2,1.51,0.42,
La Liga,2020-2021,2021-05-22,Celta Vigo,Real Betis,2,3,1.22,2.07,
La Liga,2020-2021,2021-05-22,Eibar,Barcelona,0,1,1.45,0.28,
La Liga,2020-2021,2021-05-22,SD Huesca,Valencia,0,0,0.97,0.42,
La Liga,2020-2021,2021-05-22,Osasuna,Real Sociedad,0,1,0.41,2.08,
La Liga,2020-2021,2021-05-22,Real Madrid,Villarreal,2,1,0.8,0.61,
La Liga,2020-2021,2021-05-22,Real Valladolid,Atletico Madrid,1,2,1.0,1.29,
La Liga,2020-2021,2021-05-22,Elche,Athletic Club,2,0,1.33,0.3,
La Liga,2020-2021,2021-05-23,Granada,Getafe,0,0,0.44,0.46,
La Liga,2020-2021,2021-05-23,Sevilla,Alaves,1,0,0.36,0.79,
La Liga,2021-2022,2021-08-13,Valencia,Getafe,1,0,1.58,1.19,
La Liga,2021-2022,2021-08-14,Mallorca,Real Betis,1,1,0.57,0.81,
La Liga,2021-2022,2021-08-14,Cadiz,Levante,1,1,0.99,0.92,
La Liga,2021-2022,2021-08-14,Osasuna,Espanyol,0,0,0.58,0.58,
La Liga,2021-2022,2021-08-14,Alaves,Real Madrid,1,4,1.41,2.16,
La Liga,2021-2022,2021-08-15,Celta Vigo,Atletico Madrid,1,2,1.59,1.8,
La Liga,2021-2022,2021-08-15,Barcelona,Real Sociedad,4,2,3.46,0.9,
La Liga,2021-2022,2021-08-15,Sevilla,Rayo Vallecano,3,0,3.67,0.48,
La Liga,2021-2022,2021-08-16,Villarreal,Granada,0,0,1.22,0.25,
La Liga,2021-2022,2021-08-16,Elche,Athletic Club,0,0,0.93,0.63,
La Liga,2021-2022,2021-08-20,Real Betis,Cadiz,1,1,1.82,1.45,
La Liga,2021-2022,2021-08-21,Alaves,Mallorca,0,1,0.92,0.82,
La Liga,2021-2022,2021-08-21,Granada,Valencia,1,1,0.75,1.5,
La Liga,2021-2022,2021-08-21,Espanyol,Villarreal,0,0,1.69,0.6,
La Liga,2021-2022,2021-08-21,Athletic Club,Barcelona,1,1,1.43,1.18,
La Liga,2021-2022,2021-08-22,Real Sociedad,Rayo Vallecano,1,0,2.27,0.76,
La Liga,2021-2022,2021-08-22,Atletico Madrid,Elche,1,0,1.05,0.17,
La Liga,2021-2022,2021-08-22,Levante,Real Madrid,3,3,1.64,2.14,
La Liga,2021-2022,2021-08-23,Getafe,Sevilla,0,1,0.39,0.81,
La Liga,2021-2022,2021-08-23,Osasuna,Celta Vigo,0,0,2.58,0.08,
La Liga,2021-2022,2021-08-27,Mallorca,Espanyol,1,0,1.29,0.3,
La Liga,2021-2022,2021-08-27,Valencia,Alaves,3,0,2.34,0.36,
La Liga,2021-2022,2021-08-28,Celta Vigo,Athletic Club,0,1,0.93,1.45,
La Liga,2021-2022,2021-08-28,Real Sociedad,Levante,1,0,0.86,0.52,
La Liga,2021-2022,2021-08-28,Elche,Sevilla,1,1,0.86,1.7,
La Liga,2021-2022,2021-08-28,Real Betis,Real Madrid,0,1,0.42,0.94,
La Liga,2021-2022,2021-08-29,Barcelona,Getafe,2,1,1.05,0.28,
La Liga,2021-2022,2021-08-29,Cadiz,Osasuna,2,3,1.36,2.28,
La Liga,2021-2022,2021-08-29,Rayo Vallecano,Granada,4,0,2.2,0.59,
La Liga,2021-2022,2021-08-29,Atletico Madrid,Villarreal,2,2,1.77,0.45,
La Liga,2021-2022,2021-09-11,Levante,Rayo Vallecano,1,1,1.11,2.77,
La Liga,2021-2022,2021-09-11,Athletic Club,Mallorca,2,0,1.85,0.23,
La Liga,2021-2022,2021-09-12,Espanyol,Atletico Madrid,1,2,0.37,0.73,
La Liga,2021-2022,2021-09-12,Osasuna,Valencia,1,4,0.46,0.92,
La Liga,2021-2022,2021-09-12,Cadiz,Real Sociedad,0,2,0.61,2.37,
La Liga,2021-2022,2021-09-12,Real Madrid,Celta Vigo,5,2,3.04,1.99,
La Liga,2021-2022,2021-09-13,Getafe,Elche,0,1,0.38,1.07,
La Liga,2021-2022,2021-09-13,Granada,Real Betis,1,2,0.78,2.44,
La Liga,2021-2022,2021-09-17,Celta Vigo,Cadiz,1,2,0.99,1.07,
La Liga,2021-2022,2021-09-18,Rayo Vallecano,Getafe,3,0,1.99,1.15,
La Liga,2021-2022,2021-09-18,Atletico Madrid,Athletic Club,0,0,1.1,1.11,
La Liga,2021-2022,2021-09-18,Elche,Levante,1,1,0.54,1.12,
La Liga,2021-2022,2021-09-18,Alaves,Osasuna,0,2,0.25,1.32,
La Liga,2021-2022,2021-09-19,Mallorca,Villarreal,0,0,0.53,1.63,
La Liga,2021-2022,2021-09-19,Real Sociedad,Sevilla,0,0,1.18,0.77,
La Liga,2021-2022,2021-09-19,Real Betis,Espanyol,2,2,2.37,1.22,
La Liga,2021-2022,2021-09-19,Valencia,Real Madrid,1,2,0.65,1.36,
La Liga,2021-2022,2021-09-20,Barcelona,Granada,1,1,1.88,0.61,
La Liga,2021-2022,2021-09-21,Getafe,Atletico Madrid,1,2,0.33,1.48,
La Liga,2021-2022,2021-09-21,Athletic Club,Rayo Vallecano,1,2,0.96,1.04,
La Liga,2021-2022,2021-09-21,Levante,Celta Vigo,0,2,1.41,0.74,
La Liga,2021-2022,2021-09-22,Sevilla,Valencia,3,1,1.21,0.44,
La Liga,2021-2022,2021-09-22,Espanyol,Alaves,1,0,1.62,0.42,
La Liga,2021-2022,2021-09-22,Villarreal,Elche,4,1,2.78,1.1,
La Liga,2021-2022,2021-09-22,Real Madrid,Mallorca,6,1,2.37,1.19,
La Liga,2021-2022,2021-09-23,Granada,Real Sociedad,2,3,1.25,1.58,
La Liga,2021-2022,2021-09-23,Osasuna,Real Betis,1,3,0.82,2.2,
La Liga,2021-2022,2021-09-23,Cadiz,Barcelona,0,0,1.4,0.36,
La Liga,2021-2022,2021-09-25,Alaves,Atletico Madrid,1,0,1.2,0.56,
La Liga,2021-2022,2021-09-25,Valencia,Athletic Club,1,1,1.09,0.83,
La Liga,2021-2022,2021-09-25,Sevilla,Espanyol,2,0,1.58,0.48,
La Liga,2021-2022,2021-09-25,Real Madrid,Villarreal,0,0,1.54,0.67,
La Liga,2021-2022,2021-09-26,Mallorca,Osasuna,2,3,2.74,1.64,
La Liga,2021-2022,2021-09-26,Barcelona,Levante,3,0,3.11,0.71,
La Liga,2021-2022,2021-09-26,Rayo Vallecano,Cadiz,3,1,1.89,1.1,
La Liga,2021-2022,2021-09-26,Real Sociedad,Elche,1,0,2.12,0.57,
La Liga,2021-2022,2021-09-26,Real Betis,Getafe,2,0,2.46,0.59,
La Liga,2021-2022,2021-09-27,Celta Vigo,Granada,1,0,1.27,0.54,
La Liga,2021-2022,2021-10-01,Athletic Club,Alaves,1,0,2.49,0.81,
La Liga,2021-2022,2021-10-02,Osasuna,Rayo Vallecano,1,0,0.66,0.15,
La Liga,2021-2022,2021-10-02,Mallorca,Levante,1,0,0.44,1.43,
La Liga,2021-2022,2021-10-02,Cadiz,Valencia,0,0,0.16,1.44,
La Liga,2021-2022,2021-10-02,Atletico Madrid,Barcelona,2,0,1.37,0.75,
La Liga,2021-2022,2021-10-03,Elche,Celta Vigo,1,0,1.4,0.71,
La Liga,2021-2022,2021-10-03,Espanyol,Real Madrid,2,1,1.29,1.62,
La Liga,2021-2022,2021-10-03,Villarreal,Real Betis,2,0,2.59,0.53,
La Liga,2021-2022,2021-10-03,Getafe,Real Sociedad,1,1,0.52,0.8,
La Liga,2021-2022,2021-10-03,Granada,Sevilla,1,0,0.08,1.4,
La Liga,2021-2022,2021-10-16,Levante,Getafe,0,0,0.83,0.56,
La Liga,2021-2022,2021-10-16,Real Sociedad,Mallorca,1,0,0.4,0.36,
La Liga,2021-2022,2021-10-17,Rayo Vallecano,Elche,2,1,1.11,0.33,
La Liga,2021-2022,2021-10-17,Celta Vigo,Sevilla,0,1,0.89,0.83,
La Liga,2021-2022,2021-10-17,Villarreal,Osasuna,1,2,0.71,0.96,
La Liga,2021-2022,2021-10-17,Barcelona,Valencia,3,1,2.38,0.38,
La Liga,2021-2022,2021-10-18,Alaves,Real Betis,0,1,1.36,1.48,
La Liga,2021-2022,2021-10-18,Espanyol,Cadiz,2,0,1.74,0.6,
La Liga,2021-2022,2021-10-22,Osasuna,Granada,1,1,1.24,0.43,
La Liga,2021-2022,2021-10-23,Valencia,Mallorca,2,2,1.47,0.81,
La Liga,2021-2022,2021-10-23,Cadiz,Alaves,0,2,2.0,1.87,
La Liga,2021-2022,2021-10-23,Elche,Espanyol,2,2,1.0,1.05,
La Liga,2021-2022,2021-10-23,Athletic Club,Villarreal,2,1,2.64,0.61,
La Liga,2021-2022,2021-10-24,Sevilla,Levante,5,3,1.83,1.29,
La Liga,2021-2022,2021-10-24,Barcelona,Real Madrid,1,2,1.59,1.55,
La Liga,2021-2022,2021-10-24,Real Betis,Rayo Vallecano,3,2,1.43,1.17,
La Liga,2021-2022,2021-10-24,Atletico Madrid,Real Sociedad,2,2,1.75,0.83,
La Liga,2021-2022,2021-10-25,Getafe,Celta Vigo,0,3,0.46,2.48,
La Liga,2021-2022,2021-10-26,Alaves,Elche,1,0,1.81,0.28,
La Liga,2021-2022,2021-10-26,Espanyol,Athletic Club,1,1,1.23,3.68,
La Liga,2021-2022,2021-10-26,Villarreal,Cadiz,3,3,1.95,1.54,
La Liga,2021-2022,2021-10-27,Rayo Vallecano,Barcelona,1,0,0.79,2.86,
La Liga,2021-2022,2021-10-27,Mallorca,Sevilla,1,1,2.27,1.42,
La Liga,2021-2022,2021-10-27,Real Betis,Valencia,4,1,2.58,2.18,
La Liga,2021-2022,2021-10-27,Real Madrid,Osasuna,0,0,0.66,0.71,
La Liga,2021-2022,2021-10-28,Celta Vigo,Real Sociedad,0,2,1.0,1.43,
La Liga,2021-2022,2021-10-28,Granada,Getafe,1,1,2.26,0.58,
La Liga,2021-2022,2021-10-28,Levante,Atletico Madrid,2,2,2.12,1.33,
La Liga,2021-2022,2021-10-30,Elche,Real Madrid,1,2,1.15,1.61,
La Liga,2021-2022,2021-10-30,Sevilla,Osasuna,2,0,2.43,0.79,
La Liga,2021-2022,2021-10-30,Valencia,Villarreal,2,0,1.66,0.8,
La Liga,2021-2022,2021-10-30,Barcelona,Alaves,1,1,1.56,0.6,
La Liga,2021-2022,2021-10-31,Cadiz,Mallorca,1,1,1.8,1.04,
La Liga,2021-2022,2021-10-31,Atletico Madrid,Real Betis,3,0,2.55,0.52,
La Liga,2021-2022,2021-10-31,Getafe,Espanyol,2,1,0.95,0.62,
La Liga,2021-2022,2021-10-31,Real Sociedad,Athletic Club,1,1,1.06,1.01,
La Liga,2021-2022,2021-11-01,Rayo Vallecano,Celta Vigo,0,0,0.47,0.44,
La Liga,2021-2022,2021-11-01,Levante,Granada,0,3,1.33,1.46,
La Liga,2021-2022,2021-11-05,Athletic Club,Cadiz,0,1,0.58,0.49,
La Liga,2021-2022,2021-11-06,Espanyol,Granada,2,0,1.76,2.07,
La Liga,2021-2022,2021-11-06,Celta Vigo,Barcelona,3,3,1.77,1.14,
La Liga,2021-2022,2021-11-06,Alaves,Levante,2,1,1.53,0.8,
La Liga,2021-2022,2021-11-06,Real Madrid,Rayo Vallecano,2,1,2.73,1.78,
La Liga,2021-2022,2021-11-07,Villarreal,Getafe,1,0,1.49,0.15,
La Liga,2021-2022,2021-11-07,Valencia,Atletico Madrid,3,3,1.57,2.64,
La Liga,2021-2022,2021-11-07,Mallorca,Elche,2,2,2.05,0.68,
La Liga,2021-2022,2021-11-07,Osasuna,Real Sociedad,0,2,0.5,1.43,
La Liga,2021-2022,2021-11-07,Real Betis,Sevilla,0,2,0.39,1.42,
La Liga,2021-2022,2021-11-19,Levante,Athletic Club,0,0,0.63,0.45,
La Liga,2021-2022,2021-11-20,Celta Vigo,Villarreal,1,1,0.91,2.72,
La Liga,2021-2022,2021-11-20,Sevilla,Alaves,2,2,1.38,1.47,
La Liga,2021-2022,2021-11-20,Atletico Madrid,Osasuna,1,0,1.61,0.38,
La Liga,2021-2022,2021-11-20,Barcelona,Espanyol,1,0,1.51,1.41,
La Liga,2021-2022,2021-11-21,Getafe,Cadiz,4,0,1.54,0.37,
La Liga,2021-2022,2021-11-21,Granada,Real Madrid,1,4,0.56,3.78,
La Liga,2021-2022,2021-11-21,Elche,Real Betis,0,3,0.82,1.6,
La Liga,2021-2022,2021-11-21,Real Sociedad,Valencia,0,0,0.41,0.58,
La Liga,2021-2022,2021-11-22,Rayo Vallecano,Mallorca,3,1,1.95,0.83,
La Liga,2021-2022,2021-11-26,Athletic Club,Granada,2,2,1.34,0.98,
La Liga,2021-2022,2021-11-27,Alaves,Celta Vigo,1,2,0.68,1.54,
La Liga,2021-2022,2021-11-27,Valencia,Rayo Vallecano,1,1,1.58,2.03,
La Liga,2021-2022,2021-11-27,Mallorca,Getafe,0,0,0.47,0.74,
La Liga,2021-2022,2021-11-27,Villarreal,Barcelona,1,3,1.56,3.37,
La Liga,2021-2022,2021-11-28,Real Betis,Levante,3,1,2.31,0.65,
La Liga,2021-2022,2021-11-28,Espanyol,Real Sociedad,1,0,0.38,1.33,
La Liga,2021-2022,2021-11-28,Cadiz,Atletico Madrid,1,4,0.77,3.33,
La Liga,2021-2022,2021-11-28,Real Madrid,Sevilla,2,1,1.25,1.3,
La Liga,2021-2022,2021-11-29,Osasuna,Elche,1,1,2.14,1.06,
La Liga,2021-2022,2021-12-01,Real Madrid,Athletic Club,1,0,1.61,2.7,
La Liga,2021-2022,2021-12-03,Granada,Alaves,2,1,1.08,1.38,
La Liga,2021-2022,2021-12-04,Sevilla,Villarreal,1,0,0.47,1.91,
La Liga,2021-2022,2021-12-04,Barcelona,Real Betis,0,1,1.21,0.64,
La Liga,2021-2022,2021-12-04,Atletico Madrid,Mallorca,1,2,2.07,0.78,
La Liga,2021-2022,2021-12-04,Real Sociedad,Real Madrid,0,2,0.59,2.19,
La Liga,2021-2022,2021-12-05,Rayo Vallecano,Espanyol,1,0,0.65,0.47,
La Liga,2021-2022,2021-12-05,Elche,Cadiz,3,1,2.33,1.51,
La Liga,2021-2022,2021-12-05,Levante,Osasuna,0,0,0.51,0.25,
La Liga,2021-2022,2021-12-05,Celta Vigo,Valencia,1,2,0.65,1.01,
La Liga,2021-2022,2021-12-06,Getafe,Athletic Club,0,0,1.36,0.47,
La Liga,2021-2022,2021-12-10,Mallorca,Celta Vigo,0,0,0.9,1.33,
La Liga,2021-2022,2021-12-11,Espanyol,Levante,4,3,2.14,3.39,
La Liga,2021-2022,2021-12-11,Alaves,Getafe,1,1,0.99,1.05,
La Liga,2021-2022,2021-12-11,Valencia,Elche,2,1,1.68,1.13,
La Liga,2021-2022,2021-12-11,Athletic Club,Sevilla,0,1,2.36,0.21,
La Liga,2021-2022,2021-12-12,Villarreal,Rayo Vallecano,2,0,2.11,1.41,
La Liga,2021-2022,2021-12-12,Osasuna,Barcelona,2,2,0.37,1.39,
La Liga,2021-2022,2021-12-12,Real Betis,Real Sociedad,4,0,1.22,1.07,
La Liga,2021-2022,2021-12-12,Real Madrid,Atletico Madrid,2,0,0.59,0.77,
La Liga,2021-2022,2021-12-13,Cadiz,Granada,1,1,0.62,1.12,
La Liga,2021-2022,2021-12-17,Celta Vigo,Espanyol,3,1,1.66,0.38,
La Liga,2021-2022,2021-12-18,Rayo Vallecano,Alaves,2,0,1.87,0.2,
La Liga,2021-2022,2021-12-18,Real Sociedad,Villarreal,1,3,1.35,3.02,
La Liga,2021-2022,2021-12-18,Barcelona,Elche,3,2,2.96,1.27,
La Liga,2021-2022,2021-12-18,Sevilla,Atletico Madrid,2,1,0.37,1.24,
La Liga,2021-2022,2021-12-19,Granada,Mallorca,4,1,2.72,1.09,
La Liga,2021-2022,2021-12-19,Athletic Club,Real Betis,3,2,1.19,2.02,
La Liga,2021-2022,2021-12-19,Getafe,Osasuna,1,0,1.09,0.71,
La Liga,2021-2022,2021-12-19,Real Madrid,Cadiz,0,0,2.8,0.24,
La Liga,2021-2022,2021-12-20,Levante,Valencia,3,4,2.74,2.11,
La Liga,2021-2022,2021-12-21,Villarreal,Alaves,5,2,3.88,0.31,
La Liga,2021-2022,2021-12-21,Sevilla,Barcelona,1,1,0.3,1.91,
La Liga,2021-2022,2021-12-22,Granada,Atletico Madrid,2,1,0.91,1.78,
La Liga,2021-2022,2021-12-22,Athletic Club,Real Madrid,1,2,1.09,1.59,
La Liga,2021-2022,2021-12-31,Valencia,Espanyol,1,2,0.86,2.15,
La Liga,2021-2022,2022-01-02,Getafe,Real Madrid,1,0,0.9,0.91,
La Liga,2021-2022,2022-01-02,Elche,Granada,0,0,1.45,0.97,
La Liga,2021-2022,2022-01-02,Atletico Madrid,Rayo Vallecano,2,0,1.98,0.1,
La Liga,2021-2022,2022-01-02,Alaves,Real Sociedad,1,1,1.54,1.38,
La Liga,2021-2022,2022-01-02,Real Betis,Celta Vigo,0,2,0.89,1.87,
La Liga,2021-2022,2022-01-02,Mallorca,Barcelona,0,1,0.99,1.62,
La Liga,2021-2022,2022-01-03,Villarreal,Levante,5,0,4.19,0.42,
La Liga,2021-2022,2022-01-03,Osasuna,Athletic Club,1,3,0.52,2.49,
La Liga,2021-2022,2022-01-03,Cadiz,Sevilla,0,1,0.24,1.28,
La Liga,2021-2022,2022-01-08,Levante,Mallorca,2,0,1.32,1.17,
La Liga,2021-2022,2022-01-08,Real Sociedad,Celta Vigo,1,0,2.32,0.31,
La Liga,2021-2022,2022-01-08,Granada,Barcelona,1,1,0.75,0.97,
La Liga,2021-2022,2022-01-08,Real Madrid,Valencia,4,1,4.11,1.12,
La Liga,2021-2022,2022-01-09,Rayo Vallecano,Real Betis,1,1,1.48,1.27,
La Liga,2021-2022,2022-01-09,Sevilla,Getafe,1,0,0.59,0.11,
La Liga,2021-2022,2022-01-09,Alaves,Athletic Club,0,0,0.59,0.46,
La Liga,2021-2022,2022-01-09,Osasuna,Cadiz,2,0,3.13,0.21,
La Liga,2021-2022,2022-01-09,Villarreal,Atletico Madrid,2,2,2.56,0.88,
La Liga,2021-2022,2022-01-10,Espanyol,Elche,1,2,1.3,0.66,
La Liga,2021-2022,2022-01-16,Elche,Villarreal,1,0,0.2,0.76,
La Liga,2021-2022,2022-01-18,Cadiz,Espanyol,2,2,0.8,1.92,
La Liga,2021-2022,2022-01-18,Real Betis,Alaves,4,0,2.1,0.26,
La Liga,2021-2022,2022-01-19,Celta Vigo,Osasuna,2,0,1.52,0.47,
La Liga,2021-2022,2022-01-19,Valencia,Sevilla,1,1,0.57,1.18,
La Liga,2021-2022,2022-01-20,Getafe,Granada,4,2,1.18,0.86,
La Liga,2021-2022,2022-01-21,Espanyol,Real Betis,1,4,1.57,2.86,
La Liga,2021-2022,2022-01-22,Levante,Cadiz,0,2,1.08,0.91,
La Liga,2021-2022,2022-01-22,Villarreal,Mallorca,3,0,2.2,1.6,
La Liga,2021-2022,2022-01-22,Sevilla,Celta Vigo,2,2,0.89,0.47,
La Liga,2021-2022,2022-01-22,Atletico Madrid,Valencia,3,2,2.26,0.73,
La Liga,2021-2022,2022-01-23,Granada,Osasuna,0,2,0.58,2.17,
La Liga,2021-2022,2022-01-23,Real Madrid,Elche,2,2,3.83,0.73,
La Liga,2021-2022,2022-01-23,Real Sociedad,Getafe,0,0,1.21,0.35,
La Liga,2021-2022,2022-01-23,Rayo Vallecano,Athletic Club,0,1,1.45,0.41,
La Liga,2021-2022,2022-01-23,Alaves,Barcelona,0,1,0.73,1.15,
La Liga,2021-2022,2022-02-04,Getafe,Levante,3,0,1.17,0.56,
La Liga,2021-2022,2022-02-05,Elche,Alaves,3,1,1.77,1.12,
La Liga,2021-2022,2022-02-05,Mallorca,Cadiz,2,1,2.23,0.89,
La Liga,2021-2022,2022-02-05,Celta Vigo,Rayo Vallecano,2,0,0.65,0.68,
La Liga,2021-2022,2022-02-05,Osasuna,Sevilla,0,0,0.4,1.35,
La Liga,2021-2022,2022-02-06,Valencia,Real Sociedad,0,0,1.19,0.54,
La Liga,2021-2022,2022-02-06,Barcelona,Atletico Madrid,4,2,0.93,1.61,
La Liga,2021-2022,2022-02-06,Real Betis,Villarreal,0,2,0.74,1.34,
La Liga,2021-2022,2022-02-06,Real Madrid,Granada,1,0,1.47,0.4,
La Liga,2021-2022,2022-02-07,Athletic Club,Espanyol,2,1,1.08,0.58,
La Liga,2021-2022,2022-02-11,Sevilla,Elche,2,0,0.77,0.29,
La Liga,2021-2022,2022-02-12,Cadiz,Celta Vigo,0,0,0.88,0.9,
La Liga,2021-2022,2022-02-12,Villarreal,Real Madrid,0,0,0.46,2.11,
La Liga,2021-2022,2022-02-12,Rayo Vallecano,Osasuna,0,3,0.59,2.12,
La Liga,2021-2022,2022-02-12,Atletico Madrid,Getafe,4,3,3.21,2.27,
La Liga,2021-2022,2022-02-13,Alaves,Valencia,2,1,2.03,1.18,
La Liga,2021-2022,2022-02-13,Levante,Real Betis,2,4,1.67,2.1,
La Liga,2021-2022,2022-02-13,Real Sociedad,Granada,2,0,3.44,0.77,
La Liga,2021-2022,2022-02-13,Espanyol,Barcelona,2,2,0.62,1.62,
La Liga,2021-2022,2022-02-14,Mallorca,Athletic Club,3,2,1.82,1.54,
La Liga,2021-2022,2022-02-16,Atletico Madrid,Levante,0,1,1.11,0.81,
La Liga,2021-2022,2022-02-18,Elche,Rayo Vallecano,2,1,2.96,0.83,
La Liga,2021-2022,2022-02-19,Granada,Villarreal,1,4,2.13,5.34,
La Liga,2021-2022,2022-02-19,Osasuna,Atletico Madrid,0,3,0.69,0.93,
La Liga,2021-2022,2022-02-19,Cadiz,Getafe,1,1,0.65,0.89,
La Liga,2021-2022,2022-02-19,Real Madrid,Alaves,3,0,3.02,0.64,
La Liga,2021-2022,2022-02-20,Espanyol,Sevilla,1,1,1.6,0.96,
La Liga,2021-2022,2022-02-20,Valencia,Barcelona,1,4,0.77,2.47,
La Liga,2021-2022,2022-02-20,Real Betis,Mallorca,2,1,1.47,0.34,
La Liga,2021-2022,2022-02-20,Athletic Club,Real Sociedad,4,0,3.09,0.53,
La Liga,2021-2022,2022-02-21,Celta Vigo,Levante,1,1,1.4,1.55,
La Liga,2021-2022,2022-02-25,Levante,Elche,3,0,2.13,1.04,
La Liga,2021-2022,2022-02-26,Mallorca,Valencia,0,1,1.39,0.72,
La Liga,2021-2022,2022-02-26,Getafe,Alaves,2,2,1.24,1.34,
La Liga,2021-2022,2022-02-26,Rayo Vallecano,Real Madrid,0,1,1.2,1.93,
La Liga,2021-2022,2022-02-26,Atletico Madrid,Celta Vigo,2,0,0.77,0.72,
La Liga,2021-2022,2022-02-27,Villarreal,Espanyol,5,1,4.81,0.64,
La Liga,2021-2022,2022-02-27,Sevilla,Real Betis,2,1,1.73,0.75,
La Liga,2021-2022,2022-02-27,Real Sociedad,Osasuna,1,0,1.52,0.41,
La Liga,2021-2022,2022-02-27,Barcelona,Athletic Club,4,0,3.24,0.33,
La Liga,2021-2022,2022-02-28,Granada,Cadiz,0,0,0.24,0.9,
La Liga,2021-2022,2022-03-02,Mallorca,Real Sociedad,0,2,0.46,1.45,
La Liga,2021-2022,2022-03-04,Alaves,Sevilla,0,0,2.03,1.08,
La Liga,2021-2022,2022-03-05,Osasuna,Villarreal,1,0,1.53,0.52,
La Liga,2021-2022,2022-03-05,Espanyol,Getafe,2,0,0.12,0.48,
La Liga,2021-2022,2022-03-05,Valencia,Granada,3,1,1.83,0.21,
La Liga,2021-2022,2022-03-05,Real Madrid,Real Sociedad,4,1,2.09,0.74,
La Liga,2021-2022,2022-03-06,Cadiz,Rayo Vallecano,2,0,1.17,0.91,
La Liga,2021-2022,2022-03-06,Elche,Barcelona,1,2,0.85,4.09,
La Liga,2021-2022,2022-03-06,Celta Vigo,Mallorca,4,3,2.8,1.59,
La Liga,2021-2022,2022-03-06,Real Betis,Atletico Madrid,1,3,1.31,2.67,
La Liga,2021-2022,2022-03-07,Athletic Club,Levante,3,1,3.49,0.55,
La Liga,2021-2022,2022-03-11,Atletico Madrid,Cadiz,2,1,0.66,0.82,
La Liga,2021-2022,2022-03-12,Levante,Espanyol,1,1,1.26,0.48,
La Liga,2021-2022,2022-03-12,Granada,Elche,0,1,1.34,1.33,
La Liga,2021-2022,2022-03-12,Villarreal,Celta Vigo,1,0,1.17,0.93,
La Liga,2021-2022,2022-03-12,Getafe,Valencia,0,0,1.21,0.25,
La Liga,2021-2022,2022-03-13,Rayo Vallecano,Sevilla,1,1,0.63,0.41,
La Liga,2021-2022,2022-03-13,Real Betis,Athletic Club,1,0,0.85,0.71,
La Liga,2021-2022,2022-03-13,Real Sociedad,Alaves,1,0,3.05,0.67,
La Liga,2021-2022,2022-03-13,Barcelona,Osasuna,4,0,3.9,0.11,
La Liga,2021-2022,2022-03-14,Mallorca,Real Madrid,0,3,1.18,1.82,
La Liga,2021-2022,2022-03-18,Athletic Club,Getafe,1,1,2.64,0.56,
La Liga,2021-2022,2022-03-19,Alaves,Granada,2,3,2.13,2.19,
La Liga,2021-2022,2022-03-19,Elche,Valencia,0,1,0.51,0.98,
La Liga,2021-2022,2022-03-19,Osasuna,Levante,3,1,2.67,1.22,
La Liga,2021-2022,2022-03-19,Rayo Vallecano,Atletico Madrid,0,1,1.88,1.19,
La Liga,2021-2022,2022-03-20,Espanyol,Mallorca,1,0,1.54,0.31,
La Liga,2021-2022,2022-03-20,Celta Vigo,Real Betis,0,0,1.26,0.44,
La Liga,2021-2022,2022-03-20,Cadiz,Villarreal,1,0,1.43,0.19,
La Liga,2021-2022,2022-03-20,Sevilla,Real Sociedad,0,0,0.36,1.22,
La Liga,2021-2022,2022-03-20,Real Madrid,Barcelona,0,4,0.63,4.26,
La Liga,2021-2022,2022-04-02,Getafe,Mallorca,1,0,1.69,0.31,
La Liga,2021-2022,2022-04-02,Levante,Villarreal,2,0,1.72,1.1,
La Liga,2021-2022,2022-04-02,Celta Vigo,Real Madrid,1,2,1.07,2.95,
La Liga,2021-2022,2022-04-02,Atletico Madrid,Alaves,4,1,2.86,0.52,
La Liga,2021-2022,2022-04-03,Athletic Club,Elche,2,1,2.08,0.45,
La Liga,2021-2022,2022-04-03,Real Betis,Osasuna,4,1,4.86,0.31,
La Liga,2021-2022,2022-04-03,Granada,Rayo Vallecano,2,2,2.26,1.05,
La Liga,2021-2022,2022-04-03,Valencia,Cadiz,0,0,0.11,0.2,
La Liga,2021-2022,2022-04-03,Barcelona,Sevilla,1,0,1.93,0.49,
La Liga,2021-2022,2022-04-04,Real Sociedad,Espanyol,1,0,1.96,0.71,
La Liga,2021-2022,2022-04-08,Sevilla,Granada,4,2,3.31,0.98,
La Liga,2021-2022,2022-04-09,Cadiz,Real Betis,1,2,1.16,1.23,
La Liga,2021-2022,2022-04-09,Mallorca,Atletico Madrid,1,0,1.08,0.58,
La Liga,2021-2022,2022-04-09,Villarreal,Athletic Club,1,1,0.92,2.05,
La Liga,2021-2022,2022-04-09,Real Madrid,Getafe,2,0,1.62,0.41,
La Liga,2021-2022,2022-04-10,Osasuna,Alaves,1,0,2.67,0.78,
La Liga,2021-2022,2022-04-10,Espanyol,Celta Vigo,1,0,1.56,0.7,
La Liga,2021-2022,2022-04-10,Elche,Real Sociedad,1,2,1.05,2.08,
La Liga,2021-2022,2022-04-10,Levante,Barcelona,2,3,2.99,1.36,
La Liga,2021-2022,2022-04-11,Rayo Vallecano,Valencia,1,1,0.56,0.57,
La Liga,2021-2022,2022-04-15,Real Sociedad,Real Betis,0,0,0.87,0.38,
La Liga,2021-2022,2022-04-16,Elche,Mallorca,3,0,1.5,1.06,
La Liga,2021-2022,2022-04-16,Alaves,Rayo Vallecano,1,0,0.53,1.22,
La Liga,2021-2022,2022-04-16,Valencia,Osasuna,1,2,1.21,1.06,
La Liga,2021-2022,2022-04-16,Getafe,Villarreal,1,2,0.94,2.82,
La Liga,2021-2022,2022-04-17,Granada,Levante,1,4,1.16,4.46,
La Liga,2021-2022,2022-04-17,Atletico Madrid,Espanyol,2,1,1.59,0.81,
La Liga,2021-2022,2022-04-17,Athletic Club,Celta Vigo,0,2,0.91,0.88,
La Liga,2021-2022,2022-04-17,Sevilla,Real Madrid,2,3,1.17,1.54,
La Liga,2021-2022,2022-04-18,Barcelona,Cadiz,0,1,1.35,1.93,
La Liga,2021-2022,2022-04-19,Mallorca,Alaves,2,1,0.91,0.56,
La Liga,2021-2022,2022-04-19,Real Betis,Elche,0,1,1.34,0.83,
La Liga,2021-2022,2022-04-19,Villarreal,Valencia,2,0,2.8,0.31,
La Liga,2021-2022,2022-04-20,Atletico Madrid,Granada,0,0,1.15,0.15,
La Liga,2021-2022,2022-04-20,Celta Vigo,Getafe,0,2,0.33,1.46,
La Liga,2021-2022,2022-04-20,Osasuna,Real Madrid,1,3,0.87,4.6,
La Liga,2021-2022,2022-04-21,Espanyol,Rayo Vallecano,0,1,0.45,1.02,
La Liga,2021-2022,2022-04-21,Levante,Sevilla,2,3,2.62,2.46,
La Liga,2021-2022,2022-04-21,Cadiz,Athletic Club,2,3,3.43,2.33,
La Liga,2021-2022,2022-04-21,Real Sociedad,Barcelona,0,1,1.03,1.96,
La Liga,2021-2022,2022-04-24,Barcelona,Rayo Vallecano,0,1,1.11,0.25,
La Liga,2021-2022,2022-04-29,Sevilla,Cadiz,1,1,0.87,0.9,
La Liga,2021-2022,2022-04-30,Alaves,Villarreal,2,1,1.85,1.14,
La Liga,2021-2022,2022-04-30,Real Madrid,Espanyol,4,0,2.32,1.64,
La Liga,2021-2022,2022-04-30,Valencia,Levante,1,1,0.74,1.7,
La Liga,2021-2022,2022-04-30,Athletic Club,Atletico Madrid,2,0,1.25,0.5,
La Liga,2021-2022,2022-05-01,Elche,Osasuna,1,1,0.81,1.12,
La Liga,2021-2022,2022-05-01,Granada,Celta Vigo,1,1,1.0,1.3,
La Liga,2021-2022,2022-05-01,Rayo Vallecano,Real Sociedad,1,1,1.2,0.87,
La Liga,2021-2022,2022-05-01,Barcelona,Mallorca,2,1,1.64,1.24,
La Liga,2021-2022,2022-05-02,Getafe,Real Betis,0,0,0.85,0.47,
La Liga,2021-2022,2022-05-06,Levante,Real Sociedad,2,1,2.22,2.31,
La Liga,2021-2022,2022-05-07,Mallorca,Granada,2,6,1.78,2.65,
La Liga,2021-2022,2022-05-07,Athletic Club,Valencia,0,0,1.54,0.13,
La Liga,2021-2022,2022-05-07,Celta Vigo,Alaves,4,0,3.0,0.14,
La Liga,2021-2022,2022-05-07,Cadiz,Elche,3,0,2.02,0.06,
La Liga,2021-2022,2022-05-07,Real Betis,Barcelona,1,2,0.63,1.2,
La Liga,2021-2022,2022-05-08,Getafe,Rayo Vallecano,0,0,0.63,0.82,
La Liga,2021-2022,2022-05-08,Villarreal,Sevilla,1,1,2.7,0.99,
La Liga,2021-2022,2022-05-08,Espanyol,Osasuna,1,1,0.57,1.11,
La Liga,2021-2022,2022-05-08,Atletico Madrid,Real Madrid,1,0,2.45,1.14,
La Liga,2021-2022,2022-05-10,Valencia,Real Betis,0,3,1.12,1.84,
La Liga,2021-2022,2022-05-10,Granada,Athletic Club,1,0,1.02,0.36,
La Liga,2021-2022,2022-05-10,Barcelona,Celta Vigo,3,1,1.23,0.85,
La Liga,2021-2022,2022-05-11,Alaves,Espanyol,2,1,2.46,0.9,
La Liga,2021-2022,2022-05-11,Osasuna,Getafe,1,1,0.61,0.58,
La Liga,2021-2022,2022-05-11,Sevilla,Mallorca,0,0,1.65,0.55,
La Liga,2021-2022,2022-05-11,Elche,Atletico Madrid,0,2,0.17,2.61,
La Liga,2021-2022,2022-05-12,Real Sociedad,Cadiz,3,0,2.66,0.68,
La Liga,2021-2022,2022-05-12,Rayo Vallecano,Villarreal,1,5,1.89,2.92,
La Liga,2021-2022,2022-05-12,Real Madrid,Levante,6,0,4.9,0.7,
La Liga,2021-2022,2022-05-15,Athletic Club,Osasuna,2,0,1.48,0.76,
La Liga,2021-2022,2022-05-15,Atletico Madrid,Sevilla,1,1,0.89,0.79,
La Liga,2021-2022,2022-05-15,Real Betis,Granada,2,0,1.7,1.16,
La Liga,2021-2022,2022-05-15,Celta Vigo,Elche,1,0,1.56,0.45,
La Liga,2021-2022,2022-05-15,Mallorca,Rayo Vallecano,2,1,0.95,2.05,
La Liga,2021-2022,2022-05-15,Getafe,Barcelona,0,0,0.24,0.2,
La Liga,2021-2022,2022-05-15,Cadiz,Real Madrid,1,1,2.67,1.92,
La Liga,2021-2022,2022-05-15,Espanyol,Valencia,1,1,0.6,2.23,
La Liga,2021-2022,2022-05-15,Levante,Alaves,3,1,2.15,0.57,
La Liga,2021-2022,2022-05-15,Villarreal,Real Sociedad,1,2,1.01,2.73,
La Liga,2021-2022,2022-05-20,Real Madrid,Real Betis,0,0,1.82,1.44,
La Liga,2021-2022,2022-05-20,Rayo Vallecano,Levante,2,4,2.73,3.28,
La Liga,2021-2022,2022-05-21,Valencia,Celta Vigo,2,0,1.48,1.41,
La Liga,2021-2022,2022-05-22,Elche,Getafe,3,1,3.03,1.07,
La Liga,2021-2022,2022-05-22,Alaves,Cadiz,0,1,0.39,1.84,
La Liga,2021-2022,2022-05-22,Granada,Espanyol,0,0,2.03,0.39,
La Liga,2021-2022,2022-05-22,Osasuna,Mallorca,0,2,0.9,1.24,
La Liga,2021-2022,2022-05-22,Barcelona,Villarreal,0,2,0.63,0.69,
La Liga,2021-2022,2022-05-22,Real Sociedad,Atletico Madrid,1,2,2.22,0.59,
La Liga,2021-2022,2022-05-22,Sevilla,Athletic Club,1,0,1.41,0.49,
La Liga,2022-2023,2022-08-12,Osasuna,Sevilla,2,1,1.36,0.97,
La Liga,2022-2023,2022-08-13,Celta Vigo,Espanyol,2,2,0.35,1.03,
La Liga,2022-2023,2022-08-13,Real Valladolid,Villarreal,0,3,0.86,1.4,
La Liga,2022-2023,2022-08-13,Barcelona,Rayo Vallecano,0,0,1.37,0.77,
La Liga,2022-2023,2022-08-14,Cadiz,Real Sociedad,0,1,0.29,2.64,
La Liga,2022-2023,2022-08-14,Valencia,Girona,1,0,1.88,0.13,
La Liga,2022-2023,2022-08-14,Almeria,Real Madrid,1,2,0.8,3.11,
La Liga,2022-2023,2022-08-15,Athletic Club,Mallorca,0,0,1.61,0.48,
La Liga,2022-2023,2022-08-15,Getafe,Atletico Madrid,0,3,1.14,1.48,
La Liga,2022-2023,2022-08-15,Real Betis,Elche,3,0,4.0,0.29,
La Liga,2022-2023,2022-08-19,Espanyol,Rayo Vallecano,0,2,0.9,1.7,
La Liga,2022-2023,2022-08-19,Sevilla,Real Valladolid,1,1,1.95,0.56,
La Liga,2022-2023,2022-08-20,Osasuna,Cadiz,2,0,2.92,1.02,
La Liga,2022-2023,2022-08-20,Mallorca,Real Betis,1,2,1.47,2.22,
La Liga,2022-2023,2022-08-20,Celta Vigo,Real Madrid,1,4,1.32,3.6,
La Liga,2022-2023,2022-08-21,Athletic Club,Valencia,1,0,0.76,0.68,
La Liga,2022-2023,2022-08-21,Atletico Madrid,Villarreal,0,2,1.59,1.98,
La Liga,2022-2023,2022-08-21,Real Sociedad,Barcelona,1,4,0.8,2.04,
La Liga,2022-2023,2022-08-22,Elche,Almeria,1,1,0.9,0.97,
La Liga,2022-2023,2022-08-22,Girona,Getafe,3,1,1.52,0.69,
La Liga,2022-2023,2022-08-26,Girona,Celta Vigo,0,1,0.57,0.63,
La Liga,2022-2023,2022-08-26,Real Betis,Osasuna,1,0,0.51,0.91,
La Liga,2022-2023,2022-08-27,Elche,Real Sociedad,0,1,1.24,1.81,
La Liga,2022-2023,2022-08-27,Rayo Vallecano,Mallorca,0,2,0.86,0.86,
La Liga,2022-2023,2022-08-27,Almeria,Sevilla,2,1,2.15,1.38,
La Liga,2022-2023,2022-08-28,Getafe,Villarreal,0,0,0.27,1.13,
La Liga,2022-2023,2022-08-28,Barcelona,Real Valladolid,4,0,3.29,0.72,
La Liga,2022-2023,2022-08-28,Espanyol,Real Madrid,1,3,1.63,2.05,
La Liga,2022-2023,2022-08-29,Cadiz,Athletic Club,0,4,0.24,3.19,
La Liga,2022-2023,2022-08-29,Valencia,Atletico Madrid,0,1,0.65,1.98,
La Liga,2022-2023,2022-09-02,Celta Vigo,Cadiz,3,0,1.51,0.23,
La Liga,2022-2023,2022-09-03,Mallorca,Girona,1,1,0.9,1.09,
La Liga,2022-2023,2022-09-03,Real Madrid,Real Betis,2,1,3.21,0.33,
La Liga,2022-2023,2022-09-03,Real Sociedad,Atletico Madrid,1,1,1.75,2.25,
La Liga,2022-2023,2022-09-03,Sevilla,Barcelona,0,3,0.83,4.68,
La Liga,2022-2023,2022-09-04,Osasuna,Rayo Vallecano,2,1,3.18,0.18,
La Liga,2022-2023,2022-09-04,Athletic Club,Espanyol,0,1,1.25,1.11,
La Liga,2022-2023,2022-09-04,Villarreal,Elche,4,0,3.58,0.22,
La Liga,2022-2023,2022-09-04,Valencia,Getafe,5,1,2.93,0.57,
La Liga,2022-2023,2022-09-05,Real Valladolid,Almeria,1,0,2.12,0.51,
La Liga,2022-2023,2022-09-09,Girona,Real Valladolid,2,1,2.59,0.51,
La Liga,2022-2023,2022-09-10,Rayo Vallecano,Valencia,2,1,2.01,2.18,
La Liga,2022-2023,2022-09-10,Espanyol,Sevilla,2,3,2.37,2.32,
La Liga,2022-2023,2022-09-10,Cadiz,Barcelona,0,4,0.25,2.67,
La Liga,2022-2023,2022-09-10,Atletico Madrid,Celta Vigo,4,1,0.92,1.31,
La Liga,2022-2023,2022-09-11,Real Madrid,Mallorca,4,1,2.22,0.95,
La Liga,2022-2023,2022-09-11,Elche,Athletic Club,1,4,0.75,3.24,
La Liga,2022-2023,2022-09-11,Getafe,Real Sociedad,2,1,1.07,1.32,
La Liga,2022-2023,2022-09-11,Real Betis,Villarreal,1,0,1.62,2.44,
La Liga,2022-2023,2022-09-12,Almeria,Osasuna,0,1,0.17,2.14,
La Liga,2022-2023,2022-09-16,Real Valladolid,Cadiz,0,1,1.99,0.52,
La Liga,2022-2023,2022-09-17,Mallorca,Almeria,1,0,0.97,0.3,
La Liga,2022-2023,2022-09-17,Barcelona,Elche,3,0,5.18,0.01,
La Liga,2022-2023,2022-09-17,Valencia,Celta Vigo,3,0,1.91,0.59,
La Liga,2022-2023,2022-09-17,Athletic Club,Rayo Vallecano,3,2,2.17,0.62,
La Liga,2022-2023,2022-09-18,Osasuna,Getafe,0,2,1.13,1.43,
La Liga,2022-2023,2022-09-18,Villarreal,Sevilla,1,1,2.1,0.44,
La Liga,2022-2023,2022-09-18,Real Betis,Girona,2,1,1.49,1.35,
La Liga,2022-2023,2022-09-18,Real Sociedad,Espanyol,2,1,2.36,1.29,
La Liga,2022-2023,2022-09-18,Atletico Madrid,Real Madrid,1,2,1.1,1.09,
La Liga,2022-2023,2022-09-30,Athletic Club,Almeria,4,0,2.56,0.43,
La Liga,2022-2023,2022-10-01,Cadiz,Villarreal,0,0,1.06,1.43,
La Liga,2022-2023,2022-10-01,Getafe,Real Valladolid,2,3,2.51,1.32,
La Liga,2022-2023,2022-10-01,Sevilla,Atletico Madrid,0,2,0.36,2.12,
La Liga,2022-2023,2022-10-01,Mallorca,Barcelona,0,1,0.93,0.64,
La Liga,2022-2023,2022-10-02,Espanyol,Valencia,2,2,0.74,1.36,
La Liga,2022-2023,2022-10-02,Celta Vigo,Real Betis,1,0,0.89,1.11,
La Liga,2022-2023,2022-10-02,Girona,Real Sociedad,3,5,0.93,2.24,
La Liga,2022-2023,2022-10-02,Real Madrid,Osasuna,1,1,2.56,0.47,
La Liga,2022-2023,2022-10-03,Rayo Vallecano,Elche,2,1,0.65,0.92,
La Liga,2022-2023,2022-10-07,Osasuna,Valencia,1,2,1.96,2.73,
La Liga,2022-2023,2022-10-08,Almeria,Rayo Vallecano,3,1,1.06,0.89,
La Liga,2022-2023,2022-10-08,Atletico Madrid,Girona,2,1,2.2,0.72,
La Liga,2022-2023,2022-10-08,Sevilla,Athletic Club,1,1,1.36,1.92,
La Liga,2022-2023,2022-10-08,Getafe,Real Madrid,0,1,0.26,1.48,
La Liga,2022-2023,2022-10-09,Real Valladolid,Real Betis,0,0,0.66,0.55,
La Liga,2022-2023,2022-10-09,Cadiz,Espanyol,2,2,1.34,1.47,
La Liga,2022-2023,2022-10-09,Real Sociedad,Villarreal,1,0,2.37,0.22,
La Liga,2022-2023,2022-10-09,Barcelona,Celta Vigo,1,0,1.98,1.35,
La Liga,2022-2023,2022-10-10,Elche,Mallorca,1,1,0.33,2.7,
La Liga,2022-2023,2022-10-14,Rayo Vallecano,Getafe,0,0,1.12,0.4,
La Liga,2022-2023,2022-10-15,Girona,Cadiz,1,1,2.36,1.35,
La Liga,2022-2023,2022-10-15,Valencia,Elche,2,2,3.04,1.3,
La Liga,2022-2023,2022-10-15,Mallorca,Sevilla,0,1,1.41,0.18,
La Liga,2022-2023,2022-10-15,Athletic Club,Atletico Madrid,0,1,1.33,0.46,
La Liga,2022-2023,2022-10-16,Celta Vigo,Real Sociedad,1,2,0.48,1.18,
La Liga,2022-2023,2022-10-16,Real Madrid,Barcelona,3,1,1.47,1.67,
La Liga,2022-2023,2022-10-16,Espanyol,Real Valladolid,1,0,1.63,0.55,
La Liga,2022-2023,2022-10-16,Real Betis,Almeria,3,1,3.19,1.12,
La Liga,2022-2023,2022-10-17,Villarreal,Osasuna,2,0,2.15,0.33,
La Liga,2022-2023,2022-10-18,Sevilla,Valencia,1,1,1.2,1.71,
La Liga,2022-2023,2022-10-18,Getafe,Athletic Club,2,2,0.75,1.1,
La Liga,2022-2023,2022-10-18,Atletico Madrid,Rayo Vallecano,1,1,0.82,1.62,
La Liga,2022-2023,2022-10-19,Cadiz,Real Betis,0,0,0.75,1.22,
La Liga,2022-2023,2022-10-19,Real Valladolid,Celta Vigo,4,1,1.63,2.03,
La Liga,2022-2023,2022-10-19,Real Sociedad,Mallorca,1,0,2.16,1.09,
La Liga,2022-2023,2022-10-19,Elche,Real Madrid,0,3,1.05,1.62,
La Liga,2022-2023,2022-10-20,Almeria,Girona,3,2,2.09,2.65,
La Liga,2022-2023,2022-10-20,Osasuna,Espanyol,1,0,1.03,1.45,
La Liga,2022-2023,2022-10-20,Barcelona,Villarreal,3,0,3.62,0.5,
La Liga,2022-2023,2022-10-22,Rayo Vallecano,Cadiz,5,1,3.89,0.64,
La Liga,2022-2023,2022-10-22,Real Valladolid,Real Sociedad,1,0,0.79,0.83,
La Liga,2022-2023,2022-10-22,Valencia,Mallorca,1,2,1.07,1.25,
La Liga,2022-2023,2022-10-22,Real Madrid,Sevilla,3,1,2.18,0.52,
La Liga,2022-2023,2022-10-23,Espanyol,Elche,2,2,2.19,0.32,
La Liga,2022-2023,2022-10-23,Real Betis,Atletico Madrid,1,2,1.33,0.59,
La Liga,2022-2023,2022-10-23,Girona,Osasuna,1,1,0.67,0.69,
La Liga,2022-2023,2022-10-23,Villarreal,Almeria,2,1,0.85,1.24,
La Liga,2022-2023,2022-10-23,Barcelona,Athletic Club,4,0,2.14,0.24,
La Liga,2022-2023,2022-10-24,Celta Vigo,Getafe,1,1,0.82,0.23,
La Liga,2022-2023,2022-10-28,Mallorca,Espanyol,1,1,1.19,0.25,
La Liga,2022-2023,2022-10-29,Almeria,Celta Vigo,3,1,2.31,0.2,
La Liga,2022-2023,2022-10-29,Cadiz,Atletico Madrid,3,2,1.59,1.8,
La Liga,2022-2023,2022-10-29,Sevilla,Rayo Vallecano,0,1,0.98,0.77,
La Liga,2022-2023,2022-10-29,Valencia,Barcelona,0,1,0.19,2.33,
La Liga,2022-2023,2022-10-30,Osasuna,Real Valladolid,2,0,1.9,0.33,
La Liga,2022-2023,2022-10-30,Real Madrid,Girona,1,1,2.66,2.0,
La Liga,2022-2023,2022-10-30,Athletic Club,Villarreal,1,0,2.06,0.22,
La Liga,2022-2023,2022-10-30,Real Sociedad,Real Betis,0,2,1.28,1.35,
La Liga,2022-2023,2022-10-31,Elche,Getafe,0,1,1.23,0.37,
La Liga,2022-2023,2022-11-04,Girona,Athletic Club,2,1,1.07,0.81,
La Liga,2022-2023,2022-11-05,Getafe,Cadiz,0,0,0.52,1.25,
La Liga,2022-2023,2022-11-05,Real Valladolid,Elche,2,1,2.81,0.2,
La Liga,2022-2023,2022-11-05,Celta Vigo,Osasuna,1,2,0.82,0.36,
La Liga,2022-2023,2022-11-05,Barcelona,Almeria,2,0,4.34,0.54,
La Liga,2022-2023,2022-11-06,Atletico Madrid,Espanyol,1,1,2.02,0.87,
La Liga,2022-2023,2022-11-06,Real Sociedad,Valencia,1,1,1.46,0.8,
La Liga,2022-2023,2022-11-06,Villarreal,Mallorca,0,2,0.43,0.7,
La Liga,2022-2023,2022-11-06,Real Betis,Sevilla,1,1,1.13,1.5,
La Liga,2022-2023,2022-11-07,Rayo Vallecano,Real Madrid,3,2,1.66,2.21,
La Liga,2022-2023,2022-11-08,Elche,Girona,1,2,0.91,2.21,
La Liga,2022-2023,2022-11-08,Athletic Club,Real Valladolid,3,0,2.66,0.48,
La Liga,2022-2023,2022-11-08,Osasuna,Barcelona,1,2,1.24,1.01,
La Liga,2022-2023,2022-11-09,Almeria,Getafe,1,0,0.35,0.45,
La Liga,2022-2023,2022-11-09,Sevilla,Real Sociedad,1,2,0.7,2.19,
La Liga,2022-2023,2022-11-09,Espanyol,Villarreal,0,1,0.84,0.75,
La Liga,2022-2023,2022-11-09,Mallorca,Atletico Madrid,1,0,1.47,1.51,
La Liga,2022-2023,2022-11-10,Rayo Vallecano,Celta Vigo,0,0,0.44,0.68,
La Liga,2022-2023,2022-11-10,Valencia,Real Betis,3,0,2.25,0.31,
La Liga,2022-2023,2022-11-10,Real Madrid,Cadiz,2,1,1.73,1.12,
La Liga,2022-2023,2022-12-29,Girona,Rayo Vallecano,2,2,2.27,1.32,
La Liga,2022-2023,2022-12-29,Real Betis,Athletic Club,0,0,0.54,0.36,
La Liga,2022-2023,2022-12-29,Atletico Madrid,Elche,2,0,1.74,0.57,
La Liga,2022-2023,2022-12-30,Getafe,Mallorca,2,0,1.33,0.36,
La Liga,2022-2023,2022-12-30,Celta Vigo,Sevilla,1,1,1.66,0.59,
La Liga,2022-2023,2022-12-30,Cadiz,Almeria,1,1,1.58,2.23,
La Liga,2022-2023,2022-12-30,Real Valladolid,Real Madrid,0,2,0.54,2.53,
La Liga,2022-2023,2022-12-31,Barcelona,Espanyol,1,1,2.75,0.85,
La Liga,2022-2023,2022-12-31,Real Sociedad,Osasuna,2,0,1.54,0.31,
La Liga,2022-2023,2022-12-31,Villarreal,Valencia,2,1,2.37,1.17,
La Liga,2022-2023,2023-01-06,Elche,Celta Vigo,0,1,1.14,1.97,
La Liga,2022-2023,2023-01-06,Valencia,Cadiz,0,1,0.5,0.43,
La Liga,2022-2023,2023-01-07,Villarreal,Real Madrid,2,1,2.42,2.17,
La Liga,2022-2023,2023-01-07,Mallorca,Real Valladolid,1,0,1.53,0.43,
La Liga,2022-2023,2023-01-07,Espanyol,Girona,2,2,1.27,1.66,
La Liga,2022-2023,2023-01-08,Almeria,Real Sociedad,0,2,0.31,2.12,
La Liga,2022-2023,2023-01-08,Rayo Vallecano,Real Betis,1,2,1.39,0.74,
La Liga,2022-2023,2023-01-08,Sevilla,Getafe,2,1,1.22,1.18,
La Liga,2022-2023,2023-01-08,Atletico Madrid,Barcelona,0,1,1.94,1.24,
La Liga,2022-2023,2023-01-09,Athletic Club,Osasuna,0,0,1.18,0.43,
La Liga,2022-2023,2023-01-13,Celta Vigo,Villarreal,1,1,2.46,0.11,
La Liga,2022-2023,2023-01-14,Real Valladolid,Rayo Vallecano,0,1,0.61,1.17,
La Liga,2022-2023,2023-01-14,Girona,Sevilla,2,1,2.85,0.78,
La Liga,2022-2023,2023-01-14,Osasuna,Mallorca,1,0,1.19,0.52,
La Liga,2022-2023,2023-01-14,Real Sociedad,Athletic Club,3,1,1.89,0.27,
La Liga,2022-2023,2023-01-15,Getafe,Espanyol,1,2,0.5,0.46,
La Liga,2022-2023,2023-01-15,Almeria,Atletico Madrid,1,1,1.08,2.08,
La Liga,2022-2023,2023-01-16,Cadiz,Elche,1,1,1.4,0.65,
La Liga,2022-2023,2023-01-20,Mallorca,Celta Vigo,1,0,0.4,0.43,
La Liga,2022-2023,2023-01-21,Rayo Vallecano,Real Sociedad,0,2,0.64,1.44,
La Liga,2022-2023,2023-01-21,Espanyol,Real Betis,1,0,2.16,0.84,
La Liga,2022-2023,2023-01-21,Atletico Madrid,Real Valladolid,3,0,4.11,0.42,
La Liga,2022-2023,2023-01-21,Sevilla,Cadiz,1,0,1.66,0.08,
La Liga,2022-2023,2023-01-22,Villarreal,Girona,1,0,2.8,0.64,
La Liga,2022-2023,2023-01-22,Elche,Osasuna,1,1,2.36,0.61,
La Liga,2022-2023,2023-01-22,Barcelona,Getafe,1,0,0.71,1.25,
La Liga,2022-2023,2023-01-22,Athletic Club,Real Madrid,0,2,1.16,0.95,
La Liga,2022-2023,2023-01-23,Valencia,Almeria,2,2,2.71,1.69,
La Liga,2022-2023,2023-01-27,Almeria,Espanyol,3,1,2.18,0.81,
La Liga,2022-2023,2023-01-28,Cadiz,Mallorca,2,0,1.83,0.31,
La Liga,2022-2023,2023-01-28,Girona,Barcelona,0,1,0.89,0.98,
La Liga,2022-2023,2023-01-28,Sevilla,Elche,3,0,3.27,0.34,
La Liga,2022-2023,2023-01-28,Getafe,Real Betis,0,1,0.21,2.0,
La Liga,2022-2023,2023-01-29,Real Valladolid,Valencia,1,0,1.47,1.06,
La Liga,2022-2023,2023-01-29,Osasuna,Atletico Madrid,0,1,0.74,1.3,
La Liga,2022-2023,2023-01-29,Celta Vigo,Athletic Club,1,0,0.61,0.23,
La Liga,2022-2023,2023-01-29,Real Madrid,Real Sociedad,0,0,1.4,0.37,
La Liga,2022-2023,2023-01-30,Villarreal,Rayo Vallecano,0,1,1.2,0.83,
La Liga,2022-2023,2023-02-01,Real Betis,Barcelona,1,2,0.76,2.38,
La Liga,2022-2023,2023-02-02,Real Madrid,Valencia,2,0,2.6,0.21,
La Liga,2022-2023,2023-02-03,Athletic Club,Cadiz,4,1,2.3,1.55,
La Liga,2022-2023,2023-02-04,Espanyol,Osasuna,1,1,1.56,0.92,
La Liga,2022-2023,2023-02-04,Elche,Villarreal,3,1,2.89,1.49,
La Liga,2022-2023,2023-02-04,Atletico Madrid,Getafe,1,1,1.01,1.14,
La Liga,2022-2023,2023-02-04,Real Betis,Celta Vigo,3,4,3.54,2.3,
La Liga,2022-2023,2023-02-05,Mallorca,Real Madrid,1,0,0.24,1.4,
La Liga,2022-2023,2023-02-05,Girona,Valencia,1,0,2.57,0.88,
La Liga,2022-2023,2023-02-05,Real Sociedad,Real Valladolid,0,1,1.22,0.78,
La Liga,2022-2023,2023-02-05,Barcelona,Sevilla,3,0,3.1,0.04,
La Liga,2022-2023,2023-02-06,Rayo Vallecano,Almeria,2,0,1.38,1.38,
La Liga,2022-2023,2023-02-10,Cadiz,Girona,2,0,0.72,0.21,
La Liga,2022-2023,2023-02-11,Almeria,Real Betis,2,3,2.01,3.31,
La Liga,2022-2023,2023-02-11,Sevilla,Mallorca,2,0,2.17,0.21,
La Liga,2022-2023,2023-02-11,Valencia,Athletic Club,1,2,1.68,1.35,
La Liga,2022-2023,2023-02-12,Getafe,Rayo Vallecano,1,1,1.24,1.71,
La Liga,2022-2023,2023-02-12,Celta Vigo,Atletico Madrid,0,1,1.06,0.96,
La Liga,2022-2023,2023-02-12,Real Valladolid,Osasuna,0,0,1.96,1.04,
La Liga,2022-2023,2023-02-12,Villarreal,Barcelona,0,1,1.05,1.38,
La Liga,2022-2023,2023-02-13,Espanyol,Real Sociedad,2,3,1.26,1.21,
La Liga,2022-2023,2023-02-15,Real Madrid,Elche,4,0,4.04,0.62,
La Liga,2022-2023,2023-02-17,Girona,Almeria,6,2,3.23,1.24,
La Liga,2022-2023,2023-02-18,Real Sociedad,Celta Vigo,1,1,1.53,1.34,
La Liga,2022-2023,2023-02-18,Real Betis,Real Valladolid,2,1,2.22,0.98,
La Liga,2022-2023,2023-02-18,Mallorca,Villarreal,4,2,2.74,1.02,
La Liga,2022-2023,2023-02-18,Osasuna,Real Madrid,0,2,0.4,1.86,
La Liga,2022-2023,2023-02-19,Elche,Espanyol,0,1,1.6,1.36,
La Liga,2022-2023,2023-02-19,Rayo Vallecano,Sevilla,1,1,1.37,0.48,
La Liga,2022-2023,2023-02-19,Atletico Madrid,Athletic Club,1,0,1.06,1.01,
La Liga,2022-2023,2023-02-19,Barcelona,Cadiz,2,0,2.29,1.4,
La Liga,2022-2023,2023-02-20,Getafe,Valencia,1,0,2.13,1.09,
La Liga,2022-2023,2023-02-24,Elche,Real Betis,2,3,0.88,4.05,
La Liga,2022-2023,2023-02-25,Espanyol,Mallorca,2,1,1.99,0.56,
La Liga,2022-2023,2023-02-25,Cadiz,Rayo Vallecano,1,0,0.82,0.41,
La Liga,2022-2023,2023-02-25,Real Madrid,Atletico Madrid,1,1,1.56,0.22,
La Liga,2022-2023,2023-02-25,Valencia,Real Sociedad,1,0,0.64,0.82,
La Liga,2022-2023,2023-02-26,Athletic Club,Girona,2,3,1.34,1.34,
La Liga,2022-2023,2023-02-26,Celta Vigo,Real Valladolid,3,0,2.98,0.9,
La Liga,2022-2023,2023-02-26,Almeria,Barcelona,1,0,0.83,1.16,
La Liga,2022-2023,2023-02-26,Sevilla,Osasuna,2,3,2.38,1.34,
La Liga,2022-2023,2023-02-27,Villarreal,Getafe,2,1,1.91,0.47,
La Liga,2022-2023,2023-03-03,Real Sociedad,Cadiz,0,0,1.08,0.85,
La Liga,2022-2023,2023-03-04,Getafe,Girona,3,2,1.87,0.85,
La Liga,2022-2023,2023-03-04,Almeria,Villarreal,0,2,0.37,2.37,
La Liga,2022-2023,2023-03-04,Mallorca,Elche,0,1,0.96,0.96,
La Liga,2022-2023,2023-03-04,Atletico Madrid,Sevilla,6,1,3.05,1.77,
La Liga,2022-2023,2023-03-05,Real Valladolid,Espanyol,2,1,1.38,0.95,
La Liga,2022-2023,2023-03-05,Barcelona,Valencia,1,0,2.09,0.63,
La Liga,2022-2023,2023-03-05,Rayo Vallecano,Athletic Club,0,0,0.85,1.26,
La Liga,2022-2023,2023-03-05,Real Betis,Real Madrid,0,0,0.59,1.14,
La Liga,2022-2023,2023-03-06,Osasuna,Celta Vigo,0,0,1.16,0.73,
La Liga,2022-2023,2023-03-10,Cadiz,Getafe,2,2,1.73,2.7,
La Liga,2022-2023,2023-03-11,Real Madrid,Espanyol,3,1,1.78,1.1,
La Liga,2022-2023,2023-03-11,Elche,Real Valladolid,1,1,2.8,0.25,
La Liga,2022-2023,2023-03-11,Celta Vigo,Rayo Vallecano,3,0,2.14,0.7,
La Liga,2022-2023,2023-03-11,Valencia,Osasuna,1,0,1.84,0.26,
La Liga,2022-2023,2023-03-12,Mallorca,Real Sociedad,1,1,1.46,0.68,
La Liga,2022-2023,2023-03-12,Sevilla,Almeria,2,1,3.16,1.52,
La Liga,2022-2023,2023-03-12,Villarreal,Real Betis,1,1,1.33,1.03,
La Liga,2022-2023,2023-03-12,Athletic Club,Barcelona,0,1,1.14,0.72,
La Liga,2022-2023,2023-03-13,Girona,Atletico Madrid,0,1,0.3,1.81,
La Liga,2022-2023,2023-03-17,Real Valladolid,Athletic Club,1,3,1.08,2.35,
La Liga,2022-2023,2023-03-18,Almeria,Cadiz,1,1,2.69,1.13,
La Liga,2022-2023,2023-03-18,Rayo Vallecano,Girona,2,2,1.72,1.51,
La Liga,2022-2023,2023-03-18,Espanyol,Celta Vigo,1,3,1.71,1.63,
La Liga,2022-2023,2023-03-18,Atletico Madrid,Valencia,3,0,3.36,0.69,
La Liga,2022-2023,2023-03-19,Real Betis,Mallorca,1,0,0.61,0.14,
La Liga,2022-2023,2023-03-19,Osasuna,Villarreal,0,3,1.16,1.59,
La Liga,2022-2023,2023-03-19,Real Sociedad,Elche,2,0,2.69,0.08,
La Liga,2022-2023,2023-03-19,Getafe,Sevilla,2,0,2.07,0.82,
La Liga,2022-2023,2023-03-19,Barcelona,Real Madrid,2,1,1.67,0.52,
La Liga,2022-2023,2023-03-31,Mallorca,Osasuna,0,0,0.43,0.51,
La Liga,2022-2023,2023-04-01,Girona,Espanyol,2,1,1.45,0.95,
La Liga,2022-2023,2023-04-01,Athletic Club,Getafe,0,0,0.75,0.72,
La Liga,2022-2023,2023-04-01,Cadiz,Sevilla,0,2,0.69,1.73,
La Liga,2022-2023,2023-04-01,Elche,Barcelona,0,4,0.51,1.62,
La Liga,2022-2023,2023-04-02,Celta Vigo,Almeria,2,2,2.14,1.24,
La Liga,2022-2023,2023-04-02,Real Madrid,Real Valladolid,6,0,4.83,0.72,
La Liga,2022-2023,2023-04-02,Villarreal,Real Sociedad,2,0,2.81,0.91,
La Liga,2022-2023,2023-04-02,Atletico Madrid,Real Betis,1,0,1.7,0.37,
La Liga,2022-2023,2023-04-03,Valencia,Rayo Vallecano,1,1,2.71,0.65,
La Liga,2022-2023,2023-04-07,Sevilla,Celta Vigo,2,2,0.48,0.61,
La Liga,2022-2023,2023-04-08,Osasuna,Elche,2,1,1.69,0.66,
La Liga,2022-2023,2023-04-08,Espanyol,Athletic Club,1,2,1.17,2.74,
La Liga,2022-2023,2023-04-08,Real Sociedad,Getafe,2,0,2.12,0.24,
La Liga,2022-2023,2023-04-08,Real Madrid,Villarreal,2,3,2.23,1.24,
La Liga,2022-2023,2023-04-09,Real Valladolid,Mallorca,3,3,0.95,1.98,
La Liga,2022-2023,2023-04-09,Real Betis,Cadiz,0,2,1.59,2.86,
La Liga,2022-2023,2023-04-09,Almeria,Valencia,2,1,1.5,1.09,
La Liga,2022-2023,2023-04-09,Rayo Vallecano,Atletico Madrid,1,2,0.56,2.37,
La Liga,2022-2023,2023-04-10,Barcelona,Girona,0,0,1.05,0.49,
La Liga,2022-2023,2023-04-14,Rayo Vallecano,Osasuna,2,1,1.08,0.37,
La Liga,2022-2023,2023-04-15,Villarreal,Real Valladolid,1,2,1.99,2.41,
La Liga,2022-2023,2023-04-15,Athletic Club,Real Sociedad,2,0,1.0,1.71,
La Liga,2022-2023,2023-04-15,Real Betis,Espanyol,3,1,1.97,0.62,
La Liga,2022-2023,2023-04-15,Cadiz,Real Madrid,0,2,0.58,4.49,
La Liga,2022-2023,2023-04-16,Girona,Elche,2,0,1.23,0.58,
La Liga,2022-2023,2023-04-16,Getafe,Barcelona,0,0,0.62,1.05,
La Liga,2022-2023,2023-04-16,Atletico Madrid,Almeria,2,1,2.51,0.06,
La Liga,2022-2023,2023-04-16,Valencia,Sevilla,0,2,0.53,1.47,
La Liga,2022-2023,2023-04-17,Celta Vigo,Mallorca,0,1,0.47,1.18,
La Liga,2022-2023,2023-04-21,Espanyol,Cadiz,0,0,1.52,1.13,
La Liga,2022-2023,2023-04-22,Osasuna,Real Betis,3,2,1.63,1.99,
La Liga,2022-2023,2023-04-22,Almeria,Athletic Club,1,2,0.57,1.83,
La Liga,2022-2023,2023-04-22,Real Sociedad,Rayo Vallecano,2,1,0.81,0.36,
La Liga,2022-2023,2023-04-22,Real Valladolid,Girona,1,0,1.11,1.06,
La Liga,2022-2023,2023-04-22,Real Madrid,Celta Vigo,2,0,1.81,0.74,
La Liga,2022-2023,2023-04-23,Elche,Valencia,0,2,0.8,1.05,
La Liga,2022-2023,2023-04-23,Barcelona,Atletico Madrid,1,0,2.13,0.71,
La Liga,2022-2023,2023-04-23,Mallorca,Getafe,3,1,1.92,0.12,
La Liga,2022-2023,2023-04-23,Sevilla,Villarreal,2,1,0.85,2.14,
La Liga,2022-2023,2023-04-25,Cadiz,Osasuna,0,1,1.41,0.87,
La Liga,2022-2023,2023-04-25,Girona,Real Madrid,4,2,2.42,1.63,
La Liga,2022-2023,2023-04-25,Real Betis,Real Sociedad,0,0,0.73,0.61,
La Liga,2022-2023,2023-04-26,Atletico Madrid,Mallorca,3,1,2.62,0.74,
La Liga,2022-2023,2023-04-26,Getafe,Almeria,1,2,1.67,2.09,
La Liga,2022-2023,2023-04-26,Celta Vigo,Elche,1,0,1.44,1.48,
La Liga,2022-2023,2023-04-26,Rayo Vallecano,Barcelona,2,1,0.86,1.01,
La Liga,2022-2023,2023-04-27,Valencia,Real Valladolid,2,1,0.9,0.99,
La Liga,2022-2023,2023-04-27,Villarreal,Espanyol,4,2,4.95,1.12,
La Liga,2022-2023,2023-04-27,Athletic Club,Sevilla,0,1,0.19,1.0,
La Liga,2022-2023,2023-04-28,Osasuna,Real Sociedad,0,2,0.99,2.1,
La Liga,2022-2023,2023-04-29,Elche,Rayo Vallecano,4,0,3.38,0.57,
La Liga,2022-2023,2023-04-29,Real Madrid,Almeria,4,2,3.21,1.38,
La Liga,2022-2023,2023-04-29,Barcelona,Real Betis,4,0,3.09,0.23,
La Liga,2022-2023,2023-04-30,Cadiz,Valencia,2,1,2.17,1.05,
La Liga,2022-2023,2023-04-30,Villarreal,Celta Vigo,3,1,2.37,0.75,
La Liga,2022-2023,2023-04-30,Espanyol,Getafe,1,0,2.44,0.41,
La Liga,2022-2023,2023-04-30,Real Valladolid,Atletico Madrid,2,5,1.47,2.76,
La Liga,2022-2023,2023-05-01,Mallorca,Athletic Club,1,1,1.29,1.38,
La Liga,2022-2023,2023-05-01,Sevilla,Girona,0,2,2.35,1.13,
La Liga,2022-2023,2023-05-02,Barcelona,Osasuna,1,0,2.4,0.36,
La Liga,2022-2023,2023-05-02,Almeria,Elche,2,1,1.83,1.01,
La Liga,2022-2023,2023-05-02,Real Sociedad,Real Madrid,2,0,2.26,0.87,
La Liga,2022-2023,2023-05-03,Valencia,Villarreal,1,1,1.04,0.74,
La Liga,2022-2023,2023-05-03,Atletico Madrid,Cadiz,5,1,4.26,0.03,
La Liga,2022-2023,2023-05-03,Getafe,Celta Vigo,1,0,2.87,0.22,
La Liga,2022-2023,2023-05-04,Girona,Mallorca,2,1,2.21,1.34,
La Liga,2022-2023,2023-05-04,Sevilla,Espanyol,3,2,2.9,0.62,
La Liga,2022-2023,2023-05-04,Athletic Club,Real Betis,0,1,1.01,0.75,
La Liga,2022-2023,2023-05-04,Rayo Vallecano,Real Valladolid,2,1,1.57,0.57,
La Liga,2022-2023,2023-05-12,Mallorca,Cadiz,1,0,1.6,0.61,
La Liga,2022-2023,2023-05-13,Real Sociedad,Girona,2,2,3.05,1.47,
La Liga,2022-2023,2023-05-13,Osasuna,Almeria,3,1,1.87,0.51,
La Liga,2022-2023,2023-05-13,Villarreal,Athletic Club,5,1,3.09,1.82,
La Liga,2022-2023,2023-05-13,Real Madrid,Getafe,1,0,0.88,0.59,
La Liga,2022-2023,2023-05-14,Celta Vigo,Valencia,1,2,1.22,1.87,
La Liga,2022-2023,2023-05-14,Elche,Atletico Madrid,1,0,2.28,1.45,
La Liga,2022-2023,2023-05-14,Real Valladolid,Sevilla,0,3,2.02,3.06,
La Liga,2022-2023,2023-05-14,Espanyol,Barcelona,2,4,2.73,3.65,
La Liga,2022-2023,2023-05-15,Real Betis,Rayo Vallecano,3,1,2.7,1.72,
La Liga,2022-2023,2023-05-19,Cadiz,Real Valladolid,2,0,2.13,0.21,
La Liga,2022-2023,2023-05-20,Girona,Villarreal,1,2,1.32,1.72,
La Liga,2022-2023,2023-05-20,Athletic Club,Celta Vigo,2,1,1.04,0.28,
La Liga,2022-2023,2023-05-20,Almeria,Mallorca,3,0,1.71,0.36,
La Liga,2022-2023,2023-05-20,Getafe,Elche,1,1,1.59,1.34,
La Liga,2022-2023,2023-05-20,Barcelona,Real Sociedad,1,2,1.84,2.8,
La Liga,2022-2023,2023-05-21,Rayo Vallecano,Espanyol,1,2,1.83,1.31,
La Liga,2022-2023,2023-05-21,Atletico Madrid,Osasuna,3,0,2.09,0.71,
La Liga,2022-2023,2023-05-21,Valencia,Real Madrid,1,0,1.49,2.09,
La Liga,2022-2023,2023-05-21,Sevilla,Real Betis,0,0,1.52,0.11,
La Liga,2022-2023,2023-05-23,Celta Vigo,Girona,1,1,0.93,1.4,
La Liga,2022-2023,2023-05-23,Real Sociedad,Almeria,1,0,1.92,0.1,
La Liga,2022-2023,2023-05-23,Real Valladolid,Barcelona,3,1,2.21,1.73,
La Liga,2022-2023,2023-05-24,Elche,Sevilla,1,1,1.36,0.89,
La Liga,2022-2023,2023-05-24,Villarreal,Cadiz,2,0,2.97,2.1,
La Liga,2022-2023,2023-05-24,Real Madrid,Rayo Vallecano,2,1,1.66,0.45,
La Liga,2022-2023,2023-05-24,Real Betis,Getafe,0,1,1.09,0.34,
La Liga,2022-2023,2023-05-24,Espanyol,Atletico Madrid,3,3,3.04,2.76,
La Liga,2022-2023,2023-05-25,Mallorca,Valencia,1,0,0.54,2.07,
La Liga,2022-2023,2023-05-25,Osasuna,Athletic Club,2,0,0.91,0.53,
La Liga,2022-2023,2023-05-27,Sevilla,Real Madrid,1,2,0.98,0.82,
La Liga,2022-2023,2023-05-28,Athletic Club,Elche,0,1,2.91,0.77,
La Liga,2022-2023,2023-05-28,Atletico Madrid,Real Sociedad,2,1,0.82,0.94,
La Liga,2022-2023,2023-05-28,Barcelona,Mallorca,3,0,4.41,0.12,
La Liga,2022-2023,2023-05-28,Getafe,Osasuna,2,1,2.72,0.43,
La Liga,2022-2023,2023-05-28,Cadiz,Celta Vigo,1,0,1.6,0.6,
La Liga,2022-2023,2023-05-28,Rayo Vallecano,Villarreal,2,1,1.17,0.62,
La Liga,2022-2023,2023-05-28,Almeria,Real Valladolid,0,0,1.55,0.36,
La Liga,2022-2023,2023-05-28,Girona,Real Betis,1,2,1.63,2.32,
La Liga,2022-2023,2023-05-28,Valencia,Espanyol,2,2,2.53,1.78,
La Liga,2022-2023,2023-06-04,Real Madrid,Athletic Club,1,1,1.72,2.18,
La Liga,2022-2023,2023-06-04,Villarreal,Atletico Madrid,2,2,2.06,1.16,
La Liga,2022-2023,2023-06-04,Celta Vigo,Barcelona,2,1,0.57,1.42,
La Liga,2022-2023,2023-06-04,Real Valladolid,Getafe,0,0,0.69,0.28,
La Liga,2022-2023,2023-06-04,Elche,Cadiz,1,1,1.53,2.22,
La Liga,2022-2023,2023-06-04,Espanyol,Almeria,3,3,0.5,2.03,
La Liga,2022-2023,2023-06-04,Osasuna,Girona,2,1,1.92,0.82,
La Liga,2022-2023,2023-06-04,Real Betis,Valencia,1,1,0.68,0.85,
La Liga,2022-2023,2023-06-04,Mallorca,Rayo Vallecano,3,0,2.25,1.04,
La Liga,2022-2023,2023-06-04,Real Sociedad,Sevilla,2,1,2.35,0.46,
La Liga,2023-2024,2023-08-11,Almeria,Rayo Vallecano,0,2,1.12,2.1,
La Liga,2023-2024,2023-08-11,Sevilla,Valencia,1,2,0.71,1.07,
La Liga,2023-2024,2023-08-12,Real Sociedad,Girona,1,1,1.46,1.28,
La Liga,2023-2024,2023-08-12,Las Palmas,Mallorca,1,1,0.87,1.49,
La Liga,2023-2024,2023-08-12,Athletic Club,Real Madrid,0,2,0.7,1.33,
La Liga,2023-2024,2023-08-13,Celta Vigo,Osasuna,0,2,0.78,0.96,
La Liga,2023-2024,2023-08-13,Villarreal,Real Betis,1,2,0.74,0.97,
La Liga,2023-2024,2023-08-13,Getafe,Barcelona,0,0,0.8,1.68,
La Liga,2023-2024,2023-08-14,Cadiz,Alaves,1,0,0.82,0.23,
La Liga,2023-2024,2023-08-14,Atletico Madrid,Granada,3,1,3.01,1.13,
La Liga,2023-2024,2023-08-18,Mallorca,Villarreal,0,1,0.37,2.12,
La Liga,2023-2024,2023-08-18,Valencia,Las Palmas,1,0,1.5,0.74,
La Liga,2023-2024,2023-08-19,Real Sociedad,Celta Vigo,1,1,0.92,1.78,
La Liga,2023-2024,2023-08-19,Almeria,Real Madrid,1,3,1.81,2.88,
La Liga,2023-2024,2023-08-19,Osasuna,Athletic Club,0,2,1.34,1.89,
La Liga,2023-2024,2023-08-20,Girona,Getafe,3,0,1.87,0.75,
La Liga,2023-2024,2023-08-20,Barcelona,Cadiz,2,0,3.43,1.11,
La Liga,2023-2024,2023-08-20,Real Betis,Atletico Madrid,0,0,1.03,0.34,
La Liga,2023-2024,2023-08-21,Alaves,Sevilla,4,3,2.18,0.96,
La Liga,2023-2024,2023-08-21,Granada,Rayo Vallecano,0,2,0.84,2.79,
La Liga,2023-2024,2023-08-25,Las Palmas,Real Sociedad,0,0,1.57,1.12,
La Liga,2023-2024,2023-08-25,Celta Vigo,Real Madrid,0,1,1.18,1.62,
La Liga,2023-2024,2023-08-26,Cadiz,Almeria,1,1,1.56,0.27,
La Liga,2023-2024,2023-08-26,Granada,Mallorca,3,2,1.81,2.5,
La Liga,2023-2024,2023-08-26,Sevilla,Girona,1,2,1.94,1.07,
La Liga,2023-2024,2023-08-27,Villarreal,Barcelona,3,4,1.87,2.96,
La Liga,2023-2024,2023-08-27,Valencia,Osasuna,1,2,1.88,1.46,
La Liga,2023-2024,2023-08-27,Athletic Club,Real Betis,4,2,2.87,0.35,
La Liga,2023-2024,2023-08-28,Getafe,Alaves,1,0,2.67,0.86,
La Liga,2023-2024,2023-08-28,Rayo Vallecano,Atletico Madrid,0,7,0.54,3.29,
La Liga,2023-2024,2023-09-01,Cadiz,Villarreal,3,1,1.97,0.49,
La Liga,2023-2024,2023-09-01,Almeria,Celta Vigo,2,3,3.16,1.96,
La Liga,2023-2024,2023-09-02,Real Sociedad,Granada,5,3,2.09,0.55,
La Liga,2023-2024,2023-09-02,Real Madrid,Getafe,2,1,2.65,0.89,
La Liga,2023-2024,2023-09-02,Alaves,Valencia,1,0,1.9,0.72,
La Liga,2023-2024,2023-09-02,Real Betis,Rayo Vallecano,1,0,0.92,1.54,
La Liga,2023-2024,2023-09-03,Girona,Las Palmas,1,0,1.42,1.19,
La Liga,2023-2024,2023-09-03,Mallorca,Athletic Club,0,0,0.4,0.65,
La Liga,2023-2024,2023-09-03,Osasuna,Barcelona,1,2,0.8,1.77,
La Liga,2023-2024,2023-09-15,Rayo Vallecano,Alaves,2,0,2.65,0.56,
La Liga,2023-2024,2023-09-16,Athletic Club,Cadiz,3,0,4.06,0.24,
La Liga,2023-2024,2023-09-16,Valencia,Atletico Madrid,3,0,2.22,0.56,
La Liga,2023-2024,2023-09-16,Celta Vigo,Mallorca,0,1,2.06,0.85,
La Liga,2023-2024,2023-09-16,Barcelona,Real Betis,5,0,2.55,0.85,
La Liga,2023-2024,2023-09-17,Getafe,Osasuna,3,2,0.74,1.3,
La Liga,2023-2024,2023-09-17,Villarreal,Almeria,2,1,1.43,1.77,
La Liga,2023-2024,2023-09-17,Sevilla,Las Palmas,1,0,2.43,1.04,
La Liga,2023-2024,2023-09-17,Real Madrid,Real Sociedad,2,1,2.57,2.15,
La Liga,2023-2024,2023-09-18,Granada,Girona,2,4,1.97,2.14,
La Liga,2023-2024,2023-09-22,Alaves,Athletic Club,0,2,1.97,1.78,
La Liga,2023-2024,2023-09-23,Girona,Mallorca,5,3,4.19,2.43,
La Liga,2023-2024,2023-09-23,Osasuna,Sevilla,0,0,1.57,0.69,
La Liga,2023-2024,2023-09-23,Barcelona,Celta Vigo,3,2,1.82,1.68,
La Liga,2023-2024,2023-09-23,Almeria,Valencia,2,2,2.46,1.0,
La Liga,2023-2024,2023-09-24,Real Sociedad,Getafe,4,3,2.13,1.59,
La Liga,2023-2024,2023-09-24,Rayo Vallecano,Villarreal,1,1,1.03,1.04,
La Liga,2023-2024,2023-09-24,Real Betis,Cadiz,1,1,2.71,0.57,
La Liga,2023-2024,2023-09-24,Las Palmas,Granada,1,0,0.7,0.04,
La Liga,2023-2024,2023-09-24,Atletico Madrid,Real Madrid,3,1,1.8,0.85,
La Liga,2023-2024,2023-09-26,Sevilla,Almeria,5,1,2.91,1.37,
La Liga,2023-2024,2023-09-26,Mallorca,Barcelona,2,2,1.21,1.63,
La Liga,2023-2024,2023-09-27,Athletic Club,Getafe,2,2,0.61,1.31,
La Liga,2023-2024,2023-09-27,Villarreal,Girona,1,2,1.89,2.3,
La Liga,2023-2024,2023-09-27,Real Madrid,Las Palmas,2,0,2.72,0.62,
La Liga,2023-2024,2023-09-27,Cadiz,Rayo Vallecano,0,0,0.36,0.26,
La Liga,2023-2024,2023-09-27,Valencia,Real Sociedad,0,1,0.36,0.29,
La Liga,2023-2024,2023-09-28,Granada,Real Betis,1,1,1.55,0.87,
La Liga,2023-2024,2023-09-28,Celta Vigo,Alaves,1,1,0.5,2.4,
La Liga,2023-2024,2023-09-28,Osasuna,Atletico Madrid,0,2,0.76,1.23,
La Liga,2023-2024,2023-09-29,Barcelona,Sevilla,1,0,2.56,1.08,
La Liga,2023-2024,2023-09-30,Getafe,Villarreal,0,0,0.77,0.11,
La Liga,2023-2024,2023-09-30,Rayo Vallecano,Mallorca,2,2,1.79,1.34,
La Liga,2023-2024,2023-09-30,Girona,Real Madrid,0,3,2.18,2.79,
La Liga,2023-2024,2023-09-30,Real Sociedad,Athletic Club,3,0,1.38,1.96,
La Liga,2023-2024,2023-10-01,Almeria,Granada,3,3,2.24,3.51,
La Liga,2023-2024,2023-10-01,Alaves,Osasuna,0,2,1.58,1.27,
La Liga,2023-2024,2023-10-01,Atletico Madrid,Cadiz,3,2,3.1,0.68,
La Liga,2023-2024,2023-10-01,Real Betis,Valencia,3,0,2.54,0.51,
La Liga,2023-2024,2023-10-02,Las Palmas,Celta Vigo,2,1,1.46,1.54,
La Liga,2023-2024,2023-10-06,Athletic Club,Almeria,3,0,3.03,0.09,
La Liga,2023-2024,2023-10-07,Cadiz,Girona,0,1,0.65,1.26,
La Liga,2023-2024,2023-10-07,Real Madrid,Osasuna,4,0,4.48,0.16,
La Liga,2023-2024,2023-10-07,Mallorca,Valencia,1,1,0.92,0.51,
La Liga,2023-2024,2023-10-07,Sevilla,Rayo Vallecano,2,2,0.81,1.0,
La Liga,2023-2024,2023-10-08,Villarreal,Las Palmas,1,2,1.16,1.16,
La Liga,2023-2024,2023-10-08,Atletico Madrid,Real Sociedad,2,1,2.94,0.93,
La Liga,2023-2024,2023-10-08,Celta Vigo,Getafe,2,2,3.03,1.01,
La Liga,2023-2024,2023-10-08,Alaves,Real Betis,1,1,1.9,0.87,
La Liga,2023-2024,2023-10-08,Granada,Barcelona,2,2,0.61,3.0,
La Liga,2023-2024,2023-10-20,Osasuna,Granada,2,0,1.8,0.78,
La Liga,2023-2024,2023-10-21,Real Sociedad,Mallorca,1,0,2.01,2.04,
La Liga,2023-2024,2023-10-21,Getafe,Real Betis,1,1,1.87,1.43,
La Liga,2023-2024,2023-10-21,Sevilla,Real Madrid,1,1,1.87,2.18,
La Liga,2023-2024,2023-10-21,Celta Vigo,Atletico Madrid,0,3,1.27,2.39,
La Liga,2023-2024,2023-10-22,Las Palmas,Rayo Vallecano,0,1,1.19,1.26,
La Liga,2023-2024,2023-10-22,Girona,Almeria,5,2,2.2,0.88,
La Liga,2023-2024,2023-10-22,Villarreal,Alaves,1,1,1.72,1.8,
La Liga,2023-2024,2023-10-22,Barcelona,Athletic Club,1,0,1.7,0.45,
La Liga,2023-2024,2023-10-23,Valencia,Cadiz,2,0,1.68,0.55,
La Liga,2023-2024,2023-10-27,Girona,Celta Vigo,1,0,0.62,0.17,
La Liga,2023-2024,2023-10-28,Almeria,Las Palmas,1,2,0.28,1.06,
La Liga,2023-2024,2023-10-28,Barcelona,Real Madrid,1,2,1.32,0.96,
La Liga,2023-2024,2023-10-28,Mallorca,Getafe,0,0,0.72,0.29,
La Liga,2023-2024,2023-10-28,Cadiz,Sevilla,2,2,1.43,1.28,
La Liga,2023-2024,2023-10-29,Real Betis,Osasuna,2,1,1.43,0.45,
La Liga,2023-2024,2023-10-29,Rayo Vallecano,Real Sociedad,2,2,0.84,1.93,
La Liga,2023-2024,2023-10-29,Athletic Club,Valencia,2,2,1.63,2.18,
La Liga,2023-2024,2023-10-29,Atletico Madrid,Alaves,2,1,1.94,0.39,
La Liga,2023-2024,2023-10-30,Granada,Villarreal,2,3,2.8,1.9,
La Liga,2023-2024,2023-11-03,Las Palmas,Atletico Madrid,2,1,0.45,1.53,
La Liga,2023-2024,2023-11-04,Osasuna,Girona,2,4,2.18,2.79,
La Liga,2023-2024,2023-11-04,Real Betis,Mallorca,2,0,2.85,0.54,
La Liga,2023-2024,2023-11-04,Celta Vigo,Sevilla,1,1,3.02,1.25,
La Liga,2023-2024,2023-11-04,Real Sociedad,Barcelona,0,1,0.85,1.22,
La Liga,2023-2024,2023-11-05,Alaves,Almeria,1,0,2.58,0.89,
La Liga,2023-2024,2023-11-05,Valencia,Granada,1,0,1.19,0.34,
La Liga,2023-2024,2023-11-05,Villarreal,Athletic Club,2,3,1.78,2.23,
La Liga,2023-2024,2023-11-05,Real Madrid,Rayo Vallecano,0,0,1.85,0.13,
La Liga,2023-2024,2023-11-06,Getafe,Cadiz,1,0,1.21,0.82,
La Liga,2023-2024,2023-11-10,Athletic Club,Celta Vigo,4,3,4.72,2.25,
La Liga,2023-2024,2023-11-11,Rayo Vallecano,Girona,1,2,1.68,4.27,
La Liga,2023-2024,2023-11-11,Almeria,Real Sociedad,1,3,0.64,2.54,
La Liga,2023-2024,2023-11-11,Granada,Getafe,1,1,1.44,2.3,
La Liga,2023-2024,2023-11-11,Osasuna,Las Palmas,1,1,1.44,0.29,
La Liga,2023-2024,2023-11-11,Real Madrid,Valencia,5,1,1.91,2.03,
La Liga,2023-2024,2023-11-12,Barcelona,Alaves,2,1,1.81,1.84,
La Liga,2023-2024,2023-11-12,Sevilla,Real Betis,1,1,0.62,2.18,
La Liga,2023-2024,2023-11-12,Atletico Madrid,Villarreal,3,1,3.94,0.87,
La Liga,2023-2024,2023-11-24,Alaves,Granada,3,1,0.87,1.14,
La Liga,2023-2024,2023-11-25,Rayo Vallecano,Barcelona,1,1,0.91,1.31,
La Liga,2023-2024,2023-11-25,Valencia,Celta Vigo,0,0,0.25,0.61,
La Liga,2023-2024,2023-11-25,Getafe,Almeria,2,1,1.39,1.73,
La Liga,2023-2024,2023-11-25,Atletico Madrid,Mallorca,1,0,2.3,0.95,
La Liga,2023-2024,2023-11-26,Villarreal,Osasuna,3,1,2.85,1.26,
La Liga,2023-2024,2023-11-26,Real Sociedad,Sevilla,2,1,1.05,0.37,
La Liga,2023-2024,2023-11-26,Cadiz,Real Madrid,0,3,1.13,1.84,
La Liga,2023-2024,2023-11-26,Real Betis,Las Palmas,1,0,1.93,0.75,
La Liga,2023-2024,2023-11-27,Girona,Athletic Club,1,1,1.36,1.67,
La Liga,2023-2024,2023-11-29,Mallorca,Cadiz,1,1,0.85,0.25,
La Liga,2023-2024,2023-12-01,Las Palmas,Getafe,2,0,1.88,0.76,
La Liga,2023-2024,2023-12-02,Girona,Valencia,2,1,1.85,1.01,
La Liga,2023-2024,2023-12-02,Athletic Club,Rayo Vallecano,4,0,1.69,0.35,
La Liga,2023-2024,2023-12-02,Real Madrid,Granada,2,0,2.26,0.11,
La Liga,2023-2024,2023-12-02,Osasuna,Real Sociedad,1,1,1.02,1.7,
La Liga,2023-2024,2023-12-03,Mallorca,Alaves,0,0,0.91,0.28,
La Liga,2023-2024,2023-12-03,Almeria,Real Betis,0,0,2.7,0.77,
La Liga,2023-2024,2023-12-03,Sevilla,Villarreal,1,1,2.48,1.47,
La Liga,2023-2024,2023-12-03,Barcelona,Atletico Madrid,1,0,3.19,1.0,
La Liga,2023-2024,2023-12-04,Celta Vigo,Cadiz,1,1,2.73,0.35,
La Liga,2023-2024,2023-12-08,Getafe,Valencia,1,0,0.84,0.18,
La Liga,2023-2024,2023-12-09,Alaves,Las Palmas,0,1,2.21,0.47,
La Liga,2023-2024,2023-12-09,Real Betis,Real Madrid,1,1,1.52,0.8,
La Liga,2023-2024,2023-12-09,Villarreal,Real Sociedad,0,3,2.37,2.2,
La Liga,2023-2024,2023-12-09,Mallorca,Sevilla,1,0,0.53,0.55,
La Liga,2023-2024,2023-12-10,Atletico Madrid,Almeria,2,1,2.17,1.67,
La Liga,2023-2024,2023-12-10,Cadiz,Osasuna,1,1,1.15,1.82,
La Liga,2023-2024,2023-12-10,Barcelona,Girona,2,4,4.25,2.94,
La Liga,2023-2024,2023-12-11,Rayo Vallecano,Celta Vigo,0,0,1.32,0.13,
La Liga,2023-2024,2023-12-12,Granada,Athletic Club,1,1,0.54,1.69,
La Liga,2023-2024,2023-12-15,Osasuna,Rayo Vallecano,1,0,1.78,1.15,
La Liga,2023-2024,2023-12-16,Celta Vigo,Granada,1,0,1.33,0.69,
La Liga,2023-2024,2023-12-16,Athletic Club,Atletico Madrid,2,0,2.73,0.34,
La Liga,2023-2024,2023-12-16,Sevilla,Getafe,0,3,0.81,2.84,
La Liga,2023-2024,2023-12-16,Valencia,Barcelona,1,1,0.79,3.16,
La Liga,2023-2024,2023-12-17,Almeria,Mallorca,0,0,0.31,1.51,
La Liga,2023-2024,2023-12-17,Real Sociedad,Real Betis,0,0,0.99,1.37,
La Liga,2023-2024,2023-12-17,Las Palmas,Cadiz,1,1,0.83,1.43,
La Liga,2023-2024,2023-12-17,Real Madrid,Villarreal,4,1,3.22,0.42,
La Liga,2023-2024,2023-12-18,Girona,Alaves,3,0,1.93,0.55,
La Liga,2023-2024,2023-12-19,Rayo Vallecano,Valencia,0,1,0.51,0.33,
La Liga,2023-2024,2023-12-19,Atletico Madrid,Getafe,3,3,2.03,2.54,
La Liga,2023-2024,2023-12-19,Granada,Sevilla,0,3,1.13,0.51,
La Liga,2023-2024,2023-12-20,Barcelona,Almeria,3,2,4.05,1.4,
La Liga,2023-2024,2023-12-20,Athletic Club,Las Palmas,1,0,3.54,0.25,
La Liga,2023-2024,2023-12-20,Villarreal,Celta Vigo,3,2,2.6,1.99,
La Liga,2023-2024,2023-12-21,Real Betis,Girona,1,1,1.61,1.65,
La Liga,2023-2024,2023-12-21,Cadiz,Real Sociedad,0,0,0.86,0.66,
La Liga,2023-2024,2023-12-21,Mallorca,Osasuna,3,2,1.68,1.59,
La Liga,2023-2024,2023-12-21,Alaves,Real Madrid,0,1,0.39,0.95,
La Liga,2023-2024,2023-12-23,Atletico Madrid,Sevilla,1,0,1.53,0.28,
La Liga,2023-2024,2024-01-02,Getafe,Rayo Vallecano,0,2,0.65,2.74,
La Liga,2023-2024,2024-01-02,Real Sociedad,Alaves,1,1,0.98,0.97,
La Liga,2023-2024,2024-01-02,Valencia,Villarreal,3,1,2.78,1.15,
La Liga,2023-2024,2024-01-03,Granada,Cadiz,2,0,3.88,0.75,
La Liga,2023-2024,2024-01-03,Celta Vigo,Real Betis,2,1,2.55,1.74,
La Liga,2023-2024,2024-01-03,Real Madrid,Mallorca,1,0,1.88,0.84,
La Liga,2023-2024,2024-01-03,Girona,Atletico Madrid,4,3,2.32,2.67,
La Liga,2023-2024,2024-01-04,Osasuna,Almeria,1,0,2.03,0.24,
La Liga,2023-2024,2024-01-04,Sevilla,Athletic Club,0,2,0.55,2.0,
La Liga,2023-2024,2024-01-04,Las Palmas,Barcelona,1,2,0.97,2.36,
La Liga,2023-2024,2024-01-12,Sevilla,Alaves,2,3,2.5,2.09,
La Liga,2023-2024,2024-01-13,Las Palmas,Villarreal,3,0,0.96,1.71,
La Liga,2023-2024,2024-01-13,Mallorca,Celta Vigo,1,1,2.6,0.71,
La Liga,2023-2024,2024-01-13,Athletic Club,Real Sociedad,2,1,1.73,1.02,
La Liga,2023-2024,2024-01-13,Real Betis,Granada,1,0,2.01,0.66,
La Liga,2023-2024,2024-01-14,Almeria,Girona,0,0,2.21,0.25,
La Liga,2023-2024,2024-01-14,Cadiz,Valencia,1,4,1.55,1.76,
La Liga,2023-2024,2024-01-19,Alaves,Cadiz,1,0,1.83,0.67,
La Liga,2023-2024,2024-01-20,Rayo Vallecano,Las Palmas,0,2,2.17,0.79,
La Liga,2023-2024,2024-01-20,Villarreal,Mallorca,1,1,1.73,0.43,
La Liga,2023-2024,2024-01-20,Valencia,Athletic Club,1,0,0.74,0.35,
La Liga,2023-2024,2024-01-20,Celta Vigo,Real Sociedad,0,1,0.26,0.63,
La Liga,2023-2024,2024-01-21,Osasuna,Getafe,3,2,1.57,1.51,
La Liga,2023-2024,2024-01-21,Real Madrid,Almeria,3,2,3.07,0.93,
La Liga,2023-2024,2024-01-21,Real Betis,Barcelona,2,4,1.61,2.71,
La Liga,2023-2024,2024-01-21,Girona,Sevilla,5,1,2.95,0.95,
La Liga,2023-2024,2024-01-22,Granada,Atletico Madrid,0,1,0.68,1.43,
La Liga,2023-2024,2024-01-26,Almeria,Alaves,0,3,1.8,2.06,
La Liga,2023-2024,2024-01-27,Real Sociedad,Rayo Vallecano,0,0,0.25,0.13,
La Liga,2023-2024,2024-01-27,Las Palmas,Real Madrid,1,2,0.93,2.06,
La Liga,2023-2024,2024-01-27,Barcelona,Villarreal,3,5,2.03,2.37,
La Liga,2023-2024,2024-01-27,Mallorca,Real Betis,0,1,1.73,0.4,
La Liga,2023-2024,2024-01-28,Celta Vigo,Girona,0,1,1.04,1.61,
La Liga,2023-2024,2024-01-28,Cadiz,Athletic Club,0,0,0.37,0.26,
La Liga,2023-2024,2024-01-28,Sevilla,Osasuna,1,1,1.42,1.08,
La Liga,2023-2024,2024-01-28,Atletico Madrid,Valencia,2,0,2.8,0.41,
La Liga,2023-2024,2024-01-29,Getafe,Granada,2,0,1.03,1.5,
La Liga,2023-2024,2024-01-31,Barcelona,Osasuna,1,0,2.22,1.42,
La Liga,2023-2024,2024-01-31,Atletico Madrid,Rayo Vallecano,2,1,1.3,0.43,
La Liga,2023-2024,2024-02-01,Getafe,Real Madrid,0,2,0.79,2.72,
La Liga,2023-2024,2024-02-02,Athletic Club,Mallorca,4,0,1.96,0.47,
La Liga,2023-2024,2024-02-03,Valencia,Almeria,2,1,1.39,1.59,
La Liga,2023-2024,2024-02-03,Granada,Las Palmas,1,1,0.16,1.28,
La Liga,2023-2024,2024-02-03,Alaves,Barcelona,1,3,1.05,1.56,
La Liga,2023-2024,2024-02-03,Girona,Real Sociedad,0,0,1.05,0.58,
La Liga,2023-2024,2024-02-04,Villarreal,Cadiz,0,0,1.0,0.69,
La Liga,2023-2024,2024-02-04,Osasuna,Celta Vigo,0,3,1.01,1.38,
La Liga,2023-2024,2024-02-04,Real Betis,Getafe,1,1,1.54,1.9,
La Liga,2023-2024,2024-02-04,Real Madrid,Atletico Madrid,1,1,2.36,1.35,
La Liga,2023-2024,2024-02-05,Rayo Vallecano,Sevilla,1,2,2.13,1.78,
La Liga,2023-2024,2024-02-09,Cadiz,Real Betis,0,2,0.76,1.44,
La Liga,2023-2024,2024-02-10,Alaves,Villarreal,1,1,2.09,1.29,
La Liga,2023-2024,2024-02-10,Real Sociedad,Osasuna,0,1,2.51,0.7,
La Liga,2023-2024,2024-02-10,Real Madrid,Girona,4,0,3.33,0.18,
La Liga,2023-2024,2024-02-10,Las Palmas,Valencia,2,0,1.42,0.25,
La Liga,2023-2024,2024-02-11,Getafe,Celta Vigo,3,2,2.22,1.27,
La Liga,2023-2024,2024-02-11,Mallorca,Rayo Vallecano,2,1,0.83,1.41,
La Liga,2023-2024,2024-02-11,Sevilla,Atletico Madrid,1,0,2.15,1.68,
La Liga,2023-2024,2024-02-11,Barcelona,Granada,3,3,2.52,1.2,
La Liga,2023-2024,2024-02-12,Almeria,Athletic Club,0,0,0.9,0.62,
La Liga,2023-2024,2024-02-16,Villarreal,Getafe,1,1,1.62,0.98,
La Liga,2023-2024,2024-02-17,Atletico Madrid,Las Palmas,5,0,2.79,0.66,
La Liga,2023-2024,2024-02-17,Osasuna,Cadiz,2,0,1.38,0.92,
La Liga,2023-2024,2024-02-17,Celta Vigo,Barcelona,1,2,0.64,1.5,
La Liga,2023-2024,2024-02-17,Valencia,Sevilla,0,0,1.12,0.05,
La Liga,2023-2024,2024-02-18,Rayo Vallecano,Real Madrid,1,1,1.14,1.02,
La Liga,2023-2024,2024-02-18,Granada,Almeria,1,1,1.8,0.69,
La Liga,2023-2024,2024-02-18,Mallorca,Real Sociedad,1,2,0.19,1.21,
La Liga,2023-2024,2024-02-18,Real Betis,Alaves,0,0,1.18,0.49,
La Liga,2023-2024,2024-02-19,Athletic Club,Girona,3,2,2.79,1.81,
La Liga,2023-2024,2024-02-23,Real Sociedad,Villarreal,1,3,1.49,1.64,
La Liga,2023-2024,2024-02-24,Barcelona,Getafe,4,0,2.65,0.32,
La Liga,2023-2024,2024-02-24,Alaves,Mallorca,1,1,0.5,1.8,
La Liga,2023-2024,2024-02-24,Almeria,Atletico Madrid,2,2,0.35,1.88,
La Liga,2023-2024,2024-02-25,Cadiz,Celta Vigo,2,2,1.87,0.68,
La Liga,2023-2024,2024-02-25,Real Betis,Athletic Club,3,1,0.92,0.14,
La Liga,2023-2024,2024-02-25,Las Palmas,Osasuna,1,1,0.94,0.39,
La Liga,2023-2024,2024-02-25,Real Madrid,Sevilla,1,0,1.02,0.97,
La Liga,2023-2024,2024-02-26,Girona,Rayo Vallecano,3,0,2.81,0.56,
La Liga,2023-2024,2024-03-01,Celta Vigo,Almeria,1,0,1.82,0.33,
La Liga,2023-2024,2024-03-02,Sevilla,Real Sociedad,3,2,2.16,1.27,
La Liga,2023-2024,2024-03-02,Rayo Vallecano,Cadiz,1,1,0.69,1.22,
La Liga,2023-2024,2024-03-02,Getafe,Las Palmas,3,3,2.39,1.37,
La Liga,2023-2024,2024-03-02,Valencia,Real Madrid,2,2,1.33,1.46,
La Liga,2023-2024,2024-03-03,Villarreal,Granada,5,1,3.03,0.28,
La Liga,2023-2024,2024-03-03,Atletico Madrid,Real Betis,2,1,3.54,0.59,
La Liga,2023-2024,2024-03-03,Mallorca,Girona,1,0,0.94,1.09,
La Liga,2023-2024,2024-03-03,Athletic Club,Barcelona,0,0,0.47,0.71,
La Liga,2023-2024,2024-03-04,Osasuna,Alaves,1,0,1.72,1.15,
La Liga,2023-2024,2024-03-08,Barcelona,Mallorca,1,0,2.06,0.5,
La Liga,2023-2024,2024-03-09,Valencia,Getafe,1,0,1.27,1.18,
La Liga,2023-2024,2024-03-09,Cadiz,Atletico Madrid,2,0,1.18,0.9,
La Liga,2023-2024,2024-03-09,Granada,Real Sociedad,2,3,2.06,1.88,
La Liga,2023-2024,2024-03-09,Girona,Osasuna,2,0,2.18,0.19,
La Liga,2023-2024,2024-03-10,Alaves,Rayo Vallecano,1,0,0.64,0.58,
La Liga,2023-2024,2024-03-10,Las Palmas,Athletic Club,0,2,0.83,1.27,
La Liga,2023-2024,2024-03-10,Real Madrid,Celta Vigo,4,0,3.69,0.54,
La Liga,2023-2024,2024-03-10,Real Betis,Villarreal,2,3,1.4,1.31,
La Liga,2023-2024,2024-03-11,Almeria,Sevilla,2,2,1.81,2.65,
La Liga,2023-2024,2024-03-15,Real Sociedad,Cadiz,2,0,2.35,0.7,
La Liga,2023-2024,2024-03-16,Mallorca,Granada,1,0,1.66,0.3,
La Liga,2023-2024,2024-03-16,Osasuna,Real Madrid,2,4,0.67,3.06,
La Liga,2023-2024,2024-03-16,Getafe,Girona,1,0,1.11,1.7,
La Liga,2023-2024,2024-03-16,Athletic Club,Alaves,2,0,2.31,1.39,
La Liga,2023-2024,2024-03-17,Sevilla,Celta Vigo,1,2,1.76,2.23,
La Liga,2023-2024,2024-03-17,Villarreal,Valencia,1,0,2.19,1.08,
La Liga,2023-2024,2024-03-17,Las Palmas,Almeria,0,1,0.79,0.69,
La Liga,2023-2024,2024-03-17,Rayo Vallecano,Real Betis,2,0,0.79,0.69,
La Liga,2023-2024,2024-03-17,Atletico Madrid,Barcelona,0,3,0.57,1.95,
La Liga,2023-2024,2024-03-29,Cadiz,Granada,1,0,1.19,0.41,
La Liga,2023-2024,2024-03-30,Getafe,Sevilla,0,1,1.58,0.9,
La Liga,2023-2024,2024-03-30,Almeria,Osasuna,0,3,0.75,1.01,
La Liga,2023-2024,2024-03-30,Valencia,Mallorca,0,0,1.34,0.67,
La Liga,2023-2024,2024-03-30,Barcelona,Las Palmas,1,0,1.73,0.31,
La Liga,2023-2024,2024-03-31,Celta Vigo,Rayo Vallecano,0,0,0.84,0.52,
La Liga,2023-2024,2024-03-31,Girona,Real Betis,3,2,2.43,0.52,
La Liga,2023-2024,2024-03-31,Alaves,Real Sociedad,0,1,0.14,1.29,
La Liga,2023-2024,2024-03-31,Real Madrid,Athletic Club,2,0,1.19,0.3,
La Liga,2023-2024,2024-04-01,Villarreal,Atletico Madrid,1,2,0.68,1.24,
La Liga,2023-2024,2024-04-04,Granada,Valencia,0,1,0.73,0.72,
La Liga,2023-2024,2024-04-12,Real Betis,Celta Vigo,2,1,1.23,1.58,
La Liga,2023-2024,2024-04-13,Atletico Madrid,Girona,3,1,2.59,2.21,
La Liga,2023-2024,2024-04-13,Rayo Vallecano,Getafe,0,0,0.78,0.25,
La Liga,2023-2024,2024-04-13,Mallorca,Real Madrid,0,1,0.59,1.81,
La Liga,2023-2024,2024-04-13,Cadiz,Barcelona,0,1,0.79,0.83,
La Liga,2023-2024,2024-04-14,Las Palmas,Sevilla,0,2,0.09,2.06,
La Liga,2023-2024,2024-04-14,Granada,Alaves,2,0,1.87,0.28,
La Liga,2023-2024,2024-04-14,Athletic Club,Villarreal,1,1,0.82,2.19,
La Liga,2023-2024,2024-04-14,Real Sociedad,Almeria,2,2,1.69,1.78,
La Liga,2023-2024,2024-04-15,Osasuna,Valencia,0,1,2.27,0.24,
La Liga,2023-2024,2024-04-19,Athletic Club,Granada,1,1,1.64,0.15,
La Liga,2023-2024,2024-04-20,Celta Vigo,Las Palmas,4,1,3.59,0.91,
La Liga,2023-2024,2024-04-20,Rayo Vallecano,Osasuna,2,1,0.56,0.93,
La Liga,2023-2024,2024-04-20,Valencia,Real Betis,1,2,0.95,1.82,
La Liga,2023-2024,2024-04-20,Girona,Cadiz,4,1,2.31,1.82,
La Liga,2023-2024,2024-04-21,Getafe,Real Sociedad,1,1,1.2,1.04,
La Liga,2023-2024,2024-04-21,Almeria,Villarreal,1,2,2.15,1.6,
La Liga,2023-2024,2024-04-21,Alaves,Atletico Madrid,2,0,0.52,0.72,
La Liga,2023-2024,2024-04-21,Real Madrid,Barcelona,3,2,2.77,1.35,
La Liga,2023-2024,2024-04-22,Sevilla,Mallorca,2,1,1.73,0.88,
La Liga,2023-2024,2024-04-26,Real Sociedad,Real Madrid,0,1,0.38,0.46,
La Liga,2023-2024,2024-04-27,Las Palmas,Girona,0,2,1.42,2.05,
La Liga,2023-2024,2024-04-27,Almeria,Getafe,1,3,2.75,1.67,
La Liga,2023-2024,2024-04-27,Alaves,Celta Vigo,3,0,3.41,0.19,
La Liga,2023-2024,2024-04-27,Atletico Madrid,Athletic Club,3,1,0.62,0.89,
La Liga,2023-2024,2024-04-28,Cadiz,Mallorca,1,1,0.44,0.83,
La Liga,2023-2024,2024-04-28,Granada,Osasuna,3,0,2.31,0.99,
La Liga,2023-2024,2024-04-28,Villarreal,Rayo Vallecano,3,0,1.98,0.9,
La Liga,2023-2024,2024-04-28,Real Betis,Sevilla,1,1,2.39,1.26,
La Liga,2023-2024,2024-04-29,Barcelona,Valencia,4,2,2.6,1.49,
La Liga,2023-2024,2024-05-03,Getafe,Athletic Club,0,2,4.42,0.93,
La Liga,2023-2024,2024-05-04,Real Sociedad,Las Palmas,2,0,0.9,0.57,
La Liga,2023-2024,2024-05-04,Real Madrid,Cadiz,3,0,2.63,1.0,
La Liga,2023-2024,2024-05-04,Girona,Barcelona,4,2,2.32,2.61,
La Liga,2023-2024,2024-05-04,Mallorca,Atletico Madrid,0,1,0.33,0.87,
La Liga,2023-2024,2024-05-05,Osasuna,Real Betis,0,2,1.02,1.45,
La Liga,2023-2024,2024-05-05,Celta Vigo,Villarreal,3,2,4.41,0.54,
La Liga,2023-2024,2024-05-05,Valencia,Alaves,0,1,1.41,1.17,
La Liga,2023-2024,2024-05-05,Rayo Vallecano,Almeria,0,1,2.1,0.56,
La Liga,2023-2024,2024-05-05,Sevilla,Granada,3,0,2.45,0.23,
La Liga,2023-2024,2024-05-10,Alaves,Girona,2,2,2.4,1.54,
La Liga,2023-2024,2024-05-11,Mallorca,Las Palmas,1,0,0.46,0.31,
La Liga,2023-2024,2024-05-11,Villarreal,Sevilla,3,2,3.11,1.96,
La Liga,2023-2024,2024-05-11,Granada,Real Madrid,0,4,0.7,2.79,
La Liga,2023-2024,2024-05-11,Athletic Club,Osasuna,2,2,2.17,1.05,
La Liga,2023-2024,2024-05-12,Cadiz,Getafe,1,0,1.43,0.31,
La Liga,2023-2024,2024-05-12,Atletico Madrid,Celta Vigo,1,0,1.81,0.37,
La Liga,2023-2024,2024-05-12,Valencia,Rayo Vallecano,0,0,1.16,0.79,
La Liga,2023-2024,2024-05-12,Real Betis,Almeria,3,2,1.69,1.08,
La Liga,2023-2024,2024-05-13,Barcelona,Real Sociedad,2,0,1.66,0.8,
La Liga,2023-2024,2024-05-14,Osasuna,Mallorca,1,1,0.43,0.92,
La Liga,2023-2024,2024-05-14,Real Madrid,Alaves,5,0,2.88,1.51,
La Liga,2023-2024,2024-05-14,Girona,Villarreal,0,1,2.28,0.78,
La Liga,2023-2024,2024-05-15,Sevilla,Cadiz,0,1,1.44,2.85,
La Liga,2023-2024,2024-05-15,Rayo Vallecano,Granada,2,1,3.0,0.93,
La Liga,2023-2024,2024-05-15,Celta Vigo,Athletic Club,2,1,0.76,0.38,
La Liga,2023-2024,2024-05-15,Getafe,Atletico Madrid,0,3,0.45,1.67,
La Liga,2023-2024,2024-05-16,Las Palmas,Real Betis,2,2,2.62,1.33,
La Liga,2023-2024,2024-05-16,Almeria,Barcelona,0,2,1.04,2.13,
La Liga,2023-2024,2024-05-16,Real Sociedad,Valencia,1,0,1.13,0.77,
La Liga,2023-2024,2024-05-18,Alaves,Getafe,1,0,1.58,0.66,
La Liga,2023-2024,2024-05-19,Athletic Club,Sevilla,2,0,1.79,1.29,
La Liga,2023-2024,2024-05-19,Atletico Madrid,Osasuna,1,4,1.76,1.88,
La Liga,2023-2024,2024-05-19,Barcelona,Rayo Vallecano,3,0,1.7,1.69,
La Liga,2023-2024,2024-05-19,Real Betis,Real Sociedad,0,2,1.61,0.79,
La Liga,2023-2024,2024-05-19,Cadiz,Las Palmas,0,0,1.36,0.97,
La Liga,2023-2024,2024-05-19,Mallorca,Almeria,2,2,2.46,0.24,
La Liga,2023-2024,2024-05-19,Granada,Celta Vigo,1,2,1.76,2.02,
La Liga,2023-2024,2024-05-19,Valencia,Girona,1,3,3.36,2.9,
La Liga,2023-2024,2024-05-19,Villarreal,Real Madrid,4,4,2.21,1.59,
La Liga,2023-2024,2024-05-24,Girona,Granada,7,0,4.75,0.99,
La Liga,2023-2024,2024-05-25,Osasuna,Villarreal,1,1,1.09,0.84,
La Liga,2023-2024,2024-05-25,Real Sociedad,Atletico Madrid,0,2,0.57,2.2,
La Liga,2023-2024,2024-05-25,Almeria,Cadiz,6,1,3.23,0.49,
La Liga,2023-2024,2024-05-25,Rayo Vallecano,Athletic Club,0,1,1.47,0.93,
La Liga,2023-2024,2024-05-25,Real Madrid,Real Betis,0,0,1.24,1.16,
La Liga,2023-2024,2024-05-26,Getafe,Mallorca,1,2,1.08,1.34,
La Liga,2023-2024,2024-05-26,Celta Vigo,Valencia,2,2,1.5,2.16,
La Liga,2023-2024,2024-05-26,Las Palmas,Alaves,1,1,1.16,2.24,
La Liga,2023-2024,2024-05-26,Sevilla,Barcelona,1,2,1.96,1.48,
La Liga,2024-2025,2024-08-15,Athletic Club,Getafe,1,1,0.29,0.54,
La Liga,2024-2025,2024-08-15,Real Betis,Girona,1,1,1.81,1.55,
La Liga,2024-2025,2024-08-16,Celta Vigo,Alaves,2,1,0.79,1.94,
La Liga,2024-2025,2024-08-16,Las Palmas,Sevilla,2,2,1.32,2.1,
La Liga,2024-2025,2024-08-17,Osasuna,Leganes,1,1,1.76,1.34,
La Liga,2024-2025,2024-08-17,Valencia,Barcelona,1,2,1.55,3.49,
La Liga,2024-2025,2024-08-18,Real Sociedad,Rayo Vallecano,1,2,1.57,1.6,
La Liga,2024-2025,2024-08-18,Mallorca,Real Madrid,1,1,1.31,0.61,
La Liga,2024-2025,2024-08-19,Real Valladolid,Espanyol,1,0,1.18,0.52,
La Liga,2024-2025,2024-08-19,Villarreal,Atletico Madrid,2,2,0.69,1.14,
La Liga,2024-2025,2024-08-23,Celta Vigo,Valencia,3,1,1.31,1.15,
La Liga,2024-2025,2024-08-23,Sevilla,Villarreal,1,2,1.24,1.4,
La Liga,2024-2025,2024-08-24,Osasuna,Mallorca,1,0,0.89,0.43,
La Liga,2024-2025,2024-08-24,Barcelona,Athletic Club,2,1,2.42,1.1,
La Liga,2024-2025,2024-08-24,Getafe,Rayo Vallecano,0,0,0.51,0.16,
La Liga,2024-2025,2024-08-24,Espanyol,Real Sociedad,0,1,1.8,0.8,
La Liga,2024-2025,2024-08-25,Real Madrid,Real Valladolid,3,0,2.18,0.38,
La Liga,2024-2025,2024-08-25,Leganes,Las Palmas,2,1,1.59,1.23,
La Liga,2024-2025,2024-08-25,Alaves,Real Betis,0,0,0.17,1.36,
La Liga,2024-2025,2024-08-25,Atletico Madrid,Girona,3,0,1.42,0.6,
La Liga,2024-2025,2024-08-26,Villarreal,Celta Vigo,4,3,4.38,3.79,
La Liga,2024-2025,2024-08-27,Mallorca,Sevilla,0,0,0.94,0.61,
La Liga,2024-2025,2024-08-27,Rayo Vallecano,Barcelona,1,2,0.39,1.52,
La Liga,2024-2025,2024-08-28,Real Valladolid,Leganes,0,0,0.77,0.18,
La Liga,2024-2025,2024-08-28,Athletic Club,Valencia,1,0,1.52,0.1,
La Liga,2024-2025,2024-08-28,Real Sociedad,Alaves,1,2,0.95,2.63,
La Liga,2024-2025,2024-08-28,Atletico Madrid,Espanyol,0,0,3.89,0.86,
La Liga,2024-2025,2024-08-29,Girona,Osasuna,4,0,2.6,0.02,
La Liga,2024-2025,2024-08-29,Las Palmas,Real Madrid,1,1,0.81,3.28,
La Liga,2024-2025,2024-08-31,Barcelona,Real Valladolid,7,0,4.94,0.42,
La Liga,2024-2025,2024-08-31,Athletic Club,Atletico Madrid,0,1,0.25,1.59,
La Liga,2024-2025,2024-08-31,Espanyol,Rayo Vallecano,2,1,1.85,1.01,
La Liga,2024-2025,2024-08-31,Valencia,Villarreal,1,1,1.14,0.89,
La Liga,2024-2025,2024-08-31,Leganes,Mallorca,0,1,0.52,1.49,
La Liga,2024-2025,2024-09-01,Alaves,Las Palmas,2,0,2.01,0.55,
La Liga,2024-2025,2024-09-01,Osasuna,Celta Vigo,3,2,0.78,1.72,
La Liga,2024-2025,2024-09-01,Sevilla,Girona,0,2,0.81,2.36,
La Liga,2024-2025,2024-09-01,Getafe,Real Sociedad,0,0,0.55,0.02,
La Liga,2024-2025,2024-09-01,Real Madrid,Real Betis,2,0,2.37,0.83,
La Liga,2024-2025,2024-09-13,Real Betis,Leganes,2,0,1.72,0.11,
La Liga,2024-2025,2024-09-14,Mallorca,Villarreal,1,2,0.35,2.42,
La Liga,2024-2025,2024-09-14,Espanyol,Alaves,3,2,1.95,2.37,
La Liga,2024-2025,2024-09-14,Sevilla,Getafe,1,0,1.65,0.97,
La Liga,2024-2025,2024-09-14,Real Sociedad,Real Madrid,0,2,1.42,2.28,
La Liga,2024-2025,2024-09-15,Celta Vigo,Real Valladolid,3,1,1.99,0.38,
La Liga,2024-2025,2024-09-15,Girona,Barcelona,1,4,1.1,2.59,
La Liga,2024-2025,2024-09-15,Las Palmas,Athletic Club,2,3,1.52,1.8,
La Liga,2024-2025,2024-09-15,Atletico Madrid,Valencia,3,0,3.23,0.18,
La Liga,2024-2025,2024-09-16,Rayo Vallecano,Osasuna,3,1,1.48,0.53,
La Liga,2024-2025,2024-09-17,Mallorca,Real Sociedad,1,0,1.57,0.5,
La Liga,2024-2025,2024-09-18,Real Betis,Getafe,2,1,3.06,0.86,
La Liga,2024-2025,2024-09-19,Leganes,Athletic Club,0,2,0.67,1.32,
La Liga,2024-2025,2024-09-20,Alaves,Sevilla,2,1,1.41,0.62,
La Liga,2024-2025,2024-09-21,Real Valladolid,Real Sociedad,0,0,0.95,1.39,
La Liga,2024-2025,2024-09-21,Osasuna,Las Palmas,2,1,1.97,1.28,
La Liga,2024-2025,2024-09-21,Valencia,Girona,2,0,0.35,0.39,
La Liga,2024-2025,2024-09-21,Real Madrid,Espanyol,4,1,4.89,0.32,
La Liga,2024-2025,2024-09-22,Getafe,Leganes,1,1,1.24,0.78,
La Liga,2024-2025,2024-09-22,Athletic Club,Celta Vigo,3,1,0.86,1.22,
La Liga,2024-2025,2024-09-22,Villarreal,Barcelona,1,5,2.4,4.19,
La Liga,2024-2025,2024-09-22,Rayo Vallecano,Atletico Madrid,1,1,1.69,0.55,
La Liga,2024-2025,2024-09-23,Real Betis,Mallorca,1,2,1.37,1.44,
La Liga,2024-2025,2024-09-24,Sevilla,Real Valladolid,2,1,1.67,0.41,
La Liga,2024-2025,2024-09-24,Valencia,Osasuna,0,0,1.18,0.38,
La Liga,2024-2025,2024-09-24,Real Madrid,Alaves,3,2,1.8,0.85,
La Liga,2024-2025,2024-09-25,Girona,Rayo Vallecano,0,0,2.16,0.38,
La Liga,2024-2025,2024-09-25,Barcelona,Getafe,1,0,2.21,0.93,
La Liga,2024-2025,2024-09-26,Espanyol,Villarreal,1,2,0.36,1.96,
La Liga,2024-2025,2024-09-26,Las Palmas,Real Betis,1,1,1.11,2.67,
La Liga,2024-2025,2024-09-26,Celta Vigo,Atletico Madrid,0,1,1.76,0.78,
La Liga,2024-2025,2024-09-27,Real Valladolid,Mallorca,1,2,1.32,2.49,
La Liga,2024-2025,2024-09-28,Getafe,Alaves,2,0,2.56,0.42,
La Liga,2024-2025,2024-09-28,Rayo Vallecano,Leganes,1,1,1.15,0.85,
La Liga,2024-2025,2024-09-28,Real Sociedad,Valencia,3,0,3.69,0.81,
La Liga,2024-2025,2024-09-28,Osasuna,Barcelona,4,2,2.5,0.75,
La Liga,2024-2025,2024-09-29,Celta Vigo,Girona,1,1,0.52,1.41,
La Liga,2024-2025,2024-09-29,Athletic Club,Sevilla,1,1,1.83,1.24,
La Liga,2024-2025,2024-09-29,Real Betis,Espanyol,1,0,1.98,0.57,
La Liga,2024-2025,2024-09-29,Atletico Madrid,Real Madrid,1,1,1.05,0.66,
La Liga,2024-2025,2024-09-30,Villarreal,Las Palmas,3,1,4.08,0.8,
La Liga,2024-2025,2024-10-04,Leganes,Valencia,0,0,0.91,0.7,
La Liga,2024-2025,2024-10-05,Espanyol,Mallorca,2,1,0.95,1.8,
La Liga,2024-2025,2024-10-05,Getafe,Osasuna,1,1,1.35,0.25,
La Liga,2024-2025,2024-10-05,Las Palmas,Celta Vigo,0,1,0.96,0.81,
La Liga,2024-2025,2024-10-05,Real Valladolid,Rayo Vallecano,1,2,1.66,1.65,
La Liga,2024-2025,2024-10-05,Real Madrid,Villarreal,2,0,0.46,1.46,
La Liga,2024-2025,2024-10-06,Girona,Athletic Club,2,1,2.17,3.16,
La Liga,2024-2025,2024-10-06,Alaves,Barcelona,0,3,0.79,2.49,
La Liga,2024-2025,2024-10-06,Sevilla,Real Betis,1,0,1.83,0.44,
La Liga,2024-2025,2024-10-06,Real Sociedad,Atletico Madrid,1,1,1.09,0.56,
La Liga,2024-2025,2024-10-18,Alaves,Real Valladolid,2,3,0.43,2.34,
La Liga,2024-2025,2024-10-19,Athletic Club,Espanyol,4,1,1.47,0.5,
La Liga,2024-2025,2024-10-19,Osasuna,Real Betis,1,2,2.21,2.79,
La Liga,2024-2025,2024-10-19,Girona,Real Sociedad,0,1,0.45,1.86,
La Liga,2024-2025,2024-10-19,Celta Vigo,Real Madrid,1,2,1.79,1.2,
La Liga,2024-2025,2024-10-20,Mallorca,Rayo Vallecano,1,0,2.72,0.46,
La Liga,2024-2025,2024-10-20,Atletico Madrid,Leganes,3,1,5.21,0.27,
La Liga,2024-2025,2024-10-20,Villarreal,Getafe,1,1,1.15,2.03,
La Liga,2024-2025,2024-10-20,Barcelona,Sevilla,5,1,4.09,0.6,
La Liga,2024-2025,2024-10-21,Valencia,Las Palmas,2,3,1.94,1.57,
La Liga,2024-2025,2024-10-25,Espanyol,Sevilla,0,2,1.03,0.81,
La Liga,2024-2025,2024-10-26,Real Valladolid,Villarreal,1,2,0.98,2.68,
La Liga,2024-2025,2024-10-26,Rayo Vallecano,Alaves,1,0,2.89,0.87,
La Liga,2024-2025,2024-10-26,Las Palmas,Girona,1,0,1.24,1.05,
La Liga,2024-2025,2024-10-26,Real Madrid,Barcelona,0,4,1.4,2.52,
La Liga,2024-2025,2024-10-27,Leganes,Celta Vigo,3,0,1.55,0.77,
La Liga,2024-2025,2024-10-27,Getafe,Valencia,1,1,2.98,0.64,
La Liga,2024-2025,2024-10-27,Real Betis,Atletico Madrid,1,0,2.2,0.56,
La Liga,2024-2025,2024-10-27,Real Sociedad,Osasuna,0,2,1.68,1.06,
La Liga,2024-2025,2024-10-28,Mallorca,Athletic Club,0,0,0.54,0.76,
La Liga,2024-2025,2024-11-01,Alaves,Mallorca,1,0,1.44,0.71,
La Liga,2024-2025,2024-11-02,Osasuna,Real Valladolid,1,0,3.22,0.2,
La Liga,2024-2025,2024-11-02,Girona,Leganes,4,3,1.81,0.32,
La Liga,2024-2025,2024-11-03,Atletico Madrid,Las Palmas,2,0,1.73,0.03,
La Liga,2024-2025,2024-11-03,Barcelona,Espanyol,3,1,1.94,0.79,
La Liga,2024-2025,2024-11-03,Sevilla,Real Sociedad,0,2,0.63,1.22,
La Liga,2024-2025,2024-11-03,Athletic Club,Real Betis,1,1,4.2,1.54,
La Liga,2024-2025,2024-11-04,Celta Vigo,Getafe,1,0,2.12,0.42,
La Liga,2024-2025,2024-11-08,Rayo Vallecano,Las Palmas,1,3,2.64,1.25,
La Liga,2024-2025,2024-11-09,Real Madrid,Osasuna,4,0,3.27,0.07,
La Liga,2024-2025,2024-11-09,Villarreal,Alaves,3,0,1.44,0.61,
La Liga,2024-2025,2024-11-09,Leganes,Sevilla,1,0,1.09,0.54,
La Liga,2024-2025,2024-11-10,Real Betis,Celta Vigo,2,2,1.65,0.94,
La Liga,2024-2025,2024-11-10,Mallorca,Atletico Madrid,0,1,0.74,0.94,
La Liga,2024-2025,2024-11-10,Getafe,Girona,0,1,0.22,0.52,
La Liga,2024-2025,2024-11-10,Real Valladolid,Athletic Club,1,1,0.89,1.49,
La Liga,2024-2025,2024-11-10,Real Sociedad,Barcelona,1,0,1.89,0.51,
La Liga,2024-2025,2024-11-22,Getafe,Real Valladolid,2,0,0.66,0.73,
La Liga,2024-2025,2024-11-23,Valencia,Real Betis,4,2,1.67,1.05,
La Liga,2024-2025,2024-11-23,Atletico Madrid,Alaves,2,1,2.05,0.79,
La Liga,2024-2025,2024-11-23,Las Palmas,Mallorca,2,3,1.16,1.46,
La Liga,2024-2025,2024-11-23,Girona,Espanyol,4,1,3.29,0.49,
La Liga,2024-2025,2024-11-23,Celta Vigo,Barcelona,2,2,2.76,1.94,
La Liga,2024-2025,2024-11-24,Osasuna,Villarreal,2,2,1.33,2.68,
La Liga,2024-2025,2024-11-24,Sevilla,Rayo Vallecano,1,0,1.57,0.86,
La Liga,2024-2025,2024-11-24,Leganes,Real Madrid,0,3,0.11,2.73,
La Liga,2024-2025,2024-11-24,Athletic Club,Real Sociedad,1,0,1.65,0.8,
La Liga,2024-2025,2024-11-29,Mallorca,Valencia,2,1,0.72,1.33,
La Liga,2024-2025,2024-11-30,Barcelona,Las Palmas,1,2,2.18,0.6,
La Liga,2024-2025,2024-11-30,Alaves,Leganes,1,1,1.29,1.37,
La Liga,2024-2025,2024-11-30,Espanyol,Celta Vigo,3,1,1.5,1.56,
La Liga,2024-2025,2024-11-30,Real Valladolid,Atletico Madrid,0,5,0.44,3.4,
La Liga,2024-2025,2024-12-01,Villarreal,Girona,2,2,1.97,0.52,
La Liga,2024-2025,2024-12-01,Real Madrid,Getafe,2,0,3.24,0.35,
La Liga,2024-2025,2024-12-01,Rayo Vallecano,Athletic Club,1,2,0.59,0.56,
La Liga,2024-2025,2024-12-01,Real Sociedad,Real Betis,2,0,0.82,0.37,
La Liga,2024-2025,2024-12-02,Sevilla,Osasuna,1,1,1.09,1.05,
La Liga,2024-2025,2024-12-03,Mallorca,Barcelona,1,5,0.92,5.38,
La Liga,2024-2025,2024-12-04,Athletic Club,Real Madrid,2,1,2.08,1.98,
La Liga,2024-2025,2024-12-06,Celta Vigo,Mallorca,2,0,1.2,1.09,
La Liga,2024-2025,2024-12-07,Las Palmas,Real Valladolid,2,1,1.28,1.31,
La Liga,2024-2025,2024-12-07,Real Betis,Barcelona,2,2,2.76,1.54,
La Liga,2024-2025,2024-12-07,Valencia,Rayo Vallecano,0,1,1.0,1.02,
La Liga,2024-2025,2024-12-07,Girona,Real Madrid,0,3,0.35,1.16,
La Liga,2024-2025,2024-12-08,Leganes,Real Sociedad,0,3,0.46,1.74,
La Liga,2024-2025,2024-12-08,Athletic Club,Villarreal,2,0,1.31,0.8,
La Liga,2024-2025,2024-12-08,Osasuna,Alaves,2,2,2.31,1.5,
La Liga,2024-2025,2024-12-08,Atletico Madrid,Sevilla,4,3,2.32,0.64,
La Liga,2024-2025,2024-12-09,Getafe,Espanyol,1,0,0.53,1.17,
La Liga,2024-2025,2024-12-13,Real Valladolid,Valencia,1,0,0.53,0.66,
La Liga,2024-2025,2024-12-14,Espanyol,Osasuna,0,0,0.3,0.21,
La Liga,2024-2025,2024-12-14,Mallorca,Girona,2,1,1.65,0.94,
La Liga,2024-2025,2024-12-14,Sevilla,Celta Vigo,1,0,0.49,0.93,
La Liga,2024-2025,2024-12-14,Rayo Vallecano,Real Madrid,3,3,1.61,1.15,
La Liga,2024-2025,2024-12-15,Atletico Madrid,Getafe,1,0,1.85,0.24,
La Liga,2024-2025,2024-12-15,Alaves,Athletic Club,1,1,0.8,0.84,
La Liga,2024-2025,2024-12-15,Villarreal,Real Betis,1,2,1.61,1.67,
La Liga,2024-2025,2024-12-15,Real Sociedad,Las Palmas,0,0,1.25,0.84,
La Liga,2024-2025,2024-12-15,Barcelona,Leganes,0,1,2.17,0.77,
La Liga,2024-2025,2024-12-18,Villarreal,Rayo Vallecano,1,1,2.53,1.86,
La Liga,2024-2025,2024-12-18,Espanyol,Valencia,1,1,1.88,1.78,
La Liga,2024-2025,2024-12-20,Girona,Real Valladolid,3,0,2.16,0.01,
La Liga,2024-2025,2024-12-21,Getafe,Mallorca,0,1,0.74,2.06,
La Liga,2024-2025,2024-12-21,Celta Vigo,Real Sociedad,2,0,1.22,0.31,
La Liga,2024-2025,2024-12-21,Osasuna,Athletic Club,1,2,0.42,1.18,
La Liga,2024-2025,2024-12-21,Barcelona,Atletico Madrid,1,2,3.37,0.71,
La Liga,2024-2025,2024-12-22,Valencia,Alaves,2,2,1.35,1.54,
La Liga,2024-2025,2024-12-22,Real Madrid,Sevilla,4,2,2.9,1.41,
La Liga,2024-2025,2024-12-22,Las Palmas,Espanyol,1,0,0.96,0.88,
La Liga,2024-2025,2024-12-22,Leganes,Villarreal,2,5,1.47,4.01,
La Liga,2024-2025,2024-12-22,Real Betis,Rayo Vallecano,1,1,1.93,0.88,
La Liga,2024-2025,2025-01-03,Valencia,Real Madrid,1,2,1.35,2.69,
La Liga,2024-2025,2025-01-10,Rayo Vallecano,Celta Vigo,2,1,1.0,3.26,
La Liga,2024-2025,2025-01-11,Alaves,Girona,0,1,1.72,0.63,
La Liga,2024-2025,2025-01-11,Real Valladolid,Real Betis,1,0,1.62,1.04,
La Liga,2024-2025,2025-01-11,Espanyol,Leganes,1,1,1.06,1.92,
La Liga,2024-2025,2025-01-11,Sevilla,Valencia,1,1,0.73,1.08,
La Liga,2024-2025,2025-01-12,Las Palmas,Getafe,1,2,1.63,1.4,
La Liga,2024-2025,2025-01-12,Atletico Madrid,Osasuna,1,0,2.29,0.39,
La Liga,2024-2025,2025-01-13,Real Sociedad,Villarreal,1,0,0.81,1.23,
La Liga,2024-2025,2025-01-17,Espanyol,Real Valladolid,2,1,1.29,1.72,
La Liga,2024-2025,2025-01-18,Girona,Sevilla,1,2,1.14,3.09,
La Liga,2024-2025,2025-01-18,Leganes,Atletico Madrid,1,0,0.77,3.06,
La Liga,2024-2025,2025-01-18,Real Betis,Alaves,1,3,0.5,1.65,
La Liga,2024-2025,2025-01-18,Getafe,Barcelona,1,1,1.17,3.5,
La Liga,2024-2025,2025-01-19,Celta Vigo,Athletic Club,1,2,0.4,2.5,
La Liga,2024-2025,2025-01-19,Real Madrid,Las Palmas,4,1,6.41,1.06,
La Liga,2024-2025,2025-01-19,Osasuna,Rayo Vallecano,1,1,0.66,0.8,
La Liga,2024-2025,2025-01-19,Valencia,Real Sociedad,1,0,1.77,0.76,
La Liga,2024-2025,2025-01-20,Villarreal,Mallorca,4,0,2.35,0.39,
La Liga,2024-2025,2025-01-24,Las Palmas,Osasuna,1,1,0.83,2.54,
La Liga,2024-2025,2025-01-25,Mallorca,Real Betis,0,1,0.79,0.59,
La Liga,2024-2025,2025-01-25,Atletico Madrid,Villarreal,1,1,1.72,1.78,
La Liga,2024-2025,2025-01-25,Sevilla,Espanyol,1,1,1.15,1.28,
La Liga,2024-2025,2025-01-25,Real Valladolid,Real Madrid,0,3,0.23,2.46,
La Liga,2024-2025,2025-01-26,Rayo Vallecano,Girona,2,1,3.01,1.56,
La Liga,2024-2025,2025-01-26,Real Sociedad,Getafe,0,3,1.26,2.01,
La Liga,2024-2025,2025-01-26,Athletic Club,Leganes,0,0,2.27,1.57,
La Liga,2024-2025,2025-01-26,Barcelona,Valencia,7,1,4.36,1.3,
La Liga,2024-2025,2025-01-27,Alaves,Celta Vigo,1,1,0.89,0.16,
La Liga,2024-2025,2025-01-31,Leganes,Rayo Vallecano,0,1,1.0,2.39,
La Liga,2024-2025,2025-02-01,Getafe,Sevilla,0,0,0.92,0.87,
La Liga,2024-2025,2025-02-01,Villarreal,Real Valladolid,5,1,3.89,0.75,
La Liga,2024-2025,2025-02-01,Atletico Madrid,Mallorca,2,0,1.6,0.42,
La Liga,2024-2025,2025-02-01,Espanyol,Real Madrid,1,0,0.53,1.53,
La Liga,2024-2025,2025-02-02,Barcelona,Alaves,1,0,1.19,0.13,
La Liga,2024-2025,2025-02-02,Valencia,Celta Vigo,2,1,1.93,0.52,
La Liga,2024-2025,2025-02-02,Osasuna,Real Sociedad,2,1,1.11,2.35,
La Liga,2024-2025,2025-02-02,Real Betis,Athletic Club,2,2,1.32,1.76,
La Liga,2024-2025,2025-02-03,Girona,Las Palmas,2,1,2.19,1.32,
La Liga,2024-2025,2025-02-07,Rayo Vallecano,Real Valladolid,1,0,2.87,0.61,
La Liga,2024-2025,2025-02-08,Celta Vigo,Real Betis,3,2,1.75,1.51,
La Liga,2024-2025,2025-02-08,Athletic Club,Girona,3,0,3.82,0.06,
La Liga,2024-2025,2025-02-08,Las Palmas,Villarreal,1,2,1.91,1.26,
La Liga,2024-2025,2025-02-08,Real Madrid,Atletico Madrid,1,1,2.56,1.62,
La Liga,2024-2025,2025-02-09,Alaves,Getafe,0,1,1.26,0.83,
La Liga,2024-2025,2025-02-09,Valencia,Leganes,2,0,2.03,0.42,
La Liga,2024-2025,2025-02-09,Real Sociedad,Espanyol,2,1,1.68,0.87,
La Liga,2024-2025,2025-02-09,Sevilla,Barcelona,1,4,0.92,1.93,
La Liga,2024-2025,2025-02-10,Mallorca,Osasuna,1,1,1.17,1.82,
La Liga,2024-2025,2025-02-14,Girona,Getafe,1,2,1.29,0.96,
La Liga,2024-2025,2025-02-15,Leganes,Alaves,3,3,1.76,1.42,
La Liga,2024-2025,2025-02-15,Osasuna,Real Madrid,1,1,1.64,2.73,
La Liga,2024-2025,2025-02-15,Atletico Madrid,Celta Vigo,1,1,0.69,1.45,
La Liga,2024-2025,2025-02-15,Villarreal,Valencia,1,1,1.04,0.74,
La Liga,2024-2025,2025-02-16,Espanyol,Athletic Club,1,1,1.2,0.9,
La Liga,2024-2025,2025-02-16,Real Valladolid,Sevilla,0,4,0.53,1.48,
La Liga,2024-2025,2025-02-16,Mallorca,Las Palmas,3,1,2.33,1.04,
La Liga,2024-2025,2025-02-16,Real Betis,Real Sociedad,3,0,2.49,0.21,
La Liga,2024-2025,2025-02-17,Barcelona,Rayo Vallecano,1,0,2.83,1.31,
La Liga,2024-2025,2025-02-21,Celta Vigo,Osasuna,1,0,2.32,0.84,
La Liga,2024-2025,2025-02-22,Alaves,Espanyol,0,1,1.55,0.5,
La Liga,2024-2025,2025-02-22,Rayo Vallecano,Villarreal,0,1,0.51,0.79,
La Liga,2024-2025,2025-02-22,Valencia,Atletico Madrid,0,3,1.35,2.32,
La Liga,2024-2025,2025-02-22,Las Palmas,Barcelona,0,2,0.43,1.66,
La Liga,2024-2025,2025-02-23,Athletic Club,Real Valladolid,7,1,5.32,0.6,
La Liga,2024-2025,2025-02-23,Real Madrid,Girona,2,0,2.36,0.33,
La Liga,2024-2025,2025-02-23,Getafe,Real Betis,1,2,0.86,2.35,
La Liga,2024-2025,2025-02-23,Real Sociedad,Leganes,3,0,1.07,0.26,
La Liga,2024-2025,2025-02-24,Sevilla,Mallorca,1,1,1.58,1.65,
La Liga,2024-2025,2025-02-28,Real Valladolid,Las Palmas,1,1,2.17,0.16,
La Liga,2024-2025,2025-03-01,Girona,Celta Vigo,2,2,0.9,1.65,
La Liga,2024-2025,2025-03-01,Rayo Vallecano,Sevilla,1,1,2.59,0.81,
La Liga,2024-2025,2025-03-01,Real Betis,Real Madrid,2,1,2.24,1.05,
La Liga,2024-2025,2025-03-01,Atletico Madrid,Athletic Club,1,0,2.02,1.54,
La Liga,2024-2025,2025-03-02,Leganes,Getafe,1,0,0.55,0.59,
La Liga,2024-2025,2025-03-02,Barcelona,Real Sociedad,4,0,3.64,0.0,
La Liga,2024-2025,2025-03-02,Mallorca,Alaves,1,1,1.83,1.64,
La Liga,2024-2025,2025-03-02,Osasuna,Valencia,3,3,1.27,1.55,
La Liga,2024-2025,2025-03-08,Celta Vigo,Leganes,2,1,1.07,1.0,
La Liga,2024-2025,2025-03-08,Alaves,Villarreal,1,0,1.21,2.63,
La Liga,2024-2025,2025-03-08,Valencia,Real Valladolid,2,1,2.37,0.65,
La Liga,2024-2025,2025-03-09,Getafe,Atletico Madrid,2,1,1.4,1.02,
La Liga,2024-2025,2025-03-09,Real Madrid,Rayo Vallecano,2,1,1.59,1.21,
La Liga,2024-2025,2025-03-09,Athletic Club,Mallorca,1,1,0.94,1.03,
La Liga,2024-2025,2025-03-09,Real Betis,Las Palmas,1,0,2.31,0.43,
La Liga,2024-2025,2025-03-09,Real Sociedad,Sevilla,0,1,0.8,1.01,
La Liga,2024-2025,2025-03-10,Espanyol,Girona,1,1,0.33,1.59,
La Liga,2024-2025,2025-03-14,Las Palmas,Alaves,2,2,1.94,1.5,
La Liga,2024-2025,2025-03-15,Real Valladolid,Celta Vigo,0,1,0.84,1.82,
La Liga,2024-2025,2025-03-15,Mallorca,Espanyol,2,1,2.57,0.18,
La Liga,2024-2025,2025-03-15,Villarreal,Real Madrid,1,2,2.01,1.1,
La Liga,2024-2025,2025-03-15,Girona,Valencia,1,1,1.18,1.22,
La Liga,2024-2025,2025-03-16,Leganes,Real Betis,2,3,1.57,2.93,
La Liga,2024-2025,2025-03-16,Sevilla,Athletic Club,0,1,0.46,1.64,
La Liga,2024-2025,2025-03-16,Rayo Vallecano,Real Sociedad,2,2,0.54,0.91,
La Liga,2024-2025,2025-03-16,Osasuna,Getafe,1,2,2.08,0.9,
La Liga,2024-2025,2025-03-16,Atletico Madrid,Barcelona,2,4,1.09,2.16,
La Liga,2024-2025,2025-03-27,Barcelona,Osasuna,3,0,4.64,0.53,
La Liga,2024-2025,2025-03-29,Real Sociedad,Real Valladolid,2,1,1.33,1.3,
La Liga,2024-2025,2025-03-29,Espanyol,Atletico Madrid,1,1,0.99,0.99,
La Liga,2024-2025,2025-03-29,Alaves,Rayo Vallecano,0,2,1.6,0.68,
La Liga,2024-2025,2025-03-29,Real Madrid,Leganes,3,2,3.59,2.38,
La Liga,2024-2025,2025-03-30,Getafe,Villarreal,1,2,0.94,1.38,
La Liga,2024-2025,2025-03-30,Barcelona,Girona,4,1,2.75,0.49,
La Liga,2024-2025,2025-03-30,Valencia,Mallorca,1,0,0.73,0.66,
La Liga,2024-2025,2025-03-30,Athletic Club,Osasuna,0,0,0.76,0.56,
La Liga,2024-2025,2025-03-30,Real Betis,Sevilla,2,1,0.89,0.87,
La Liga,2024-2025,2025-03-31,Celta Vigo,Las Palmas,1,1,1.08,0.53,
La Liga,2024-2025,2025-04-04,Rayo Vallecano,Espanyol,0,4,0.5,3.49,
La Liga,2024-2025,2025-04-05,Girona,Alaves,0,1,1.73,0.81,
La Liga,2024-2025,2025-04-05,Real Madrid,Valencia,1,2,3.36,1.09,
La Liga,2024-2025,2025-04-05,Mallorca,Celta Vigo,1,2,0.67,1.12,
La Liga,2024-2025,2025-04-05,Barcelona,Real Betis,1,1,1.47,0.25,
La Liga,2024-2025,2025-04-06,Las Palmas,Real Sociedad,1,3,1.75,2.82,
La Liga,2024-2025,2025-04-06,Sevilla,Atletico Madrid,1,2,0.82,1.24,
La Liga,2024-2025,2025-04-06,Real Valladolid,Getafe,0,4,0.3,2.8,
La Liga,2024-2025,2025-04-06,Villarreal,Athletic Club,0,0,1.59,1.0,
La Liga,2024-2025,2025-04-07,Leganes,Osasuna,1,1,2.22,2.07,
La Liga,2024-2025,2025-04-11,Valencia,Sevilla,1,0,1.43,0.91,
La Liga,2024-2025,2025-04-12,Real Sociedad,Mallorca,0,2,0.62,0.8,
La Liga,2024-2025,2025-04-12,Getafe,Las Palmas,1,3,1.62,1.54,
La Liga,2024-2025,2025-04-12,Celta Vigo,Espanyol,0,2,0.82,0.78,
La Liga,2024-2025,2025-04-12,Leganes,Barcelona,0,1,0.6,1.1,
La Liga,2024-2025,2025-04-13,Osasuna,Girona,2,1,1.69,0.57,
La Liga,2024-2025,2025-04-13,Alaves,Real Madrid,0,1,0.61,1.27,
La Liga,2024-2025,2025-04-13,Real Betis,Villarreal,1,2,2.04,1.33,
La Liga,2024-2025,2025-04-13,Athletic Club,Rayo Vallecano,3,1,1.98,1.82,
La Liga,2024-2025,2025-04-14,Atletico Madrid,Real Valladolid,4,2,4.06,1.38,
La Liga,2024-2025,2025-04-18,Espanyol,Getafe,1,0,0.37,0.74,
La Liga,2024-2025,2025-04-19,Rayo Vallecano,Valencia,1,1,0.72,2.06,
La Liga,2024-2025,2025-04-19,Barcelona,Celta Vigo,4,3,2.57,2.5,
La Liga,2024-2025,2025-04-19,Mallorca,Leganes,0,0,1.07,0.95,
La Liga,2024-2025,2025-04-19,Las Palmas,Atletico Madrid,1,0,0.77,0.76,
La Liga,2024-2025,2025-04-20,Real Valladolid,Osasuna,2,3,1.45,2.36,
La Liga,2024-2025,2025-04-20,Villarreal,Real Sociedad,2,2,2.14,2.3,
La Liga,2024-2025,2025-04-20,Sevilla,Alaves,1,1,1.9,1.3,
La Liga,2024-2025,2025-04-20,Real Madrid,Athletic Club,1,0,2.41,0.13,
La Liga,2024-2025,2025-04-21,Girona,Real Betis,1,3,1.1,2.28,
La Liga,2024-2025,2025-04-22,Valencia,Espanyol,1,1,1.08,0.34,
La Liga,2024-2025,2025-04-22,Barcelona,Mallorca,1,0,3.43,0.33,
La Liga,2024-2025,2025-04-23,Athletic Club,Las Palmas,1,0,2.64,1.02,
La Liga,2024-2025,2025-04-23,Celta Vigo,Villarreal,3,0,3.2,0.59,
La Liga,2024-2025,2025-04-23,Getafe,Real Madrid,0,1,2.54,1.75,
La Liga,2024-2025,2025-04-23,Alaves,Real Sociedad,1,0,0.82,0.47,
La Liga,2024-2025,2025-04-24,Osasuna,Sevilla,1,0,0.37,0.93,
La Liga,2024-2025,2025-04-24,Leganes,Girona,1,1,0.33,0.76,
La Liga,2024-2025,2025-04-24,Atletico Madrid,Rayo Vallecano,3,0,3.35,1.13,
La Liga,2024-2025,2025-04-24,Real Betis,Real Valladolid,5,1,2.27,0.84,
La Liga,2024-2025,2025-04-27,Villarreal,Espanyol,1,0,1.35,1.54,
La Liga,2024-2025,2025-05-02,Rayo Vallecano,Getafe,1,0,1.22,0.8,
La Liga,2024-2025,2025-05-03,Alaves,Atletico Madrid,0,0,0.91,0.39,
La Liga,2024-2025,2025-05-03,Villarreal,Osasuna,4,2,2.3,1.41,
La Liga,2024-2025,2025-05-03,Las Palmas,Valencia,2,3,1.81,1.67,
La Liga,2024-2025,2025-05-03,Real Valladolid,Barcelona,1,2,0.75,2.21,
La Liga,2024-2025,2025-05-04,Real Madrid,Celta Vigo,3,2,3.07,2.13,
La Liga,2024-2025,2025-05-04,Sevilla,Leganes,2,2,2.34,0.8,
La Liga,2024-2025,2025-05-04,Espanyol,Real Betis,1,2,0.87,1.06,
La Liga,2024-2025,2025-05-04,Real Sociedad,Athletic Club,0,0,0.89,0.23,
La Liga,2024-2025,2025-05-05,Girona,Mallorca,1,0,1.78,0.49,
La Liga,2024-2025,2025-05-09,Las Palmas,Rayo Vallecano,0,1,0.72,1.01,
La Liga,2024-2025,2025-05-10,Valencia,Getafe,3,0,2.97,0.59,
La Liga,2024-2025,2025-05-10,Celta Vigo,Sevilla,3,2,0.96,2.61,
La Liga,2024-2025,2025-05-10,Girona,Villarreal,0,1,0.28,2.28,
La Liga,2024-2025,2025-05-10,Mallorca,Real Valladolid,2,1,1.76,2.76,
La Liga,2024-2025,2025-05-10,Atletico Madrid,Real Sociedad,4,0,1.72,0.3,
La Liga,2024-2025,2025-05-11,Leganes,Espanyol,3,2,2.06,1.58,
La Liga,2024-2025,2025-05-11,Barcelona,Real Madrid,4,3,4.11,2.56,
La Liga,2024-2025,2025-05-11,Athletic Club,Alaves,1,0,1.35,0.64,
La Liga,2024-2025,2025-05-11,Real Betis,Osasuna,1,1,0.36,2.23,
La Liga,2024-2025,2025-05-13,Real Valladolid,Girona,0,1,1.31,1.57,
La Liga,2024-2025,2025-05-13,Real Sociedad,Celta Vigo,0,1,3.31,1.3,
La Liga,2024-2025,2025-05-13,Sevilla,Las Palmas,1,0,0.93,0.4,
La Liga,2024-2025,2025-05-14,Alaves,Valencia,1,0,2.06,0.58,
La Liga,2024-2025,2025-05-14,Villarreal,Leganes,3,0,2.29,1.19,
La Liga,2024-2025,2025-05-14,Real Madrid,Mallorca,2,1,3.46,0.48,
La Liga,2024-2025,2025-05-15,Osasuna,Atletico Madrid,2,0,1.07,1.34,
La Liga,2024-2025,2025-05-15,Rayo Vallecano,Real Betis,2,2,1.3,1.17,
La Liga,2024-2025,2025-05-15,Espanyol,Barcelona,0,2,1.52,0.74,
La Liga,2024-2025,2025-05-15,Getafe,Athletic Club,0,2,0.73,1.33,
La Liga,2024-2025,2025-05-18,Atletico Madrid,Real Betis,4,1,4.94,0.82,
La Liga,2024-2025,2025-05-18,Barcelona,Villarreal,2,3,1.57,1.96,
La Liga,2024-2025,2025-05-18,Celta Vigo,Rayo Vallecano,1,2,2.42,0.91,
La Liga,2024-2025,2025-05-18,Valencia,Athletic Club,0,1,0.39,1.16,
La Liga,2024-2025,2025-05-18,Mallorca,Getafe,1,2,0.81,1.56,
La Liga,2024-2025,2025-05-18,Real Sociedad,Girona,3,2,1.87,1.65,
La Liga,2024-2025,2025-05-18,Sevilla,Real Madrid,0,2,0.48,1.96,
La Liga,2024-2025,2025-05-18,Real Valladolid,Alaves,0,1,0.89,1.23,
La Liga,2024-2025,2025-05-18,Las Palmas,Leganes,0,1,0.51,1.06,
La Liga,2024-2025,2025-05-18,Osasuna,Espanyol,2,0,1.93,0.57,
La Liga,2024-2025,2025-05-23,Real Betis,Valencia,1,1,1.15,0.65,
La Liga,2024-2025,2025-05-24,Real Madrid,Real Sociedad,2,0,2.62,1.18,
La Liga,2024-2025,2025-05-24,Espanyol,Las Palmas,2,0,1.72,0.74,
La Liga,2024-2025,2025-05-24,Leganes,Real Valladolid,3,0,1.75,0.48,
La Liga,2024-2025,2025-05-24,Alaves,Osasuna,1,1,1.57,1.88,
La Liga,2024-2025,2025-05-24,Getafe,Celta Vigo,1,2,0.36,1.31,
La Liga,2024-2025,2025-05-24,Rayo Vallecano,Mallorca,0,0,2.12,0.75,
La Liga,2024-2025,2025-05-25,Girona,Atletico Madrid,0,4,0.05,3.11,
La Liga,2024-2025,2025-05-25,Villarreal,Sevilla,4,2,1.29,1.65,
La Liga,2024-2025,2025-05-25,Athletic Club,Barcelona,0,3,0.75,3.36,
La Liga,2025-2026,2025-08-15,Girona,Rayo Vallecano,1,3,0.8,3.25,
La Liga,2025-2026,2025-08-15,Villarreal,Real Oviedo,2,0,2.61,0.86,
La Liga,2025-2026,2025-08-16,Mallorca,Barcelona,0,3,0.53,2.02,
La Liga,2025-2026,2025-08-16,Alaves,Levante,2,1,1.72,0.74,
La Liga,2025-2026,2025-08-16,Valencia,Real Sociedad,1,1,1.59,1.05,
La Liga,2025-2026,2025-08-17,Celta Vigo,Getafe,0,2,0.74,1.5,
La Liga,2025-2026,2025-08-17,Athletic Club,Sevilla,3,2,2.68,0.9,
La Liga,2025-2026,2025-08-17,Espanyol,Atletico Madrid,2,1,1.42,1.29,
La Liga,2025-2026,2025-08-18,Elche,Real Betis,1,1,0.98,1.6,
La Liga,2025-2026,2025-08-19,Real Madrid,Osasuna,1,0,1.43,0.2,
La Liga,2025-2026,2025-08-22,Real Betis,Alaves,1,0,2.14,1.44,
La Liga,2025-2026,2025-08-23,Mallorca,Celta Vigo,1,1,0.66,0.92,
La Liga,2025-2026,2025-08-23,Atletico Madrid,Elche,1,1,1.68,0.31,
La Liga,2025-2026,2025-08-23,Levante,Barcelona,2,3,2.69,2.48,
La Liga,2025-2026,2025-08-24,Osasuna,Valencia,1,0,0.95,0.59,
La Liga,2025-2026,2025-08-24,Villarreal,Girona,5,0,2.98,0.14,
La Liga,2025-2026,2025-08-24,Real Sociedad,Espanyol,2,2,1.43,1.87,
La Liga,2025-2026,2025-08-24,Real Oviedo,Real Madrid,0,3,0.34,1.82,
La Liga,2025-2026,2025-08-25,Athletic Club,Rayo Vallecano,1,0,1.69,0.49,
La Liga,2025-2026,2025-08-25,Sevilla,Getafe,1,2,0.83,1.33,
La Liga,2025-2026,2025-08-27,Celta Vigo,Real Betis,1,1,0.91,0.71,
La Liga,2025-2026,2025-08-29,Elche,Levante,2,0,1.44,0.97,
La Liga,2025-2026,2025-08-29,Valencia,Getafe,3,0,1.54,0.76,
La Liga,2025-2026,2025-08-30,Alaves,Atletico Madrid,1,1,0.86,0.96,
La Liga,2025-2026,2025-08-30,Real Oviedo,Real Sociedad,1,0,0.46,0.92,
La Liga,2025-2026,2025-08-30,Girona,Sevilla,0,2,2.01,1.62,
La Liga,2025-2026,2025-08-30,Real Madrid,Mallorca,2,1,1.84,0.55,
La Liga,2025-2026,2025-08-31,Celta Vigo,Villarreal,1,1,0.88,0.97,
La Liga,2025-2026,2025-08-31,Real Betis,Athletic Club,1,2,0.72,1.11,
La Liga,2025-2026,2025-08-31,Espanyol,Osasuna,1,0,1.37,1.38,
La Liga,2025-2026,2025-08-31,Rayo Vallecano,Barcelona,1,1,1.87,2.36,
La Liga,2025-2026,2025-09-12,Sevilla,Elche,2,2,0.35,0.78,
La Liga,2025-2026,2025-09-13,Getafe,Real Oviedo,2,0,0.95,0.37,
La Liga,2025-2026,2025-09-13,Real Sociedad,Real Madrid,1,2,3.15,2.54,
La Liga,2025-2026,2025-09-13,Athletic Club,Alaves,0,1,0.87,0.09,
La Liga,2025-2026,2025-09-13,Atletico Madrid,Villarreal,2,0,1.51,0.67,
La Liga,2025-2026,2025-09-14,Celta Vigo,Girona,1,1,1.8,1.41,
La Liga,2025-2026,2025-09-14,Levante,Real Betis,2,2,1.02,2.2,
La Liga,2025-2026,2025-09-14,Osasuna,Rayo Vallecano,2,0,1.4,0.98,
La Liga,2025-2026,2025-09-14,Barcelona,Valencia,6,0,3.46,0.12,
La Liga,2025-2026,2025-09-15,Espanyol,Mallorca,3,2,2.67,2.03,
La Liga,2025-2026,2025-09-19,Real Betis,Real Sociedad,3,1,2.54,0.61,
La Liga,2025-2026,2025-09-20,Girona,Levante,0,4,0.42,4.5,
La Liga,2025-2026,2025-09-20,Real Madrid,Espanyol,2,0,2.06,0.97,
La Liga,2025-2026,2025-09-20,Villarreal,Osasuna,2,1,3.56,1.96,
La Liga,2025-2026,2025-09-20,Alaves,Sevilla,1,2,0.91,0.89,
La Liga,2025-2026,2025-09-20,Valencia,Athletic Club,2,0,2.01,0.5,
La Liga,2025-2026,2025-09-21,Rayo Vallecano,Celta Vigo,1,1,1.31,1.28,
La Liga,2025-2026,2025-09-21,Mallorca,Atletico Madrid,1,1,0.53,2.09,
La Liga,2025-2026,2025-09-21,Elche,Real Oviedo,1,0,1.57,1.11,
La Liga,2025-2026,2025-09-21,Barcelona,Getafe,3,0,2.96,0.22,
La Liga,2025-2026,2025-09-23,Espanyol,Valencia,2,2,3.31,1.01,
La Liga,2025-2026,2025-09-23,Athletic Club,Girona,1,1,2.03,0.86,
La Liga,2025-2026,2025-09-23,Levante,Real Madrid,1,4,1.7,4.06,
La Liga,2025-2026,2025-09-23,Sevilla,Villarreal,1,2,0.84,2.41,
La Liga,2025-2026,2025-09-24,Getafe,Alaves,1,1,0.58,1.21,
La Liga,2025-2026,2025-09-24,Real Sociedad,Mallorca,1,0,2.83,0.64,
La Liga,2025-2026,2025-09-24,Atletico Madrid,Rayo Vallecano,3,2,4.95,1.62,
La Liga,2025-2026,2025-09-25,Osasuna,Elche,1,1,1.18,1.05,
La Liga,2025-2026,2025-09-25,Real Oviedo,Barcelona,1,3,1.45,2.07,
La Liga,2025-2026,2025-09-26,Girona,Espanyol,0,0,1.08,0.95,
La Liga,2025-2026,2025-09-27,Getafe,Levante,1,1,0.83,1.28,
La Liga,2025-2026,2025-09-27,Atletico Madrid,Real Madrid,5,2,2.79,1.03,
La Liga,2025-2026,2025-09-27,Mallorca,Alaves,1,0,1.04,0.57,
La Liga,2025-2026,2025-09-27,Villarreal,Athletic Club,1,0,1.86,1.56,
La Liga,2025-2026,2025-09-28,Rayo Vallecano,Sevilla,0,1,1.89,0.58,
La Liga,2025-2026,2025-09-28,Elche,Celta Vigo,2,1,4.04,0.82,
La Liga,2025-2026,2025-09-28,Barcelona,Real Sociedad,2,1,3.01,0.96,
La Liga,2025-2026,2025-09-28,Real Betis,Osasuna,2,0,1.19,0.58,
La Liga,2025-2026,2025-09-29,Valencia,Real Oviedo,1,2,1.72,1.0,
La Liga,2025-2026,2025-10-03,Osasuna,Getafe,2,1,0.69,0.86,
La Liga,2025-2026,2025-10-04,Real Oviedo,Levante,0,2,1.09,1.62,
La Liga,2025-2026,2025-10-04,Girona,Valencia,2,1,1.16,2.23,
La Liga,2025-2026,2025-10-04,Athletic Club,Mallorca,2,1,1.73,0.21,
La Liga,2025-2026,2025-10-04,Real Madrid,Villarreal,3,1,4.32,0.96,
La Liga,2025-2026,2025-10-05,Alaves,Elche,3,1,2.85,0.66,
La Liga,2025-2026,2025-10-05,Sevilla,Barcelona,4,1,2.89,2.48,
La Liga,2025-2026,2025-10-05,Espanyol,Real Betis,1,2,2.07,1.44,
La Liga,2025-2026,2025-10-05,Real Sociedad,Rayo Vallecano,0,1,0.77,0.68,
La Liga,2025-2026,2025-10-05,Celta Vigo,Atletico Madrid,1,1,2.27,0.71,
La Liga,2025-2026,2025-10-17,Real Oviedo,Espanyol,0,2,1.21,4.46,
La Liga,2025-2026,2025-10-18,Sevilla,Mallorca,1,3,1.26,1.96,
La Liga,2025-2026,2025-10-18,Barcelona,Girona,2,1,2.42,1.69,
La Liga,2025-2026,2025-10-18,Villarreal,Real Betis,2,2,0.98,0.9,
La Liga,2025-2026,2025-10-18,Atletico Madrid,Osasuna,1,0,2.24,0.98,
La Liga,2025-2026,2025-10-19,Elche,Athletic Club,0,0,0.82,0.24,
La Liga,2025-2026,2025-10-19,Celta Vigo,Real Sociedad,1,1,0.72,2.14,
La Liga,2025-2026,2025-10-19,Levante,Rayo Vallecano,0,3,0.94,2.53,
La Liga,2025-2026,2025-10-19,Getafe,Real Madrid,0,1,0.53,2.15,
La Liga,2025-2026,2025-10-20,Alaves,Valencia,0,0,1.06,0.32,
La Liga,2025-2026,2025-10-24,Real Sociedad,Sevilla,2,1,1.64,0.25,
La Liga,2025-2026,2025-10-25,Girona,Real Oviedo,3,3,2.24,2.22,
La Liga,2025-2026,2025-10-25,Espanyol,Elche,1,0,1.7,1.11,
La Liga,2025-2026,2025-10-25,Athletic Club,Getafe,0,1,0.36,1.0,
La Liga,2025-2026,2025-10-25,Valencia,Villarreal,0,2,0.64,2.62,
La Liga,2025-2026,2025-10-26,Mallorca,Levante,1,1,1.87,2.36,
La Liga,2025-2026,2025-10-26,Real Madrid,Barcelona,2,1,3.41,1.12,
La Liga,2025-2026,2025-10-26,Osasuna,Celta Vigo,2,3,2.32,1.54,
La Liga,2025-2026,2025-10-26,Rayo Vallecano,Alaves,1,0,1.55,1.41,
La Liga,2025-2026,2025-10-27,Real Betis,Atletico Madrid,0,2,1.34,0.88,
La Liga,2025-2026,2025-10-31,Getafe,Girona,2,1,1.4,1.54,
La Liga,2025-2026,2025-11-01,Villarreal,Rayo Vallecano,4,0,2.71,1.09,
La Liga,2025-2026,2025-11-01,Atletico Madrid,Sevilla,3,0,2.99,0.38,
La Liga,2025-2026,2025-11-01,Real Sociedad,Athletic Club,3,2,1.84,1.13,
La Liga,2025-2026,2025-11-01,Real Madrid,Valencia,4,0,2.9,0.29,
La Liga,2025-2026,2025-11-02,Levante,Celta Vigo,1,2,1.24,1.92,
La Liga,2025-2026,2025-11-02,Alaves,Espanyol,2,1,2.18,1.04,
La Liga,2025-2026,2025-11-02,Barcelona,Elche,3,1,2.81,0.55,
La Liga,2025-2026,2025-11-02,Real Betis,Mallorca,3,0,2.82,0.75,
La Liga,2025-2026,2025-11-03,Real Oviedo,Osasuna,0,0,0.72,0.63,
La Liga,2025-2026,2025-11-07,Elche,Real Sociedad,1,1,0.81,1.47,
La Liga,2025-2026,2025-11-08,Girona,Alaves,1,0,1.26,2.01,
La Liga,2025-2026,2025-11-08,Sevilla,Osasuna,1,0,1.22,0.97,
La Liga,2025-2026,2025-11-08,Atletico Madrid,Levante,3,1,3.04,1.29,
La Liga,2025-2026,2025-11-08,Espanyol,Villarreal,0,2,0.48,1.47,
La Liga,2025-2026,2025-11-09,Athletic Club,Real Oviedo,1,0,2.65,0.18,
La Liga,2025-2026,2025-11-09,Rayo Vallecano,Real Madrid,0,0,1.61,0.84,
La Liga,2025-2026,2025-11-09,Valencia,Real Betis,1,1,1.95,1.59,
La Liga,2025-2026,2025-11-09,Mallorca,Getafe,1,0,1.3,0.54,
La Liga,2025-2026,2025-11-09,Celta Vigo,Barcelona,2,4,0.51,3.43,
La Liga,2025-2026,2025-11-21,Valencia,Levante,1,0,1.65,0.67,
La Liga,2025-2026,2025-11-22,Alaves,Celta Vigo,0,1,0.31,1.32,
La Liga,2025-2026,2025-11-22,Barcelona,Athletic Club,4,0,2.33,1.05,
La Liga,2025-2026,2025-11-22,Osasuna,Real Sociedad,1,3,1.28,1.77,
La Liga,2025-2026,2025-11-22,Villarreal,Mallorca,2,1,2.64,1.38,
La Liga,2025-2026,2025-11-23,Real Oviedo,Rayo Vallecano,0,0,0.5,0.92,
La Liga,2025-2026,2025-11-23,Real Betis,Girona,1,1,1.58,1.49,
La Liga,2025-2026,2025-11-23,Getafe,Atletico Madrid,0,1,0.58,1.48,
La Liga,2025-2026,2025-11-23,Elche,Real Madrid,2,2,1.6,3.88,
La Liga,2025-2026,2025-11-24,Espanyol,Sevilla,2,1,1.17,1.8,
La Liga,2025-2026,2025-11-28,Getafe,Elche,1,0,1.34,0.45,
La Liga,2025-2026,2025-11-29,Mallorca,Osasuna,2,2,1.11,1.11,
La Liga,2025-2026,2025-11-29,Barcelona,Alaves,3,1,2.51,2.09,
La Liga,2025-2026,2025-11-29,Levante,Athletic Club,0,2,1.2,2.81,
La Liga,2025-2026,2025-11-29,Atletico Madrid,Real Oviedo,2,0,2.41,0.92,
La Liga,2025-2026,2025-11-30,Real Sociedad,Villarreal,2,3,1.37,1.63,
La Liga,2025-2026,2025-11-30,Sevilla,Real Betis,0,2,0.74,1.18,
La Liga,2025-2026,2025-11-30,Celta Vigo,Espanyol,0,1,0.64,0.6,
La Liga,2025-2026,2025-11-30,Girona,Real Madrid,1,1,1.05,2.21,
La Liga,2025-2026,2025-12-01,Rayo Vallecano,Valencia,1,1,2.13,0.9,
La Liga,2025-2026,2025-12-02,Barcelona,Atletico Madrid,3,1,3.46,1.35,
La Liga,2025-2026,2025-12-03,Athletic Club,Real Madrid,0,3,0.92,2.37,
La Liga,2025-2026,2025-12-05,Real Oviedo,Mallorca,0,0,1.6,0.62,
La Liga,2025-2026,2025-12-06,Villarreal,Getafe,2,0,0.82,0.28,
La Liga,2025-2026,2025-12-06,Alaves,Real Sociedad,1,0,1.89,1.1,
La Liga,2025-2026,2025-12-06,Real Betis,Barcelona,3,5,2.74,3.3,
La Liga,2025-2026,2025-12-06,Athletic Club,Atletico Madrid,1,0,1.19,0.77,
La Liga,2025-2026,2025-12-07,Elche,Girona,3,0,1.6,0.78,
La Liga,2025-2026,2025-12-07,Valencia,Sevilla,1,1,1.24,0.64,
La Liga,2025-2026,2025-12-07,Espanyol,Rayo Vallecano,1,0,1.58,0.29,
La Liga,2025-2026,2025-12-07,Real Madrid,Celta Vigo,0,2,2.42,1.61,
La Liga,2025-2026,2025-12-08,Osasuna,Levante,2,0,1.75,0.54,
La Liga,2025-2026,2025-12-12,Real Sociedad,Girona,1,2,1.02,1.17,
La Liga,2025-2026,2025-12-13,Atletico Madrid,Valencia,2,1,2.07,1.26,
La Liga,2025-2026,2025-12-13,Mallorca,Elche,3,1,2.58,0.31,
La Liga,2025-2026,2025-12-13,Barcelona,Osasuna,2,0,2.14,0.23,
La Liga,2025-2026,2025-12-13,Getafe,Espanyol,0,1,0.31,0.75,
La Liga,2025-2026,2025-12-14,Sevilla,Real Oviedo,4,0,2.32,0.42,
La Liga,2025-2026,2025-12-14,Celta Vigo,Athletic Club,2,0,1.97,1.67,
La Liga,2025-2026,2025-12-14,Alaves,Real Madrid,1,2,1.31,1.91,
La Liga,2025-2026,2025-12-15,Rayo Vallecano,Real Betis,0,0,2.18,0.79,
La Liga,2025-2026,2025-12-19,Valencia,Mallorca,1,1,2.16,0.2,
La Liga,2025-2026,2025-12-20,Real Oviedo,Celta Vigo,0,0,0.52,0.6,
La Liga,2025-2026,2025-12-20,Levante,Real Sociedad,1,1,1.22,1.63,
La Liga,2025-2026,2025-12-20,Osasuna,Alaves,3,0,2.39,0.72,
La Liga,2025-2026,2025-12-20,Real Madrid,Sevilla,2,0,4.0,1.51,
La Liga,2025-2026,2025-12-21,Girona,Atletico Madrid,0,3,1.12,1.26,
La Liga,2025-2026,2025-12-21,Villarreal,Barcelona,0,2,2.16,3.27,
La Liga,2025-2026,2025-12-21,Elche,Rayo Vallecano,4,0,3.67,1.15,
La Liga,2025-2026,2025-12-21,Real Betis,Getafe,4,0,3.46,1.25,
La Liga,2025-2026,2025-12-22,Athletic Club,Espanyol,1,2,1.72,0.91,
La Liga,2025-2026,2026-01-02,Rayo Vallecano,Getafe,1,1,0.66,0.66,
La Liga,2025-2026,2026-01-03,Celta Vigo,Valencia,4,1,2.59,1.79,
La Liga,2025-2026,2026-01-03,Osasuna,Athletic Club,1,1,0.87,1.55,
La Liga,2025-2026,2026-01-03,Elche,Villarreal,1,3,1.52,2.63,
La Liga,2025-2026,2026-01-03,Espanyol,Barcelona,0,2,1.8,2.94,
La Liga,2025-2026,2026-01-04,Sevilla,Levante,0,3,1.67,1.65,
La Liga,2025-2026,2026-01-04,Real Madrid,Real Betis,5,1,3.01,0.97,
La Liga,2025-2026,2026-01-04,Alaves,Real Oviedo,1,1,1.57,3.22,
La Liga,2025-2026,2026-01-04,Mallorca,Girona,1,2,1.48,1.46,
La Liga,2025-2026,2026-01-04,Real Sociedad,Atletico Madrid,1,1,1.71,1.37,
La Liga,2025-2026,2026-01-09,Getafe,Real Sociedad,1,2,0.24,1.26,
La Liga,2025-2026,2026-01-10,Real Oviedo,Real Betis,1,1,1.01,2.71,
La Liga,2025-2026,2026-01-10,Villarreal,Alaves,3,1,1.38,0.84,
La Liga,2025-2026,2026-01-10,Girona,Osasuna,1,0,0.98,1.23,
La Liga,2025-2026,2026-01-10,Valencia,Elche,1,1,2.04,0.24,
La Liga,2025-2026,2026-01-11,Rayo Vallecano,Mallorca,2,1,2.05,1.06,
La Liga,2025-2026,2026-01-11,Levante,Espanyol,1,1,1.18,1.59,
La Liga,2025-2026,2026-01-12,Sevilla,Celta Vigo,0,1,0.26,2.08,
La Liga,2025-2026,2026-01-16,Espanyol,Girona,0,2,1.27,1.82,
La Liga,2025-2026,2026-01-17,Real Madrid,Levante,2,0,2.55,0.79,
La Liga,2025-2026,2026-01-17,Mallorca,Athletic Club,3,2,3.11,2.28,
La Liga,2025-2026,2026-01-17,Osasuna,Real Oviedo,3,2,2.04,1.36,
La Liga,2025-2026,2026-01-17,Real Betis,Villarreal,2,0,1.35,1.18,
La Liga,2025-2026,2026-01-18,Getafe,Valencia,0,1,0.58,0.75,
La Liga,2025-2026,2026-01-18,Atletico Madrid,Alaves,1,0,1.77,1.21,
La Liga,2025-2026,2026-01-18,Celta Vigo,Rayo Vallecano,3,0,1.9,1.32,
La Liga,2025-2026,2026-01-18,Real Sociedad,Barcelona,2,1,1.56,3.92,
La Liga,2025-2026,2026-01-19,Elche,Sevilla,2,2,1.48,2.5,
La Liga,2025-2026,2026-01-23,Levante,Elche,3,2,3.24,0.63,
La Liga,2025-2026,2026-01-24,Rayo Vallecano,Osasuna,1,3,0.67,1.37,
La Liga,2025-2026,2026-01-24,Valencia,Espanyol,3,2,2.77,1.76,
La Liga,2025-2026,2026-01-24,Sevilla,Athletic Club,2,1,1.43,1.91,
La Liga,2025-2026,2026-01-24,Villarreal,Real Madrid,0,2,0.95,1.62,
La Liga,2025-2026,2026-01-25,Atletico Madrid,Mallorca,3,0,1.43,0.37,
La Liga,2025-2026,2026-01-25,Barcelona,Real Oviedo,3,0,2.6,0.49,
La Liga,2025-2026,2026-01-25,Real Sociedad,Celta Vigo,3,1,2.15,1.63,
La Liga,2025-2026,2026-01-25,Alaves,Real Betis,2,1,1.67,1.79,
La Liga,2025-2026,2026-01-26,Girona,Getafe,1,1,1.02,1.11,
La Liga,2025-2026,2026-01-30,Espanyol,Alaves,1,2,1.2,1.32,
La Liga,2025-2026,2026-01-31,Real Oviedo,Girona,1,0,1.27,0.66,
La Liga,2025-2026,2026-01-31,Osasuna,Villarreal,2,2,2.13,0.91,
La Liga,2025-2026,2026-01-31,Levante,Atletico Madrid,0,0,0.41,0.62,
La Liga,2025-2026,2026-01-31,Elche,Barcelona,1,3,0.84,7.11,
La Liga,2025-2026,2026-02-01,Real Madrid,Rayo Vallecano,2,1,2.3,1.07,
La Liga,2025-2026,2026-02-01,Real Betis,Valencia,2,1,2.17,1.89,
La Liga,2025-2026,2026-02-01,Getafe,Celta Vigo,0,0,0.5,0.26,
La Liga,2025-2026,2026-02-01,Athletic Club,Real Sociedad,1,1,0.89,1.59,
La Liga,2025-2026,2026-02-02,Mallorca,Sevilla,4,1,3.04,1.24,
La Liga,2025-2026,2026-02-06,Celta Vigo,Osasuna,1,2,2.04,1.0,
La Liga,2025-2026,2026-02-07,Barcelona,Mallorca,3,0,2.48,1.01,
La Liga,2025-2026,2026-02-07,Real Sociedad,Elche,3,1,1.77,1.09,
La Liga,2025-2026,2026-02-08,Alaves,Getafe,0,2,3.01,1.79,
La Liga,2025-2026,2026-02-08,Athletic Club,Levante,4,2,2.77,0.62,
La Liga,2025-2026,2026-02-08,Sevilla,Girona,1,1,0.96,2.6,
La Liga,2025-2026,2026-02-08,Atletico Madrid,Real Betis,0,1,0.63,0.84,
La Liga,2025-2026,2026-02-08,Valencia,Real Madrid,0,2,0.57,1.05,
La Liga,2025-2026,2026-02-09,Villarreal,Espanyol,4,1,1.54,0.74,
La Liga,2025-2026,2026-02-13,Elche,Osasuna,0,0,2.33,0.81,
La Liga,2025-2026,2026-02-14,Espanyol,Celta Vigo,2,2,1.16,2.81,
La Liga,2025-2026,2026-02-14,Getafe,Villarreal,2,1,1.62,0.97,
La Liga,2025-2026,2026-02-14,Sevilla,Alaves,1,1,0.35,1.39,
La Liga,2025-2026,2026-02-14,Real Madrid,Real Sociedad,4,1,3.06,1.66,
La Liga,2025-2026,2026-02-15,Real Oviedo,Athletic Club,1,2,0.86,1.21,
La Liga,2025-2026,2026-02-15,Rayo Vallecano,Atletico Madrid,3,0,2.75,0.75,
La Liga,2025-2026,2026-02-15,Levante,Valencia,0,2,1.46,0.74,
La Liga,2025-2026,2026-02-15,Mallorca,Real Betis,1,2,0.73,2.05,
La Liga,2025-2026,2026-02-16,Girona,Barcelona,2,1,2.89,2.7,
La Liga,2025-2026,2026-02-18,Levante,Villarreal,0,1,0.77,2.4,
La Liga,2025-2026,2026-02-20,Athletic Club,Elche,2,1,3.38,0.78,
La Liga,2025-2026,2026-02-21,Real Sociedad,Real Oviedo,3,3,2.77,1.75,
La Liga,2025-2026,2026-02-21,Real Betis,Rayo Vallecano,1,1,2.14,1.3,
La Liga,2025-2026,2026-02-21,Osasuna,Real Madrid,2,1,2.31,2.02,
La Liga,2025-2026,2026-02-21,Atletico Madrid,Espanyol,4,2,3.29,1.04,
La Liga,2025-2026,2026-02-22,Getafe,Sevilla,0,1,0.25,0.28,
La Liga,2025-2026,2026-02-22,Barcelona,Levante,3,0,4.24,0.6,
La Liga,2025-2026,2026-02-22,Celta Vigo,Mallorca,2,0,2.94,0.02,
La Liga,2025-2026,2026-02-22,Villarreal,Valencia,2,1,2.38,1.91,
La Liga,2025-2026,2026-02-23,Alaves,Girona,2,2,2.14,2.06,
La Liga,2025-2026,2026-02-27,Levante,Alaves,2,0,2.77,1.3,
La Liga,2025-2026,2026-02-28,Rayo Vallecano,Athletic Club,1,1,1.36,0.43,
La Liga,2025-2026,2026-02-28,Barcelona,Villarreal,4,1,3.55,1.36,
La Liga,2025-2026,2026-02-28,Mallorca,Real Sociedad,0,1,0.75,0.93,
La Liga,2025-2026,2026-02-28,Real Oviedo,Atletico Madrid,0,1,1.5,0.85,
La Liga,2025-2026,2026-03-01,Elche,Espanyol,2,2,1.82,0.83,
La Liga,2025-2026,2026-03-01,Valencia,Osasuna,1,0,1.31,0.26,
La Liga,2025-2026,2026-03-01,Real Betis,Sevilla,2,2,1.48,0.66,
La Liga,2025-2026,2026-03-01,Girona,Celta Vigo,1,2,1.57,0.7,
La Liga,2025-2026,2026-03-02,Real Madrid,Getafe,0,1,2.02,0.48,
La Liga,2025-2026,2026-03-04,Rayo Vallecano,Real Oviedo,3,0,2.55,1.01,
La Liga,2025-2026,2026-03-06,Celta Vigo,Real Madrid,1,2,0.91,0.64,
La Liga,2025-2026,2026-03-07,Osasuna,Mallorca,2,2,3.09,1.03,
La Liga,2025-2026,2026-03-07,Levante,Girona,1,1,0.82,1.92,
La Liga,2025-2026,2026-03-07,Atletico Madrid,Real Sociedad,3,2,3.58,0.31,
La Liga,2025-2026,2026-03-07,Athletic Club,Barcelona,0,1,1.05,0.56,
La Liga,2025-2026,2026-03-08,Villarreal,Elche,2,1,2.31,1.62,
La Liga,2025-2026,2026-03-08,Getafe,Real Betis,2,0,0.82,1.25,
La Liga,2025-2026,2026-03-08,Sevilla,Rayo Vallecano,1,1,1.15,0.21,
La Liga,2025-2026,2026-03-08,Valencia,Alaves,3,2,2.52,1.61,
La Liga,2025-2026,2026-03-09,Espanyol,Real Oviedo,1,1,1.55,0.89,
La Liga,2025-2026,2026-03-13,Alaves,Villarreal,1,1,0.29,0.87,
La Liga,2025-2026,2026-03-14,Girona,Athletic Club,3,0,2.19,1.97,
La Liga,2025-2026,2026-03-14,Atletico Madrid,Getafe,1,0,2.14,1.58,
La Liga,2025-2026,2026-03-14,Real Oviedo,Valencia,1,0,1.86,0.49,
La Liga,2025-2026,2026-03-14,Real Madrid,Elche,4,1,1.73,1.37,
La Liga,2025-2026,2026-03-15,Mallorca,Espanyol,2,1,2.15,1.35,
La Liga,2025-2026,2026-03-15,Barcelona,Sevilla,5,2,3.86,1.04,
La Liga,2025-2026,2026-03-15,Real Betis,Celta Vigo,1,1,1.88,0.65,
La Liga,2025-2026,2026-03-15,Real Sociedad,Osasuna,3,1,2.91,0.62,
La Liga,2025-2026,2026-03-16,Rayo Vallecano,Levante,1,1,1.68,1.46,
La Liga,2025-2026,2026-03-20,Villarreal,Real Sociedad,3,1,3.36,0.89,
La Liga,2025-2026,2026-03-21,Elche,Mallorca,2,1,1.52,1.52,
La Liga,2025-2026,2026-03-21,Espanyol,Getafe,1,2,1.51,2.06,
La Liga,2025-2026,2026-03-21,Levante,Real Oviedo,4,2,2.93,1.34,
La Liga,2025-2026,2026-03-21,Osasuna,Girona,1,0,2.26,0.23,
La Liga,2025-2026,2026-03-21,Sevilla,Valencia,0,2,0.51,1.71,
La Liga,2025-2026,2026-03-22,Barcelona,Rayo Vallecano,1,0,1.92,2.2,
La Liga,2025-2026,2026-03-22,Celta Vigo,Alaves,3,4,1.71,1.67,
La Liga,2025-2026,2026-03-22,Athletic Club,Real Betis,2,1,1.93,0.59,
La Liga,2025-2026,2026-03-22,Real Madrid,Atletico Madrid,3,2,2.97,1.4,
La Liga,2025-2026,2026-04-03,Rayo Vallecano,Elche,1,0,1.51,0.6,
La Liga,2025-2026,2026-04-04,Real Sociedad,Levante,2,0,2.96,0.32,
La Liga,2025-2026,2026-04-04,Mallorca,Real Madrid,2,1,1.04,1.51,
La Liga,2025-2026,2026-04-04,Real Betis,Espanyol,0,0,2.0,0.14,
La Liga,2025-2026,2026-04-04,Atletico Madrid,Barcelona,1,2,0.92,2.69,
La Liga,2025-2026,2026-04-05,Getafe,Athletic Club,2,0,1.96,0.52,
La Liga,2025-2026,2026-04-05,Valencia,Celta Vigo,2,3,0.72,1.46,
La Liga,2025-2026,2026-04-05,Real Oviedo,Sevilla,1,0,0.79,0.84,
La Liga,2025-2026,2026-04-05,Alaves,Osasuna,2,2,1.66,1.61,
La Liga,2025-2026,2026-04-06,Girona,Villarreal,1,0,0.65,0.44,
La Liga,2025-2026,2026-04-10,Real Madrid,Girona,1,1,1.98,0.47,
La Liga,2025-2026,2026-04-11,Real Sociedad,Alaves,3,3,1.29,1.21,
La Liga,2025-2026,2026-04-11,Elche,Valencia,1,0,1.03,2.77,
La Liga,2025-2026,2026-04-11,Barcelona,Espanyol,4,1,3.31,1.13,
La Liga,2025-2026,2026-04-11,Sevilla,Atletico Madrid,2,1,1.66,0.86,
La Liga,2025-2026,2026-04-12,Osasuna,Real Betis,1,1,1.53,0.41,
La Liga,2025-2026,2026-04-12,Mallorca,Rayo Vallecano,3,0,2.55,1.97,
La Liga,2025-2026,2026-04-12,Celta Vigo,Real Oviedo,0,3,1.16,2.13,
La Liga,2025-2026,2026-04-12,Athletic Club,Villarreal,1,2,1.32,1.55,
La Liga,2025-2026,2026-04-13,Levante,Getafe,1,0,3.33,0.29,
La Liga,2025-2026,2026-04-21,Athletic Club,Osasuna,1,0,0.49,1.4,
La Liga,2025-2026,2026-04-21,Mallorca,Valencia,1,1,2.24,1.39,
La Liga,2025-2026,2026-04-21,Real Madrid,Alaves,2,1,1.5,1.63,
La Liga,2025-2026,2026-04-21,Girona,Real Betis,2,3,1.73,1.25,
La Liga,2025-2026,2026-04-22,Elche,Atletico Madrid,3,2,3.63,0.85,
La Liga,2025-2026,2026-04-22,Real Sociedad,Getafe,0,1,1.9,0.22,
La Liga,2025-2026,2026-04-22,Barcelona,Celta Vigo,1,0,1.54,1.07,
La Liga,2025-2026,2026-04-23,Levante,Sevilla,2,0,1.21,0.44,
La Liga,2025-2026,2026-04-23,Rayo Vallecano,Espanyol,1,0,2.07,1.69,
La Liga,2025-2026,2026-04-23,Real Oviedo,Villarreal,1,1,2.53,3.25,
La Liga,2025-2026,2026-04-24,Real Betis,Real Madrid,1,1,1.02,1.1,
La Liga,2025-2026,2026-04-25,Alaves,Mallorca,2,1,1.41,0.22,
La Liga,2025-2026,2026-04-25,Getafe,Barcelona,0,2,0.61,2.05,
La Liga,2025-2026,2026-04-25,Valencia,Girona,2,1,2.31,1.39,
La Liga,2025-2026,2026-04-25,Atletico Madrid,Athletic Club,3,2,2.48,0.97,
La Liga,2025-2026,2026-04-26,Rayo Vallecano,Real Sociedad,3,3,3.18,2.4,
La Liga,2025-2026,2026-04-26,Real Oviedo,Elche,1,2,0.77,0.62,
La Liga,2025-2026,2026-04-26,Osasuna,Sevilla,2,1,2.14,0.55,
La Liga,2025-2026,2026-04-26,Villarreal,Celta Vigo,2,1,2.41,2.05,
La Liga,2025-2026,2026-04-27,Espanyol,Levante,0,0,0.85,1.39,
La Liga,2025-2026,2026-05-01,Girona,Mallorca,0,1,1.78,1.31,
La Liga,2025-2026,2026-05-02,Villarreal,Levante,5,1,2.48,0.8,
La Liga,2025-2026,2026-05-02,Valencia,Atletico Madrid,0,2,0.78,1.81,
La Liga,2025-2026,2026-05-02,Alaves,Athletic Club,2,4,0.61,0.9,
La Liga,2025-2026,2026-05-02,Osasuna,Barcelona,1,2,1.29,1.57,
La Liga,2025-2026,2026-05-03,Celta Vigo,Elche,3,1,1.44,1.65,
La Liga,2025-2026,2026-05-03,Getafe,Rayo Vallecano,0,2,1.35,0.95,
La Liga,2025-2026,2026-05-03,Real Betis,Real Oviedo,3,0,1.87,1.15,
La Liga,2025-2026,2026-05-03,Espanyol,Real Madrid,0,2,1.09,1.5,
La Liga,2025-2026,2026-05-04,Sevilla,Real Sociedad,1,0,1.32,0.17,
La Liga,2025-2026,2026-05-08,Levante,Osasuna,3,2,3.53,0.5,
La Liga,2025-2026,2026-05-09,Elche,Alaves,1,1,2.09,2.46,
La Liga,2025-2026,2026-05-09,Sevilla,Espanyol,2,1,1.42,0.4,
La Liga,2025-2026,2026-05-09,Atletico Madrid,Celta Vigo,0,1,2.79,0.29,
La Liga,2025-2026,2026-05-09,Real Sociedad,Real Betis,2,2,2.67,1.79,
La Liga,2025-2026,2026-05-10,Mallorca,Villarreal,1,1,1.54,0.99,
La Liga,2025-2026,2026-05-10,Athletic Club,Valencia,0,1,0.94,1.5,
La Liga,2025-2026,2026-05-10,Real Oviedo,Getafe,0,0,0.57,1.41,
La Liga,2025-2026,2026-05-10,Barcelona,Real Madrid,2,0,1.72,0.56,
La Liga,2025-2026,2026-05-11,Rayo Vallecano,Girona,1,1,1.79,1.13,
La Liga,2025-2026,2026-05-12,Celta Vigo,Levante,2,3,1.92,1.53,
La Liga,2025-2026,2026-05-12,Real Betis,Elche,2,1,1.98,0.34,
La Liga,2025-2026,2026-05-12,Osasuna,Atletico Madrid,1,2,2.41,1.82,
La Liga,2025-2026,2026-05-13,Espanyol,Athletic Club,2,0,0.85,0.89,
La Liga,2025-2026,2026-05-13,Villarreal,Sevilla,2,3,0.95,0.92,
La Liga,2025-2026,2026-05-13,Alaves,Barcelona,1,0,0.95,0.36,
La Liga,2025-2026,2026-05-13,Getafe,Mallorca,3,1,1.82,0.41,
La Liga,2025-2026,2026-05-14,Valencia,Rayo Vallecano,1,1,0.94,1.53,
La Liga,2025-2026,2026-05-14,Girona,Real Sociedad,1,1,2.69,0.55,
La Liga,2025-2026,2026-05-14,Real Madrid,Real Oviedo,2,0,1.74,1.19,
La Liga,2025-2026,2026-05-17,Athletic Club,Celta Vigo,1,1,2.9,0.31,
La Liga,2025-2026,2026-05-17,Barcelona,Real Betis,3,1,1.6,0.99,
La Liga,2025-2026,2026-05-17,Atletico Madrid,Girona,1,0,2.71,2.0,
La Liga,2025-2026,2026-05-17,Real Sociedad,Valencia,3,4,1.3,1.99,
La Liga,2025-2026,2026-05-17,Real Oviedo,Alaves,0,1,0.63,1.28,
La Liga,2025-2026,2026-05-17,Osasuna,Espanyol,1,2,1.81,0.95,
La Liga,2025-2026,2026-05-17,Sevilla,Real Madrid,0,1,0.68,1.47,
La Liga,2025-2026,2026-05-17,Levante,Mallorca,2,0,2.44,0.44,
La Liga,2025-2026,2026-05-17,Rayo Vallecano,Villarreal,2,0,1.92,0.65,
La Liga,2025-2026,2026-05-17,Elche,Getafe,1,0,0.69,0.09,
La Liga,2025-2026,2026-05-23,Alaves,Rayo Vallecano,1,2,1.72,1.65,
La Liga,2025-2026,2026-05-23,Real Betis,Levante,2,1,1.87,2.37,
La Liga,2025-2026,2026-05-23,Celta Vigo,Sevilla,1,0,1.62,0.76,
La Liga,2025-2026,2026-05-23,Espanyol,Real Sociedad,1,1,2.14,1.23,
La Liga,2025-2026,2026-05-23,Real Madrid,Athletic Club,4,2,1.95,1.45,
La Liga,2025-2026,2026-05-23,Valencia,Barcelona,3,1,1.83,1.29,
La Liga,2025-2026,2026-05-23,Girona,Elche,1,1,0.67,0.5,
La Liga,2025-2026,2026-05-23,Getafe,Osasuna,1,0,0.26,0.8,
La Liga,2025-2026,2026-05-23,Mallorca,Real Oviedo,3,0,3.51,0.24,
La Liga,2025-2026,2026-05-24,Villarreal,Atletico Madrid,5,1,2.8,1.58,
Bundesliga,2020-2021,2020-09-18,Bayern Munich,Schalke 04,8,0,4.62,0.15,
Bundesliga,2020-2021,2020-09-19,Eintracht Frankfurt,Arminia Bielefeld,1,1,2.47,0.62,
Bundesliga,2020-2021,2020-09-19,Union Berlin,Augsburg,1,3,1.05,1.42,
Bundesliga,2020-2021,2020-09-19,FC Cologne,Hoffenheim,2,3,2.41,2.9,
Bundesliga,2020-2021,2020-09-19,Werder Bremen,Hertha Berlin,1,4,0.5,2.05,
Bundesliga,2020-2021,2020-09-19,VfB Stuttgart,Freiburg,2,3,2.16,2.07,
Bundesliga,2020-2021,2020-09-19,Borussia Dortmund,Borussia M.Gladbach,3,0,1.7,0.51,
Bundesliga,2020-2021,2020-09-20,RasenBallsport Leipzig,Mainz 05,3,1,3.23,1.07,
Bundesliga,2020-2021,2020-09-20,Wolfsburg,Bayer Leverkusen,0,0,1.28,0.44,
Bundesliga,2020-2021,2020-09-25,Hertha Berlin,Eintracht Frankfurt,1,3,1.56,1.62,
Bundesliga,2020-2021,2020-09-26,Mainz 05,VfB Stuttgart,1,4,1.04,2.97,
Bundesliga,2020-2021,2020-09-26,Augsburg,Borussia Dortmund,2,0,1.45,1.53,
Bundesliga,2020-2021,2020-09-26,Arminia Bielefeld,FC Cologne,1,0,0.16,1.37,
Bundesliga,2020-2021,2020-09-26,Borussia M.Gladbach,Union Berlin,1,1,1.48,0.77,
Bundesliga,2020-2021,2020-09-26,Bayer Leverkusen,RasenBallsport Leipzig,1,1,0.91,1.2,
Bundesliga,2020-2021,2020-09-26,Schalke 04,Werder Bremen,1,3,1.68,3.1,
Bundesliga,2020-2021,2020-09-27,Hoffenheim,Bayern Munich,4,1,2.52,1.17,
Bundesliga,2020-2021,2020-09-27,Freiburg,Wolfsburg,1,1,0.92,0.41,
Bundesliga,2020-2021,2020-10-02,Union Berlin,Mainz 05,4,0,2.07,0.19,
Bundesliga,2020-2021,2020-10-03,FC Cologne,Borussia M.Gladbach,1,3,0.24,2.06,
Bundesliga,2020-2021,2020-10-03,Werder Bremen,Arminia Bielefeld,1,0,0.35,1.02,
Bundesliga,2020-2021,2020-10-03,VfB Stuttgart,Bayer Leverkusen,1,1,0.8,1.7,
Bundesliga,2020-2021,2020-10-03,Borussia Dortmund,Freiburg,4,0,2.83,0.45,
Bundesliga,2020-2021,2020-10-03,Eintracht Frankfurt,Hoffenheim,2,1,3.57,0.77,
Bundesliga,2020-2021,2020-10-03,RasenBallsport Leipzig,Schalke 04,4,0,3.26,0.22,
Bundesliga,2020-2021,2020-10-04,Wolfsburg,Augsburg,0,0,1.32,1.81,
Bundesliga,2020-2021,2020-10-04,Bayern Munich,Hertha Berlin,4,3,3.99,1.25,
Bundesliga,2020-2021,2020-10-17,Hoffenheim,Borussia Dortmund,0,1,0.88,1.85,
Bundesliga,2020-2021,2020-10-17,Freiburg,Werder Bremen,1,1,1.06,1.66,
Bundesliga,2020-2021,2020-10-17,Hertha Berlin,VfB Stuttgart,0,2,1.43,1.41,
Bundesliga,2020-2021,2020-10-17,Augsburg,RasenBallsport Leipzig,0,2,0.55,2.4,
Bundesliga,2020-2021,2020-10-17,Mainz 05,Bayer Leverkusen,0,1,0.21,0.45,
Bundesliga,2020-2021,2020-10-17,Arminia Bielefeld,Bayern Munich,1,4,1.21,3.29,
Bundesliga,2020-2021,2020-10-17,Borussia M.Gladbach,Wolfsburg,1,1,2.11,1.34,
Bundesliga,2020-2021,2020-10-18,FC Cologne,Eintracht Frankfurt,1,1,1.42,1.55,
Bundesliga,2020-2021,2020-10-18,Schalke 04,Union Berlin,1,1,0.25,0.83,
Bundesliga,2020-2021,2020-10-23,VfB Stuttgart,FC Cologne,1,1,0.72,2.38,
Bundesliga,2020-2021,2020-10-24,Union Berlin,Freiburg,1,1,1.28,0.27,
Bundesliga,2020-2021,2020-10-24,Mainz 05,Borussia M.Gladbach,2,3,1.9,3.08,
Bundesliga,2020-2021,2020-10-24,RasenBallsport Leipzig,Hertha Berlin,2,1,2.69,0.8,
Bundesliga,2020-2021,2020-10-24,Bayern Munich,Eintracht Frankfurt,5,0,3.81,0.43,
Bundesliga,2020-2021,2020-10-24,Borussia Dortmund,Schalke 04,3,0,1.48,0.24,
Bundesliga,2020-2021,2020-10-25,Wolfsburg,Arminia Bielefeld,2,1,2.78,0.66,
Bundesliga,2020-2021,2020-10-25,Werder Bremen,Hoffenheim,1,1,0.23,0.87,
Bundesliga,2020-2021,2020-10-26,Bayer Leverkusen,Augsburg,3,1,2.63,0.34,
Bundesliga,2020-2021,2020-10-30,Schalke 04,VfB Stuttgart,1,1,0.73,1.57,
Bundesliga,2020-2021,2020-10-31,FC Cologne,Bayern Munich,1,2,0.68,0.99,
Bundesliga,2020-2021,2020-10-31,Augsburg,Mainz 05,3,1,1.79,1.01,
Bundesliga,2020-2021,2020-10-31,Arminia Bielefeld,Borussia Dortmund,0,2,0.26,2.76,
Bundesliga,2020-2021,2020-10-31,Eintracht Frankfurt,Werder Bremen,1,1,2.49,0.73,
Bundesliga,2020-2021,2020-10-31,Borussia M.Gladbach,RasenBallsport Leipzig,1,0,0.62,0.7,
Bundesliga,2020-2021,2020-11-01,Freiburg,Bayer Leverkusen,2,4,1.18,1.34,
Bundesliga,2020-2021,2020-11-01,Hertha Berlin,Wolfsburg,1,1,1.25,0.4,
Bundesliga,2020-2021,2020-11-02,Hoffenheim,Union Berlin,1,3,1.49,3.66,
Bundesliga,2020-2021,2020-11-06,Werder Bremen,FC Cologne,1,1,1.35,0.4,
Bundesliga,2020-2021,2020-11-07,VfB Stuttgart,Eintracht Frankfurt,2,2,2.09,3.49,
Bundesliga,2020-2021,2020-11-07,RasenBallsport Leipzig,Freiburg,3,0,2.43,0.58,
Bundesliga,2020-2021,2020-11-07,Union Berlin,Arminia Bielefeld,5,0,2.25,0.26,
Bundesliga,2020-2021,2020-11-07,Mainz 05,Schalke 04,2,2,3.36,1.71,
Bundesliga,2020-2021,2020-11-07,Augsburg,Hertha Berlin,0,3,0.35,2.52,
Bundesliga,2020-2021,2020-11-07,Borussia Dortmund,Bayern Munich,2,3,2.31,1.34,
Bundesliga,2020-2021,2020-11-08,Wolfsburg,Hoffenheim,2,1,2.65,2.64,
Bundesliga,2020-2021,2020-11-08,Bayer Leverkusen,Borussia M.Gladbach,4,3,1.54,3.02,
Bundesliga,2020-2021,2020-11-21,Bayern Munich,Werder Bremen,1,1,1.67,1.63,
Bundesliga,2020-2021,2020-11-21,Borussia M.Gladbach,Augsburg,1,1,1.71,0.81,
Bundesliga,2020-2021,2020-11-21,Hoffenheim,VfB Stuttgart,3,3,1.75,1.46,
Bundesliga,2020-2021,2020-11-21,Schalke 04,Wolfsburg,0,2,1.0,2.66,
Bundesliga,2020-2021,2020-11-21,Arminia Bielefeld,Bayer Leverkusen,1,2,0.0,1.33,
Bundesliga,2020-2021,2020-11-21,Eintracht Frankfurt,RasenBallsport Leipzig,1,1,0.89,0.91,
Bundesliga,2020-2021,2020-11-21,Hertha Berlin,Borussia Dortmund,2,5,1.21,2.83,
Bundesliga,2020-2021,2020-11-22,Freiburg,Mainz 05,1,3,1.48,3.2,
Bundesliga,2020-2021,2020-11-22,FC Cologne,Union Berlin,1,2,1.08,1.89,
Bundesliga,2020-2021,2020-11-27,Wolfsburg,Werder Bremen,5,3,1.54,0.86,
Bundesliga,2020-2021,2020-11-28,Borussia Dortmund,FC Cologne,1,2,2.76,1.59,
Bundesliga,2020-2021,2020-11-28,RasenBallsport Leipzig,Arminia Bielefeld,2,1,2.84,1.76,
Bundesliga,2020-2021,2020-11-28,Union Berlin,Eintracht Frankfurt,3,3,1.96,1.34,
Bundesliga,2020-2021,2020-11-28,Augsburg,Freiburg,1,1,0.39,0.47,
Bundesliga,2020-2021,2020-11-28,VfB Stuttgart,Bayern Munich,1,3,1.39,0.89,
Bundesliga,2020-2021,2020-11-28,Borussia M.Gladbach,Schalke 04,4,1,3.16,0.73,
Bundesliga,2020-2021,2020-11-29,Bayer Leverkusen,Hertha Berlin,0,0,1.04,0.52,
Bundesliga,2020-2021,2020-11-29,Mainz 05,Hoffenheim,1,1,1.78,1.11,
Bundesliga,2020-2021,2020-12-04,Hertha Berlin,Union Berlin,3,1,0.77,0.27,
Bundesliga,2020-2021,2020-12-05,Freiburg,Borussia M.Gladbach,2,2,4.02,1.67,
Bundesliga,2020-2021,2020-12-05,Eintracht Frankfurt,Borussia Dortmund,1,1,0.85,1.14,
Bundesliga,2020-2021,2020-12-05,FC Cologne,Wolfsburg,2,2,1.09,1.91,
Bundesliga,2020-2021,2020-12-05,Arminia Bielefeld,Mainz 05,2,1,1.18,2.54,
Bundesliga,2020-2021,2020-12-05,Bayern Munich,RasenBallsport Leipzig,3,3,1.0,1.56,
Bundesliga,2020-2021,2020-12-06,Werder Bremen,VfB Stuttgart,1,2,0.65,2.13,
Bundesliga,2020-2021,2020-12-06,Schalke 04,Bayer Leverkusen,0,3,1.23,2.45,
Bundesliga,2020-2021,2020-12-07,Hoffenheim,Augsburg,3,1,1.46,0.79,
Bundesliga,2020-2021,2020-12-11,Wolfsburg,Eintracht Frankfurt,2,1,2.81,1.51,
Bundesliga,2020-2021,2020-12-12,Borussia Dortmund,VfB Stuttgart,1,5,0.78,3.08,
Bundesliga,2020-2021,2020-12-12,RasenBallsport Leipzig,Werder Bremen,2,0,2.4,0.6,
Bundesliga,2020-2021,2020-12-12,Borussia M.Gladbach,Hertha Berlin,1,1,1.36,0.37,
Bundesliga,2020-2021,2020-12-12,Freiburg,Arminia Bielefeld,2,0,2.43,0.24,
Bundesliga,2020-2021,2020-12-12,Mainz 05,FC Cologne,0,1,1.26,0.84,
Bundesliga,2020-2021,2020-12-12,Union Berlin,Bayern Munich,1,1,1.09,1.06,
Bundesliga,2020-2021,2020-12-13,Augsburg,Schalke 04,2,2,1.25,1.91,
Bundesliga,2020-2021,2020-12-13,Bayer Leverkusen,Hoffenheim,4,1,2.12,1.67,
Bundesliga,2020-2021,2020-12-15,Eintracht Frankfurt,Borussia M.Gladbach,3,3,2.13,1.14,
Bundesliga,2020-2021,2020-12-15,Hertha Berlin,Mainz 05,0,0,0.49,0.74,
Bundesliga,2020-2021,2020-12-15,Werder Bremen,Borussia Dortmund,1,2,0.15,3.38,
Bundesliga,2020-2021,2020-12-15,VfB Stuttgart,Union Berlin,2,2,2.19,1.02,
Bundesliga,2020-2021,2020-12-16,Schalke 04,Freiburg,0,2,0.38,1.16,
Bundesliga,2020-2021,2020-12-16,FC Cologne,Bayer Leverkusen,0,4,0.25,1.93,
Bundesliga,2020-2021,2020-12-16,Arminia Bielefeld,Augsburg,0,1,0.7,0.37,
Bundesliga,2020-2021,2020-12-16,Bayern Munich,Wolfsburg,2,1,1.27,1.11,
Bundesliga,2020-2021,2020-12-16,Hoffenheim,RasenBallsport Leipzig,0,1,0.75,0.48,
Bundesliga,2020-2021,2020-12-18,Union Berlin,Borussia Dortmund,2,1,1.38,1.18,
Bundesliga,2020-2021,2020-12-19,RasenBallsport Leipzig,FC Cologne,0,0,1.58,0.21,
Bundesliga,2020-2021,2020-12-19,Borussia M.Gladbach,Hoffenheim,1,2,2.13,2.29,
Bundesliga,2020-2021,2020-12-19,Schalke 04,Arminia Bielefeld,0,1,0.34,0.9,
Bundesliga,2020-2021,2020-12-19,Mainz 05,Werder Bremen,0,1,0.39,1.3,
Bundesliga,2020-2021,2020-12-19,Augsburg,Eintracht Frankfurt,0,2,1.45,2.37,
Bundesliga,2020-2021,2020-12-19,Bayer Leverkusen,Bayern Munich,1,2,0.31,1.41,
Bundesliga,2020-2021,2020-12-20,Freiburg,Hertha Berlin,4,1,2.97,1.04,
Bundesliga,2020-2021,2020-12-20,Wolfsburg,VfB Stuttgart,1,0,1.68,1.11,
Bundesliga,2020-2021,2021-01-02,Hoffenheim,Freiburg,1,3,1.14,2.08,
Bundesliga,2020-2021,2021-01-02,Eintracht Frankfurt,Bayer Leverkusen,2,1,1.34,0.75,
Bundesliga,2020-2021,2021-01-02,FC Cologne,Augsburg,0,1,0.45,1.24,
Bundesliga,2020-2021,2021-01-02,Werder Bremen,Union Berlin,0,2,1.02,1.3,
Bundesliga,2020-2021,2021-01-02,Arminia Bielefeld,Borussia M.Gladbach,0,1,0.71,1.89,
Bundesliga,2020-2021,2021-01-02,Hertha Berlin,Schalke 04,3,0,2.07,0.72,
Bundesliga,2020-2021,2021-01-02,VfB Stuttgart,RasenBallsport Leipzig,0,1,0.89,2.64,
Bundesliga,2020-2021,2021-01-03,Borussia Dortmund,Wolfsburg,2,0,2.0,1.22,
Bundesliga,2020-2021,2021-01-03,Bayern Munich,Mainz 05,5,2,4.11,1.19,
Bundesliga,2020-2021,2021-01-08,Borussia M.Gladbach,Bayern Munich,3,2,0.97,1.33,
Bundesliga,2020-2021,2021-01-09,Bayer Leverkusen,Werder Bremen,1,1,0.59,0.48,
Bundesliga,2020-2021,2021-01-09,Freiburg,FC Cologne,5,0,2.92,0.14,
Bundesliga,2020-2021,2021-01-09,Union Berlin,Wolfsburg,2,2,1.0,1.89,
Bundesliga,2020-2021,2021-01-09,Schalke 04,Hoffenheim,4,0,2.13,1.84,
Bundesliga,2020-2021,2021-01-09,Mainz 05,Eintracht Frankfurt,0,2,1.1,2.44,
Bundesliga,2020-2021,2021-01-09,RasenBallsport Leipzig,Borussia Dortmund,1,3,1.59,2.57,
Bundesliga,2020-2021,2021-01-10,Augsburg,VfB Stuttgart,1,4,0.97,4.01,
Bundesliga,2020-2021,2021-01-10,Arminia Bielefeld,Hertha Berlin,1,0,0.62,0.6,
Bundesliga,2020-2021,2021-01-15,Union Berlin,Bayer Leverkusen,1,0,1.22,0.79,
Bundesliga,2020-2021,2021-01-16,Borussia Dortmund,Mainz 05,1,1,1.9,0.54,
Bundesliga,2020-2021,2021-01-16,Hoffenheim,Arminia Bielefeld,0,0,0.66,0.6,
Bundesliga,2020-2021,2021-01-16,Wolfsburg,RasenBallsport Leipzig,2,2,0.81,2.42,
Bundesliga,2020-2021,2021-01-16,FC Cologne,Hertha Berlin,0,0,0.34,0.42,
Bundesliga,2020-2021,2021-01-16,Werder Bremen,Augsburg,2,0,1.2,0.94,
Bundesliga,2020-2021,2021-01-16,VfB Stuttgart,Borussia M.Gladbach,2,2,1.64,1.43,
Bundesliga,2020-2021,2021-01-17,Bayern Munich,Freiburg,2,1,3.02,0.76,
Bundesliga,2020-2021,2021-01-17,Eintracht Frankfurt,Schalke 04,3,1,1.98,0.14,
Bundesliga,2020-2021,2021-01-19,Borussia M.Gladbach,Werder Bremen,1,0,0.65,0.81,
Bundesliga,2020-2021,2021-01-19,Bayer Leverkusen,Borussia Dortmund,2,1,1.82,1.26,
Bundesliga,2020-2021,2021-01-19,Hertha Berlin,Hoffenheim,0,3,1.34,1.08,
Bundesliga,2020-2021,2021-01-19,Mainz 05,Wolfsburg,0,2,0.37,0.99,
Bundesliga,2020-2021,2021-01-20,Schalke 04,FC Cologne,1,2,1.14,1.75,
Bundesliga,2020-2021,2021-01-20,RasenBallsport Leipzig,Union Berlin,1,0,1.35,0.12,
Bundesliga,2020-2021,2021-01-20,Freiburg,Eintracht Frankfurt,2,2,0.85,1.45,
Bundesliga,2020-2021,2021-01-20,Augsburg,Bayern Munich,0,1,1.22,1.98,
Bundesliga,2020-2021,2021-01-20,Arminia Bielefeld,VfB Stuttgart,3,0,1.86,1.32,
Bundesliga,2020-2021,2021-01-22,Borussia M.Gladbach,Borussia Dortmund,4,2,2.33,1.93,
Bundesliga,2020-2021,2021-01-23,Bayer Leverkusen,Wolfsburg,0,1,0.57,1.06,
Bundesliga,2020-2021,2021-01-23,Freiburg,VfB Stuttgart,2,1,1.53,3.03,
Bundesliga,2020-2021,2021-01-23,Mainz 05,RasenBallsport Leipzig,3,2,1.97,1.86,
Bundesliga,2020-2021,2021-01-23,Augsburg,Union Berlin,2,1,0.95,1.63,
Bundesliga,2020-2021,2021-01-23,Arminia Bielefeld,Eintracht Frankfurt,1,5,0.33,2.56,
Bundesliga,2020-2021,2021-01-23,Hertha Berlin,Werder Bremen,1,4,2.0,1.39,
Bundesliga,2020-2021,2021-01-24,Schalke 04,Bayern Munich,0,4,0.94,3.13,
Bundesliga,2020-2021,2021-01-24,Hoffenheim,FC Cologne,3,0,2.66,2.29,
Bundesliga,2020-2021,2021-01-29,VfB Stuttgart,Mainz 05,2,0,1.03,0.3,
Bundesliga,2020-2021,2021-01-30,Bayern Munich,Hoffenheim,4,1,1.95,1.87,
Bundesliga,2020-2021,2021-01-30,Borussia Dortmund,Augsburg,3,1,1.92,0.31,
Bundesliga,2020-2021,2021-01-30,Eintracht Frankfurt,Hertha Berlin,3,1,1.78,0.38,
Bundesliga,2020-2021,2021-01-30,Union Berlin,Borussia M.Gladbach,1,1,0.69,0.58,
Bundesliga,2020-2021,2021-01-30,Werder Bremen,Schalke 04,1,1,0.64,0.47,
Bundesliga,2020-2021,2021-01-30,RasenBallsport Leipzig,Bayer Leverkusen,1,0,1.69,0.91,
Bundesliga,2020-2021,2021-01-31,FC Cologne,Arminia Bielefeld,3,1,1.51,0.95,
Bundesliga,2020-2021,2021-01-31,Wolfsburg,Freiburg,3,0,2.01,0.68,
Bundesliga,2020-2021,2021-02-05,Hertha Berlin,Bayern Munich,0,1,1.25,1.8,
Bundesliga,2020-2021,2021-02-06,Bayer Leverkusen,VfB Stuttgart,5,2,4.61,1.31,
Bundesliga,2020-2021,2021-02-06,Freiburg,Borussia Dortmund,2,1,0.17,1.29,
Bundesliga,2020-2021,2021-02-06,Schalke 04,RasenBallsport Leipzig,0,3,0.13,3.1,
Bundesliga,2020-2021,2021-02-06,Mainz 05,Union Berlin,1,0,2.21,0.94,
Bundesliga,2020-2021,2021-02-06,Augsburg,Wolfsburg,0,2,0.38,2.2,
Bundesliga,2020-2021,2021-02-06,Borussia M.Gladbach,FC Cologne,1,2,0.43,0.82,
Bundesliga,2020-2021,2021-02-07,Hoffenheim,Eintracht Frankfurt,1,3,0.64,1.26,
Bundesliga,2020-2021,2021-02-12,RasenBallsport Leipzig,Augsburg,2,1,2.26,0.94,
Bundesliga,2020-2021,2021-02-13,Borussia Dortmund,Hoffenheim,2,2,1.19,2.19,
Bundesliga,2020-2021,2021-02-13,Bayer Leverkusen,Mainz 05,2,2,1.75,2.28,
Bundesliga,2020-2021,2021-02-13,Werder Bremen,Freiburg,0,0,0.91,0.38,
Bundesliga,2020-2021,2021-02-13,VfB Stuttgart,Hertha Berlin,1,1,1.39,0.83,
Bundesliga,2020-2021,2021-02-13,Union Berlin,Schalke 04,0,0,1.94,0.34,
Bundesliga,2020-2021,2021-02-14,Eintracht Frankfurt,FC Cologne,2,0,2.94,0.55,
Bundesliga,2020-2021,2021-02-14,Wolfsburg,Borussia M.Gladbach,0,0,0.64,0.66,
Bundesliga,2020-2021,2021-02-15,Bayern Munich,Arminia Bielefeld,3,3,2.29,1.72,
Bundesliga,2020-2021,2021-02-19,Arminia Bielefeld,Wolfsburg,0,3,0.32,1.68,
Bundesliga,2020-2021,2021-02-20,Borussia M.Gladbach,Mainz 05,1,2,0.66,0.67,
Bundesliga,2020-2021,2021-02-20,Freiburg,Union Berlin,0,1,0.84,1.5,
Bundesliga,2020-2021,2021-02-20,Eintracht Frankfurt,Bayern Munich,2,1,1.91,1.55,
Bundesliga,2020-2021,2021-02-20,FC Cologne,VfB Stuttgart,0,1,0.65,0.61,
Bundesliga,2020-2021,2021-02-20,Schalke 04,Borussia Dortmund,0,4,0.83,1.85,
Bundesliga,2020-2021,2021-02-21,Augsburg,Bayer Leverkusen,1,1,0.93,0.4,
Bundesliga,2020-2021,2021-02-21,Hertha Berlin,RasenBallsport Leipzig,0,3,0.86,1.16,
Bundesliga,2020-2021,2021-02-21,Hoffenheim,Werder Bremen,4,0,2.66,0.11,
Bundesliga,2020-2021,2021-02-26,Werder Bremen,Eintracht Frankfurt,2,1,1.11,1.18,
Bundesliga,2020-2021,2021-02-27,Bayern Munich,FC Cologne,5,1,2.4,0.99,
Bundesliga,2020-2021,2021-02-27,Borussia Dortmund,Arminia Bielefeld,3,0,2.51,0.64,
Bundesliga,2020-2021,2021-02-27,Wolfsburg,Hertha Berlin,2,0,0.62,1.19,
Bundesliga,2020-2021,2021-02-27,VfB Stuttgart,Schalke 04,5,1,2.69,1.65,
Bundesliga,2020-2021,2021-02-27,RasenBallsport Leipzig,Borussia M.Gladbach,3,2,1.89,1.94,
Bundesliga,2020-2021,2021-02-28,Union Berlin,Hoffenheim,1,1,0.96,1.54,
Bundesliga,2020-2021,2021-02-28,Mainz 05,Augsburg,0,1,0.45,1.28,
Bundesliga,2020-2021,2021-02-28,Bayer Leverkusen,Freiburg,1,2,1.16,1.48,
Bundesliga,2020-2021,2021-03-05,Schalke 04,Mainz 05,0,0,0.41,0.85,
Bundesliga,2020-2021,2021-03-06,Hertha Berlin,Augsburg,2,1,2.69,0.84,
Bundesliga,2020-2021,2021-03-06,Borussia M.Gladbach,Bayer Leverkusen,0,1,0.54,1.37,
Bundesliga,2020-2021,2021-03-06,Hoffenheim,Wolfsburg,2,1,0.99,1.83,
Bundesliga,2020-2021,2021-03-06,Freiburg,RasenBallsport Leipzig,0,3,0.2,1.97,
Bundesliga,2020-2021,2021-03-06,Eintracht Frankfurt,VfB Stuttgart,1,1,1.57,1.16,
Bundesliga,2020-2021,2021-03-06,Bayern Munich,Borussia Dortmund,4,2,2.7,0.72,
Bundesliga,2020-2021,2021-03-07,FC Cologne,Werder Bremen,1,1,1.5,1.21,
Bundesliga,2020-2021,2021-03-07,Arminia Bielefeld,Union Berlin,0,0,0.21,1.49,
Bundesliga,2020-2021,2021-03-10,Arminia Bielefeld,Werder Bremen,0,2,2.49,1.65,
Bundesliga,2020-2021,2021-03-12,Augsburg,Borussia M.Gladbach,3,1,1.15,2.31,
Bundesliga,2020-2021,2021-03-13,Wolfsburg,Schalke 04,5,0,2.5,0.24,
Bundesliga,2020-2021,2021-03-13,Union Berlin,FC Cologne,2,1,2.38,1.05,
Bundesliga,2020-2021,2021-03-13,Mainz 05,Freiburg,1,0,1.84,1.48,
Bundesliga,2020-2021,2021-03-13,Werder Bremen,Bayern Munich,1,3,0.77,3.97,
Bundesliga,2020-2021,2021-03-13,Borussia Dortmund,Hertha Berlin,2,0,1.93,0.08,
Bundesliga,2020-2021,2021-03-14,Bayer Leverkusen,Arminia Bielefeld,1,2,2.37,2.28,
Bundesliga,2020-2021,2021-03-14,RasenBallsport Leipzig,Eintracht Frankfurt,1,1,1.81,0.69,
Bundesliga,2020-2021,2021-03-14,VfB Stuttgart,Hoffenheim,2,0,1.04,0.98,
Bundesliga,2020-2021,2021-03-19,Arminia Bielefeld,RasenBallsport Leipzig,0,1,0.29,2.51,
Bundesliga,2020-2021,2021-03-20,Bayern Munich,VfB Stuttgart,4,0,2.62,1.12,
Bundesliga,2020-2021,2021-03-20,Eintracht Frankfurt,Union Berlin,5,2,2.54,2.92,
Bundesliga,2020-2021,2021-03-20,FC Cologne,Borussia Dortmund,2,2,1.32,1.81,
Bundesliga,2020-2021,2021-03-20,Werder Bremen,Wolfsburg,1,2,1.07,1.2,
Bundesliga,2020-2021,2021-03-20,Schalke 04,Borussia M.Gladbach,0,3,0.19,2.07,
Bundesliga,2020-2021,2021-03-21,Hoffenheim,Mainz 05,1,2,1.05,3.2,
Bundesliga,2020-2021,2021-03-21,Hertha Berlin,Bayer Leverkusen,3,0,2.0,2.0,
Bundesliga,2020-2021,2021-03-21,Freiburg,Augsburg,2,0,2.07,0.82,
Bundesliga,2020-2021,2021-04-03,Borussia Dortmund,Eintracht Frankfurt,1,2,2.15,1.76,
Bundesliga,2020-2021,2021-04-03,Bayer Leverkusen,Schalke 04,2,1,0.86,1.05,
Bundesliga,2020-2021,2021-04-03,Wolfsburg,FC Cologne,1,0,0.73,1.21,
Bundesliga,2020-2021,2021-04-03,Mainz 05,Arminia Bielefeld,1,1,2.46,0.38,
Bundesliga,2020-2021,2021-04-03,Augsburg,Hoffenheim,2,1,0.56,0.75,
Bundesliga,2020-2021,2021-04-03,RasenBallsport Leipzig,Bayern Munich,0,1,0.49,0.6,
Bundesliga,2020-2021,2021-04-03,Borussia M.Gladbach,Freiburg,2,1,1.49,1.97,
Bundesliga,2020-2021,2021-04-04,VfB Stuttgart,Werder Bremen,1,0,0.7,0.36,
Bundesliga,2020-2021,2021-04-04,Union Berlin,Hertha Berlin,1,1,0.8,0.85,
Bundesliga,2020-2021,2021-04-09,Arminia Bielefeld,Freiburg,1,0,1.36,0.43,
Bundesliga,2020-2021,2021-04-10,Bayern Munich,Union Berlin,1,1,0.81,0.91,
Bundesliga,2020-2021,2021-04-10,Eintracht Frankfurt,Wolfsburg,4,3,0.75,1.7,
Bundesliga,2020-2021,2021-04-10,Hertha Berlin,Borussia M.Gladbach,2,2,1.42,1.25,
Bundesliga,2020-2021,2021-04-10,Werder Bremen,RasenBallsport Leipzig,1,4,1.33,1.68,
Bundesliga,2020-2021,2021-04-10,VfB Stuttgart,Borussia Dortmund,2,3,1.52,1.13,
Bundesliga,2020-2021,2021-04-11,Schalke 04,Augsburg,1,0,0.86,1.15,
Bundesliga,2020-2021,2021-04-11,FC Cologne,Mainz 05,2,3,2.5,1.52,
Bundesliga,2020-2021,2021-04-12,Hoffenheim,Bayer Leverkusen,0,0,0.09,0.32,
Bundesliga,2020-2021,2021-04-16,RasenBallsport Leipzig,Hoffenheim,0,0,1.44,0.18,
Bundesliga,2020-2021,2021-04-17,Borussia M.Gladbach,Eintracht Frankfurt,4,0,2.95,0.61,
Bundesliga,2020-2021,2021-04-17,Wolfsburg,Bayern Munich,2,3,1.25,1.73,
Bundesliga,2020-2021,2021-04-17,Freiburg,Schalke 04,4,0,2.08,0.72,
Bundesliga,2020-2021,2021-04-17,Union Berlin,VfB Stuttgart,2,1,1.54,0.79,
Bundesliga,2020-2021,2021-04-17,Augsburg,Arminia Bielefeld,0,0,0.75,0.82,
Bundesliga,2020-2021,2021-04-17,Bayer Leverkusen,FC Cologne,3,0,1.99,0.83,
Bundesliga,2020-2021,2021-04-18,Borussia Dortmund,Werder Bremen,4,1,3.07,0.97,
Bundesliga,2020-2021,2021-04-20,FC Cologne,RasenBallsport Leipzig,2,1,0.59,2.01,
Bundesliga,2020-2021,2021-04-20,Bayern Munich,Bayer Leverkusen,2,0,1.89,0.54,
Bundesliga,2020-2021,2021-04-20,Eintracht Frankfurt,Augsburg,2,0,1.17,1.41,
Bundesliga,2020-2021,2021-04-20,Arminia Bielefeld,Schalke 04,1,0,2.3,0.25,
Bundesliga,2020-2021,2021-04-21,Borussia Dortmund,Union Berlin,2,0,6.37,0.27,
Bundesliga,2020-2021,2021-04-21,Hoffenheim,Borussia M.Gladbach,3,2,2.31,0.88,
Bundesliga,2020-2021,2021-04-21,Werder Bremen,Mainz 05,0,1,0.88,1.38,
Bundesliga,2020-2021,2021-04-21,VfB Stuttgart,Wolfsburg,1,3,1.77,1.7,
Bundesliga,2020-2021,2021-04-23,Augsburg,FC Cologne,2,3,1.84,1.82,
Bundesliga,2020-2021,2021-04-24,Wolfsburg,Borussia Dortmund,0,2,1.36,1.05,
Bundesliga,2020-2021,2021-04-24,Freiburg,Hoffenheim,1,1,1.32,1.56,
Bundesliga,2020-2021,2021-04-24,Union Berlin,Werder Bremen,3,1,1.7,0.45,
Bundesliga,2020-2021,2021-04-24,Mainz 05,Bayern Munich,2,1,1.11,1.17,
Bundesliga,2020-2021,2021-04-24,Bayer Leverkusen,Eintracht Frankfurt,3,1,2.09,1.83,
Bundesliga,2020-2021,2021-04-25,RasenBallsport Leipzig,VfB Stuttgart,2,0,3.71,0.13,
Bundesliga,2020-2021,2021-04-25,Borussia M.Gladbach,Arminia Bielefeld,5,0,3.75,0.59,
Bundesliga,2020-2021,2021-05-03,Mainz 05,Hertha Berlin,1,1,2.82,1.54,
Bundesliga,2020-2021,2021-05-06,Hertha Berlin,Freiburg,3,0,2.04,0.85,
Bundesliga,2020-2021,2021-05-07,VfB Stuttgart,Augsburg,2,1,1.62,2.11,
Bundesliga,2020-2021,2021-05-08,Borussia Dortmund,RasenBallsport Leipzig,3,2,2.0,1.51,
Bundesliga,2020-2021,2021-05-08,Hoffenheim,Schalke 04,4,2,1.54,0.82,
Bundesliga,2020-2021,2021-05-08,Wolfsburg,Union Berlin,3,0,1.94,0.58,
Bundesliga,2020-2021,2021-05-08,Werder Bremen,Bayer Leverkusen,0,0,0.55,1.05,
Bundesliga,2020-2021,2021-05-08,Bayern Munich,Borussia M.Gladbach,6,0,3.02,0.81,
Bundesliga,2020-2021,2021-05-09,FC Cologne,Freiburg,1,4,1.72,2.5,
Bundesliga,2020-2021,2021-05-09,Eintracht Frankfurt,Mainz 05,1,1,0.69,0.53,
Bundesliga,2020-2021,2021-05-09,Hertha Berlin,Arminia Bielefeld,0,0,0.76,0.5,
Bundesliga,2020-2021,2021-05-12,Schalke 04,Hertha Berlin,1,2,1.07,1.48,
Bundesliga,2020-2021,2021-05-15,Borussia M.Gladbach,VfB Stuttgart,1,2,0.49,0.53,
Bundesliga,2020-2021,2021-05-15,Bayer Leverkusen,Union Berlin,1,1,1.56,1.54,
Bundesliga,2020-2021,2021-05-15,Freiburg,Bayern Munich,2,2,0.96,2.49,
Bundesliga,2020-2021,2021-05-15,Hertha Berlin,FC Cologne,0,0,0.08,1.65,
Bundesliga,2020-2021,2021-05-15,Schalke 04,Eintracht Frankfurt,4,3,2.69,3.05,
Bundesliga,2020-2021,2021-05-15,Augsburg,Werder Bremen,2,0,1.71,0.6,
Bundesliga,2020-2021,2021-05-15,Arminia Bielefeld,Hoffenheim,1,1,1.66,1.58,
Bundesliga,2020-2021,2021-05-16,Mainz 05,Borussia Dortmund,1,3,1.38,2.13,
Bundesliga,2020-2021,2021-05-16,RasenBallsport Leipzig,Wolfsburg,2,2,1.92,1.08,
Bundesliga,2020-2021,2021-05-22,Bayern Munich,Augsburg,5,2,4.86,1.74,
Bundesliga,2020-2021,2021-05-22,Borussia Dortmund,Bayer Leverkusen,3,1,1.63,1.57,
Bundesliga,2020-2021,2021-05-22,Hoffenheim,Hertha Berlin,2,1,1.91,1.61,
Bundesliga,2020-2021,2021-05-22,Wolfsburg,Mainz 05,2,3,1.31,1.57,
Bundesliga,2020-2021,2021-05-22,Eintracht Frankfurt,Freiburg,3,1,2.31,0.53,
Bundesliga,2020-2021,2021-05-22,Union Berlin,RasenBallsport Leipzig,2,1,1.06,2.44,
Bundesliga,2020-2021,2021-05-22,FC Cologne,Schalke 04,1,0,1.99,0.34,
Bundesliga,2020-2021,2021-05-22,Werder Bremen,Borussia M.Gladbach,2,4,1.88,2.0,
Bundesliga,2020-2021,2021-05-22,VfB Stuttgart,Arminia Bielefeld,0,2,0.84,1.53,
Bundesliga,2021-2022,2021-08-13,Borussia M.Gladbach,Bayern Munich,1,1,1.99,2.92,
Bundesliga,2021-2022,2021-08-14,Arminia Bielefeld,Freiburg,0,0,0.58,1.64,
Bundesliga,2021-2022,2021-08-14,Augsburg,Hoffenheim,0,4,0.73,3.44,
Bundesliga,2021-2022,2021-08-14,VfB Stuttgart,Greuther Fuerth,5,1,4.26,1.31,
Bundesliga,2021-2022,2021-08-14,Union Berlin,Bayer Leverkusen,1,1,0.44,0.79,
Bundesliga,2021-2022,2021-08-14,Wolfsburg,Bochum,1,0,2.79,0.3,
Bundesliga,2021-2022,2021-08-14,Borussia Dortmund,Eintracht Frankfurt,5,2,2.84,1.37,
Bundesliga,2021-2022,2021-08-15,Mainz 05,RasenBallsport Leipzig,1,0,1.27,0.84,
Bundesliga,2021-2022,2021-08-15,FC Cologne,Hertha Berlin,3,1,1.63,2.11,
Bundesliga,2021-2022,2021-08-20,RasenBallsport Leipzig,VfB Stuttgart,4,0,2.87,0.96,
Bundesliga,2021-2022,2021-08-21,Greuther Fuerth,Arminia Bielefeld,1,1,2.58,0.76,
Bundesliga,2021-2022,2021-08-21,Bochum,Mainz 05,2,0,1.05,0.82,
Bundesliga,2021-2022,2021-08-21,Hertha Berlin,Wolfsburg,1,2,1.17,0.56,
Bundesliga,2021-2022,2021-08-21,Freiburg,Borussia Dortmund,2,1,1.58,1.5,
Bundesliga,2021-2022,2021-08-21,Eintracht Frankfurt,Augsburg,0,0,1.33,0.17,
Bundesliga,2021-2022,2021-08-21,Bayer Leverkusen,Borussia M.Gladbach,4,0,1.95,1.66,
Bundesliga,2021-2022,2021-08-22,Hoffenheim,Union Berlin,2,2,0.97,2.35,
Bundesliga,2021-2022,2021-08-22,Bayern Munich,FC Cologne,3,2,3.08,0.96,
Bundesliga,2021-2022,2021-08-27,Borussia Dortmund,Hoffenheim,3,2,3.41,2.42,
Bundesliga,2021-2022,2021-08-28,FC Cologne,Bochum,2,1,2.91,0.72,
Bundesliga,2021-2022,2021-08-28,Arminia Bielefeld,Eintracht Frankfurt,1,1,0.63,1.79,
Bundesliga,2021-2022,2021-08-28,Augsburg,Bayer Leverkusen,1,4,1.69,2.12,
Bundesliga,2021-2022,2021-08-28,Mainz 05,Greuther Fuerth,3,0,2.79,0.3,
Bundesliga,2021-2022,2021-08-28,VfB Stuttgart,Freiburg,2,3,2.28,1.36,
Bundesliga,2021-2022,2021-08-28,Bayern Munich,Hertha Berlin,5,0,4.26,0.58,
Bundesliga,2021-2022,2021-08-29,Union Berlin,Borussia M.Gladbach,2,1,1.56,1.53,
Bundesliga,2021-2022,2021-08-29,Wolfsburg,RasenBallsport Leipzig,1,0,1.11,1.44,
Bundesliga,2021-2022,2021-09-11,Greuther Fuerth,Wolfsburg,0,2,0.39,1.44,
Bundesliga,2021-2022,2021-09-11,Hoffenheim,Mainz 05,0,2,0.51,0.93,
Bundesliga,2021-2022,2021-09-11,Freiburg,FC Cologne,1,1,0.87,1.5,
Bundesliga,2021-2022,2021-09-11,Union Berlin,Augsburg,0,0,1.72,0.83,
Bundesliga,2021-2022,2021-09-11,Bayer Leverkusen,Borussia Dortmund,3,4,0.47,2.29,
Bundesliga,2021-2022,2021-09-11,RasenBallsport Leipzig,Bayern Munich,1,4,0.35,4.3,
Bundesliga,2021-2022,2021-09-12,Eintracht Frankfurt,VfB Stuttgart,1,1,1.47,1.24,
Bundesliga,2021-2022,2021-09-12,Bochum,Hertha Berlin,1,3,1.03,0.61,
Bundesliga,2021-2022,2021-09-12,Borussia M.Gladbach,Arminia Bielefeld,3,1,2.13,1.53,
Bundesliga,2021-2022,2021-09-17,Hertha Berlin,Greuther Fuerth,2,1,1.59,1.55,
Bundesliga,2021-2022,2021-09-18,Augsburg,Borussia M.Gladbach,1,0,0.49,0.75,
Bundesliga,2021-2022,2021-09-18,Mainz 05,Freiburg,0,0,1.26,0.36,
Bundesliga,2021-2022,2021-09-18,Arminia Bielefeld,Hoffenheim,0,0,1.01,1.54,
Bundesliga,2021-2022,2021-09-18,Bayern Munich,Bochum,7,0,6.88,1.23,
Bundesliga,2021-2022,2021-09-18,FC Cologne,RasenBallsport Leipzig,1,1,1.69,2.04,
Bundesliga,2021-2022,2021-09-19,VfB Stuttgart,Bayer Leverkusen,1,3,1.42,1.59,
Bundesliga,2021-2022,2021-09-19,Borussia Dortmund,Union Berlin,4,2,1.1,1.73,
Bundesliga,2021-2022,2021-09-19,Wolfsburg,Eintracht Frankfurt,1,1,1.85,0.28,
Bundesliga,2021-2022,2021-09-24,Greuther Fuerth,Bayern Munich,1,3,0.66,0.68,
Bundesliga,2021-2022,2021-09-25,Union Berlin,Arminia Bielefeld,1,0,1.25,0.44,
Bundesliga,2021-2022,2021-09-25,Bayer Leverkusen,Mainz 05,1,0,1.45,0.93,
Bundesliga,2021-2022,2021-09-25,Eintracht Frankfurt,FC Cologne,1,1,0.95,1.11,
Bundesliga,2021-2022,2021-09-25,RasenBallsport Leipzig,Hertha Berlin,6,0,4.25,0.34,
Bundesliga,2021-2022,2021-09-25,Hoffenheim,Wolfsburg,3,1,1.79,0.5,
Bundesliga,2021-2022,2021-09-25,Borussia M.Gladbach,Borussia Dortmund,1,0,1.66,0.57,
Bundesliga,2021-2022,2021-09-26,Bochum,VfB Stuttgart,0,0,0.93,0.29,
Bundesliga,2021-2022,2021-09-26,Freiburg,Augsburg,3,0,3.97,0.19,
Bundesliga,2021-2022,2021-10-01,FC Cologne,Greuther Fuerth,3,1,2.87,0.98,
Bundesliga,2021-2022,2021-10-02,Hertha Berlin,Freiburg,1,2,0.91,0.86,
Bundesliga,2021-2022,2021-10-02,VfB Stuttgart,Hoffenheim,3,1,0.77,0.98,
Bundesliga,2021-2022,2021-10-02,Wolfsburg,Borussia M.Gladbach,1,3,1.22,3.52,
Bundesliga,2021-2022,2021-10-02,Borussia Dortmund,Augsburg,2,1,2.72,0.75,
Bundesliga,2021-2022,2021-10-02,RasenBallsport Leipzig,Bochum,3,0,2.46,1.52,
Bundesliga,2021-2022,2021-10-03,Mainz 05,Union Berlin,1,2,1.26,1.11,
Bundesliga,2021-2022,2021-10-03,Bayern Munich,Eintracht Frankfurt,1,2,2.18,0.39,
Bundesliga,2021-2022,2021-10-03,Arminia Bielefeld,Bayer Leverkusen,0,4,0.45,2.97,
Bundesliga,2021-2022,2021-10-15,Hoffenheim,FC Cologne,5,0,4.19,0.48,
Bundesliga,2021-2022,2021-10-16,Greuther Fuerth,Bochum,0,1,0.7,1.72,
Bundesliga,2021-2022,2021-10-16,Freiburg,RasenBallsport Leipzig,1,1,1.64,1.66,
Bundesliga,2021-2022,2021-10-16,Union Berlin,Wolfsburg,2,0,1.33,1.28,
Bundesliga,2021-2022,2021-10-16,Eintracht Frankfurt,Hertha Berlin,1,2,1.7,2.56,
Bundesliga,2021-2022,2021-10-16,Borussia Dortmund,Mainz 05,3,1,2.36,0.61,
Bundesliga,2021-2022,2021-10-16,Borussia M.Gladbach,VfB Stuttgart,1,1,2.28,0.29,
Bundesliga,2021-2022,2021-10-17,Bayer Leverkusen,Bayern Munich,1,5,0.73,3.45,
Bundesliga,2021-2022,2021-10-17,Augsburg,Arminia Bielefeld,1,1,0.91,0.29,
Bundesliga,2021-2022,2021-10-22,Mainz 05,Augsburg,4,1,4.13,0.66,
Bundesliga,2021-2022,2021-10-23,Arminia Bielefeld,Borussia Dortmund,1,3,1.4,2.59,
Bundesliga,2021-2022,2021-10-23,Wolfsburg,Freiburg,0,2,1.73,2.18,
Bundesliga,2021-2022,2021-10-23,RasenBallsport Leipzig,Greuther Fuerth,4,1,2.3,1.94,
Bundesliga,2021-2022,2021-10-23,Bayern Munich,Hoffenheim,4,0,3.31,0.45,
Bundesliga,2021-2022,2021-10-23,Hertha Berlin,Borussia M.Gladbach,1,0,1.47,0.47,
Bundesliga,2021-2022,2021-10-24,FC Cologne,Bayer Leverkusen,2,2,1.71,1.8,
Bundesliga,2021-2022,2021-10-24,VfB Stuttgart,Union Berlin,1,1,0.43,1.02,
Bundesliga,2021-2022,2021-10-24,Bochum,Eintracht Frankfurt,2,0,2.79,1.52,
Bundesliga,2021-2022,2021-10-29,Hoffenheim,Hertha Berlin,2,0,0.86,0.47,
Bundesliga,2021-2022,2021-10-30,Arminia Bielefeld,Mainz 05,1,2,0.5,2.97,
Bundesliga,2021-2022,2021-10-30,Freiburg,Greuther Fuerth,3,1,1.22,0.48,
Bundesliga,2021-2022,2021-10-30,Union Berlin,Bayern Munich,2,5,0.74,3.15,
Bundesliga,2021-2022,2021-10-30,Bayer Leverkusen,Wolfsburg,0,2,1.31,1.87,
Bundesliga,2021-2022,2021-10-30,Borussia Dortmund,FC Cologne,2,0,1.76,1.2,
Bundesliga,2021-2022,2021-10-30,Eintracht Frankfurt,RasenBallsport Leipzig,1,1,0.59,3.99,
Bundesliga,2021-2022,2021-10-31,Augsburg,VfB Stuttgart,4,1,2.6,0.91,
Bundesliga,2021-2022,2021-10-31,Borussia M.Gladbach,Bochum,2,1,1.82,1.08,
Bundesliga,2021-2022,2021-11-05,Mainz 05,Borussia M.Gladbach,1,1,0.95,1.51,
Bundesliga,2021-2022,2021-11-06,Bochum,Hoffenheim,2,0,2.12,0.64,
Bundesliga,2021-2022,2021-11-06,VfB Stuttgart,Arminia Bielefeld,0,1,1.11,1.55,
Bundesliga,2021-2022,2021-11-06,Wolfsburg,Augsburg,1,0,0.91,0.87,
Bundesliga,2021-2022,2021-11-06,Bayern Munich,Freiburg,2,1,3.17,0.91,
Bundesliga,2021-2022,2021-11-06,RasenBallsport Leipzig,Borussia Dortmund,2,1,2.49,0.73,
Bundesliga,2021-2022,2021-11-07,Hertha Berlin,Bayer Leverkusen,1,1,0.9,0.77,
Bundesliga,2021-2022,2021-11-07,FC Cologne,Union Berlin,2,2,1.93,1.13,
Bundesliga,2021-2022,2021-11-07,Greuther Fuerth,Eintracht Frankfurt,1,2,2.43,1.27,
Bundesliga,2021-2022,2021-11-19,Augsburg,Bayern Munich,2,1,0.61,1.24,
Bundesliga,2021-2022,2021-11-20,Arminia Bielefeld,Wolfsburg,2,2,1.41,1.36,
Bundesliga,2021-2022,2021-11-20,Hoffenheim,RasenBallsport Leipzig,2,0,2.89,0.21,
Bundesliga,2021-2022,2021-11-20,Borussia M.Gladbach,Greuther Fuerth,4,0,2.47,0.31,
Bundesliga,2021-2022,2021-11-20,Bayer Leverkusen,Bochum,1,0,1.63,0.71,
Bundesliga,2021-2022,2021-11-20,Borussia Dortmund,VfB Stuttgart,2,1,1.99,1.54,
Bundesliga,2021-2022,2021-11-20,Union Berlin,Hertha Berlin,2,0,1.89,0.21,
Bundesliga,2021-2022,2021-11-21,Freiburg,Eintracht Frankfurt,0,2,1.57,1.24,
Bundesliga,2021-2022,2021-11-21,Mainz 05,FC Cologne,1,1,0.94,1.76,
Bundesliga,2021-2022,2021-11-26,VfB Stuttgart,Mainz 05,2,1,0.28,1.18,
Bundesliga,2021-2022,2021-11-27,Greuther Fuerth,Hoffenheim,3,6,1.36,3.02,
Bundesliga,2021-2022,2021-11-27,Bochum,Freiburg,2,1,0.96,2.12,
Bundesliga,2021-2022,2021-11-27,FC Cologne,Borussia M.Gladbach,4,1,1.49,1.3,
Bundesliga,2021-2022,2021-11-27,Hertha Berlin,Augsburg,1,1,1.93,1.61,
Bundesliga,2021-2022,2021-11-27,Wolfsburg,Borussia Dortmund,1,3,2.17,2.35,
Bundesliga,2021-2022,2021-11-27,Bayern Munich,Arminia Bielefeld,1,0,2.68,0.39,
Bundesliga,2021-2022,2021-11-28,Eintracht Frankfurt,Union Berlin,2,1,1.7,1.07,
Bundesliga,2021-2022,2021-11-28,RasenBallsport Leipzig,Bayer Leverkusen,1,3,1.43,1.24,
Bundesliga,2021-2022,2021-12-03,Union Berlin,RasenBallsport Leipzig,2,1,3.76,1.14,
Bundesliga,2021-2022,2021-12-04,Arminia Bielefeld,FC Cologne,1,1,1.02,1.19,
Bundesliga,2021-2022,2021-12-04,Augsburg,Bochum,2,3,2.87,2.05,
Bundesliga,2021-2022,2021-12-04,Mainz 05,Wolfsburg,3,0,1.41,0.76,
Bundesliga,2021-2022,2021-12-04,Hoffenheim,Eintracht Frankfurt,3,2,0.92,1.58,
Bundesliga,2021-2022,2021-12-04,Bayer Leverkusen,Greuther Fuerth,7,1,2.43,0.28,
Bundesliga,2021-2022,2021-12-04,Borussia Dortmund,Bayern Munich,2,3,1.43,2.42,
Bundesliga,2021-2022,2021-12-05,VfB Stuttgart,Hertha Berlin,2,2,0.92,1.26,
Bundesliga,2021-2022,2021-12-05,Borussia M.Gladbach,Freiburg,0,6,1.08,2.71,
Bundesliga,2021-2022,2021-12-10,FC Cologne,Augsburg,0,2,1.16,1.18,
Bundesliga,2021-2022,2021-12-11,Bochum,Borussia Dortmund,1,1,0.97,2.68,
Bundesliga,2021-2022,2021-12-11,Hertha Berlin,Arminia Bielefeld,2,0,2.24,0.45,
Bundesliga,2021-2022,2021-12-11,Freiburg,Hoffenheim,1,2,2.25,1.51,
Bundesliga,2021-2022,2021-12-11,RasenBallsport Leipzig,Borussia M.Gladbach,4,1,4.8,0.85,
Bundesliga,2021-2022,2021-12-11,Bayern Munich,Mainz 05,2,1,1.79,0.87,
Bundesliga,2021-2022,2021-12-11,Wolfsburg,VfB Stuttgart,0,2,1.47,1.53,
Bundesliga,2021-2022,2021-12-12,Greuther Fuerth,Union Berlin,1,0,0.68,1.84,
Bundesliga,2021-2022,2021-12-12,Eintracht Frankfurt,Bayer Leverkusen,5,2,1.44,1.6,
Bundesliga,2021-2022,2021-12-14,VfB Stuttgart,Bayern Munich,0,5,1.05,4.98,
Bundesliga,2021-2022,2021-12-14,Arminia Bielefeld,Bochum,2,0,0.64,0.75,
Bundesliga,2021-2022,2021-12-14,Mainz 05,Hertha Berlin,4,0,3.11,0.39,
Bundesliga,2021-2022,2021-12-14,Wolfsburg,FC Cologne,2,3,2.43,3.15,
Bundesliga,2021-2022,2021-12-15,Borussia M.Gladbach,Eintracht Frankfurt,2,3,2.23,2.5,
Bundesliga,2021-2022,2021-12-15,Augsburg,RasenBallsport Leipzig,1,1,1.57,3.08,
Bundesliga,2021-2022,2021-12-15,Union Berlin,Freiburg,0,0,2.25,1.22,
Bundesliga,2021-2022,2021-12-15,Bayer Leverkusen,Hoffenheim,2,2,2.43,1.68,
Bundesliga,2021-2022,2021-12-15,Borussia Dortmund,Greuther Fuerth,3,0,1.92,0.38,
Bundesliga,2021-2022,2021-12-17,Bayern Munich,Wolfsburg,4,0,4.31,1.42,
Bundesliga,2021-2022,2021-12-18,Greuther Fuerth,Augsburg,0,0,0.09,1.48,
Bundesliga,2021-2022,2021-12-18,Bochum,Union Berlin,0,1,1.04,1.0,
Bundesliga,2021-2022,2021-12-18,Hoffenheim,Borussia M.Gladbach,1,1,2.24,1.62,
Bundesliga,2021-2022,2021-12-18,Eintracht Frankfurt,Mainz 05,1,0,1.53,0.83,
Bundesliga,2021-2022,2021-12-18,RasenBallsport Leipzig,Arminia Bielefeld,0,2,1.65,1.33,
Bundesliga,2021-2022,2021-12-18,Hertha Berlin,Borussia Dortmund,3,2,1.62,1.57,
Bundesliga,2021-2022,2021-12-19,Freiburg,Bayer Leverkusen,2,1,2.08,0.82,
Bundesliga,2021-2022,2021-12-19,FC Cologne,VfB Stuttgart,1,0,1.36,0.33,
Bundesliga,2021-2022,2022-01-07,Bayern Munich,Borussia M.Gladbach,1,2,1.36,1.51,
Bundesliga,2021-2022,2022-01-08,Greuther Fuerth,VfB Stuttgart,0,0,1.12,1.63,
Bundesliga,2021-2022,2022-01-08,Hoffenheim,Augsburg,3,1,2.76,0.75,
Bundesliga,2021-2022,2022-01-08,Freiburg,Arminia Bielefeld,2,2,2.2,1.11,
Bundesliga,2021-2022,2022-01-08,Bayer Leverkusen,Union Berlin,2,2,2.21,3.04,
Bundesliga,2021-2022,2022-01-08,RasenBallsport Leipzig,Mainz 05,4,1,3.55,0.32,
Bundesliga,2021-2022,2022-01-08,Eintracht Frankfurt,Borussia Dortmund,2,3,1.78,2.38,
Bundesliga,2021-2022,2022-01-09,Hertha Berlin,FC Cologne,1,3,0.79,2.47,
Bundesliga,2021-2022,2022-01-09,Bochum,Wolfsburg,1,0,1.57,0.4,
Bundesliga,2021-2022,2022-01-14,Borussia Dortmund,Freiburg,5,1,2.43,1.05,
Bundesliga,2021-2022,2022-01-15,FC Cologne,Bayern Munich,0,4,1.03,3.87,
Bundesliga,2021-2022,2022-01-15,Mainz 05,Bochum,1,0,1.6,1.33,
Bundesliga,2021-2022,2022-01-15,VfB Stuttgart,RasenBallsport Leipzig,0,2,1.19,1.6,
Bundesliga,2021-2022,2022-01-15,Union Berlin,Hoffenheim,2,1,1.77,0.61,
Bundesliga,2021-2022,2022-01-15,Wolfsburg,Hertha Berlin,0,0,1.8,0.31,
Bundesliga,2021-2022,2022-01-15,Borussia M.Gladbach,Bayer Leverkusen,1,2,1.44,6.5,
Bundesliga,2021-2022,2022-01-16,Augsburg,Eintracht Frankfurt,1,1,0.83,2.15,
Bundesliga,2021-2022,2022-01-16,Arminia Bielefeld,Greuther Fuerth,2,2,0.53,0.55,
Bundesliga,2021-2022,2022-01-21,Eintracht Frankfurt,Arminia Bielefeld,0,2,1.45,1.56,
Bundesliga,2021-2022,2022-01-22,Greuther Fuerth,Mainz 05,2,1,1.29,1.41,
Bundesliga,2021-2022,2022-01-22,Hoffenheim,Borussia Dortmund,2,3,1.16,1.34,
Bundesliga,2021-2022,2022-01-22,Freiburg,VfB Stuttgart,2,0,1.58,0.22,
Bundesliga,2021-2022,2022-01-22,Borussia M.Gladbach,Union Berlin,1,2,1.3,1.31,
Bundesliga,2021-2022,2022-01-22,Bayer Leverkusen,Augsburg,5,1,3.52,1.21,
Bundesliga,2021-2022,2022-01-22,Bochum,FC Cologne,2,2,1.78,1.54,
Bundesliga,2021-2022,2022-01-23,RasenBallsport Leipzig,Wolfsburg,2,0,1.69,0.87,
Bundesliga,2021-2022,2022-01-23,Hertha Berlin,Bayern Munich,1,4,0.85,5.19,
Bundesliga,2021-2022,2022-02-04,Hertha Berlin,Bochum,1,1,0.44,0.99,
Bundesliga,2021-2022,2022-02-05,FC Cologne,Freiburg,1,0,1.1,0.68,
Bundesliga,2021-2022,2022-02-05,Arminia Bielefeld,Borussia M.Gladbach,1,1,0.6,1.48,
Bundesliga,2021-2022,2022-02-05,Augsburg,Union Berlin,2,0,1.83,2.1,
Bundesliga,2021-2022,2022-02-05,Mainz 05,Hoffenheim,2,0,1.78,1.32,
Bundesliga,2021-2022,2022-02-05,VfB Stuttgart,Eintracht Frankfurt,2,3,2.12,0.84,
Bundesliga,2021-2022,2022-02-05,Bayern Munich,RasenBallsport Leipzig,3,2,3.03,2.66,
Bundesliga,2021-2022,2022-02-06,Borussia Dortmund,Bayer Leverkusen,2,5,1.6,1.81,
Bundesliga,2021-2022,2022-02-06,Wolfsburg,Greuther Fuerth,4,1,2.06,1.1,
Bundesliga,2021-2022,2022-02-11,RasenBallsport Leipzig,FC Cologne,3,1,0.85,0.79,
Bundesliga,2021-2022,2022-02-12,Greuther Fuerth,Hertha Berlin,2,1,2.7,1.85,
Bundesliga,2021-2022,2022-02-12,Bochum,Bayern Munich,4,2,1.35,1.87,
Bundesliga,2021-2022,2022-02-12,Freiburg,Mainz 05,1,1,1.69,3.16,
Bundesliga,2021-2022,2022-02-12,Borussia M.Gladbach,Augsburg,3,2,3.03,1.63,
Bundesliga,2021-2022,2022-02-12,Eintracht Frankfurt,Wolfsburg,0,2,0.88,1.62,
Bundesliga,2021-2022,2022-02-12,Bayer Leverkusen,VfB Stuttgart,4,2,2.42,1.17,
Bundesliga,2021-2022,2022-02-13,Union Berlin,Borussia Dortmund,0,3,1.47,2.6,
Bundesliga,2021-2022,2022-02-13,Hoffenheim,Arminia Bielefeld,2,0,4.17,0.65,
Bundesliga,2021-2022,2022-02-18,Mainz 05,Bayer Leverkusen,3,2,1.01,0.83,
Bundesliga,2021-2022,2022-02-19,Arminia Bielefeld,Union Berlin,1,0,1.41,0.77,
Bundesliga,2021-2022,2022-02-19,Augsburg,Freiburg,1,2,0.95,2.56,
Bundesliga,2021-2022,2022-02-19,VfB Stuttgart,Bochum,1,1,1.37,1.93,
Bundesliga,2021-2022,2022-02-19,Wolfsburg,Hoffenheim,1,2,1.5,1.07,
Bundesliga,2021-2022,2022-02-19,FC Cologne,Eintracht Frankfurt,1,0,1.43,0.68,
Bundesliga,2021-2022,2022-02-20,Bayern Munich,Greuther Fuerth,4,1,2.52,0.66,
Bundesliga,2021-2022,2022-02-20,Borussia Dortmund,Borussia M.Gladbach,6,0,3.6,0.77,
Bundesliga,2021-2022,2022-02-20,Hertha Berlin,RasenBallsport Leipzig,1,6,1.09,3.42,
Bundesliga,2021-2022,2022-02-25,Hoffenheim,VfB Stuttgart,2,1,2.65,1.84,
Bundesliga,2021-2022,2022-02-26,Greuther Fuerth,FC Cologne,1,1,0.64,0.57,
Bundesliga,2021-2022,2022-02-26,Freiburg,Hertha Berlin,3,0,3.67,1.55,
Bundesliga,2021-2022,2022-02-26,Borussia M.Gladbach,Wolfsburg,2,2,2.76,1.27,
Bundesliga,2021-2022,2022-02-26,Union Berlin,Mainz 05,3,1,0.88,0.76,
Bundesliga,2021-2022,2022-02-26,Bayer Leverkusen,Arminia Bielefeld,3,0,3.05,0.31,
Bundesliga,2021-2022,2022-02-26,Eintracht Frankfurt,Bayern Munich,0,1,1.19,2.61,
Bundesliga,2021-2022,2022-02-27,Bochum,RasenBallsport Leipzig,0,1,1.0,0.61,
Bundesliga,2021-2022,2022-02-27,Augsburg,Borussia Dortmund,1,1,0.86,0.64,
Bundesliga,2021-2022,2022-03-04,Arminia Bielefeld,Augsburg,0,1,0.14,0.31,
Bundesliga,2021-2022,2022-03-05,Bochum,Greuther Fuerth,2,1,1.66,0.58,
Bundesliga,2021-2022,2022-03-05,Hertha Berlin,Eintracht Frankfurt,1,4,0.48,1.37,
Bundesliga,2021-2022,2022-03-05,Wolfsburg,Union Berlin,1,0,0.41,1.56,
Bundesliga,2021-2022,2022-03-05,RasenBallsport Leipzig,Freiburg,1,1,0.75,0.48,
Bundesliga,2021-2022,2022-03-05,Bayern Munich,Bayer Leverkusen,1,1,1.67,2.26,
Bundesliga,2021-2022,2022-03-05,VfB Stuttgart,Borussia M.Gladbach,3,2,2.37,1.21,
Bundesliga,2021-2022,2022-03-06,FC Cologne,Hoffenheim,0,1,1.22,2.87,
Bundesliga,2021-2022,2022-03-12,Hoffenheim,Bayern Munich,1,1,2.03,3.99,
Bundesliga,2021-2022,2022-03-12,Freiburg,Wolfsburg,3,2,1.54,0.91,
Bundesliga,2021-2022,2022-03-12,Union Berlin,VfB Stuttgart,1,1,1.9,1.73,
Bundesliga,2021-2022,2022-03-12,Borussia M.Gladbach,Hertha Berlin,2,0,1.76,0.44,
Bundesliga,2021-2022,2022-03-13,Bayer Leverkusen,FC Cologne,0,1,2.4,0.6,
Bundesliga,2021-2022,2022-03-13,Eintracht Frankfurt,Bochum,2,1,1.55,1.21,
Bundesliga,2021-2022,2022-03-13,Borussia Dortmund,Arminia Bielefeld,1,0,2.07,0.69,
Bundesliga,2021-2022,2022-03-13,Greuther Fuerth,RasenBallsport Leipzig,1,6,0.38,2.14,
Bundesliga,2021-2022,2022-03-16,Mainz 05,Borussia Dortmund,0,1,0.78,1.39,
Bundesliga,2021-2022,2022-03-18,Bochum,Borussia M.Gladbach,0,2,1.66,0.62,
Bundesliga,2021-2022,2022-03-19,Greuther Fuerth,Freiburg,0,0,0.78,1.06,
Bundesliga,2021-2022,2022-03-19,Hertha Berlin,Hoffenheim,3,0,1.76,0.58,
Bundesliga,2021-2022,2022-03-19,Mainz 05,Arminia Bielefeld,4,0,4.33,0.24,
Bundesliga,2021-2022,2022-03-19,VfB Stuttgart,Augsburg,3,2,2.18,0.77,
Bundesliga,2021-2022,2022-03-19,Bayern Munich,Union Berlin,4,0,2.82,1.39,
Bundesliga,2021-2022,2022-03-20,RasenBallsport Leipzig,Eintracht Frankfurt,0,0,1.06,0.26,
Bundesliga,2021-2022,2022-03-20,Wolfsburg,Bayer Leverkusen,0,2,1.32,1.44,
Bundesliga,2021-2022,2022-03-20,FC Cologne,Borussia Dortmund,1,1,1.26,1.04,
Bundesliga,2021-2022,2022-04-01,Union Berlin,FC Cologne,1,0,1.07,0.22,
Bundesliga,2021-2022,2022-04-02,Arminia Bielefeld,VfB Stuttgart,1,1,1.01,2.73,
Bundesliga,2021-2022,2022-04-02,Hoffenheim,Bochum,1,2,1.97,1.7,
Bundesliga,2021-2022,2022-04-02,Freiburg,Bayern Munich,1,4,0.75,3.16,
Bundesliga,2021-2022,2022-04-02,Bayer Leverkusen,Hertha Berlin,2,1,1.79,0.87,
Bundesliga,2021-2022,2022-04-02,Eintracht Frankfurt,Greuther Fuerth,0,0,1.32,0.47,
Bundesliga,2021-2022,2022-04-02,Borussia Dortmund,RasenBallsport Leipzig,1,4,0.97,1.23,
Bundesliga,2021-2022,2022-04-03,Augsburg,Wolfsburg,3,0,2.53,1.19,
Bundesliga,2021-2022,2022-04-03,Borussia M.Gladbach,Mainz 05,1,1,1.55,1.78,
Bundesliga,2021-2022,2022-04-06,Augsburg,Mainz 05,2,1,1.93,1.85,
Bundesliga,2021-2022,2022-04-08,VfB Stuttgart,Borussia Dortmund,0,2,2.03,1.5,
Bundesliga,2021-2022,2022-04-09,Greuther Fuerth,Borussia M.Gladbach,0,2,0.65,3.48,
Bundesliga,2021-2022,2022-04-09,FC Cologne,Mainz 05,3,2,1.91,0.93,
Bundesliga,2021-2022,2022-04-09,Wolfsburg,Arminia Bielefeld,4,0,1.99,0.48,
Bundesliga,2021-2022,2022-04-09,Bayern Munich,Augsburg,1,0,1.43,0.28,
Bundesliga,2021-2022,2022-04-09,Hertha Berlin,Union Berlin,1,4,0.85,1.85,
Bundesliga,2021-2022,2022-04-10,Bochum,Bayer Leverkusen,0,0,1.05,1.22,
Bundesliga,2021-2022,2022-04-10,Eintracht Frankfurt,Freiburg,1,2,1.1,1.46,
Bundesliga,2021-2022,2022-04-10,RasenBallsport Leipzig,Hoffenheim,3,0,1.61,0.17,
Bundesliga,2021-2022,2022-04-16,Augsburg,Hertha Berlin,0,1,0.78,1.63,
Bundesliga,2021-2022,2022-04-16,Mainz 05,VfB Stuttgart,0,0,0.72,0.63,
Bundesliga,2021-2022,2022-04-16,Freiburg,Bochum,3,0,2.46,0.43,
Bundesliga,2021-2022,2022-04-16,Borussia Dortmund,Wolfsburg,6,1,3.32,1.96,
Bundesliga,2021-2022,2022-04-16,Borussia M.Gladbach,FC Cologne,1,3,1.2,3.01,
Bundesliga,2021-2022,2022-04-17,Arminia Bielefeld,Bayern Munich,0,3,0.46,3.5,
Bundesliga,2021-2022,2022-04-17,Hoffenheim,Greuther Fuerth,0,0,0.97,0.28,
Bundesliga,2021-2022,2022-04-17,Union Berlin,Eintracht Frankfurt,2,0,1.32,0.51,
Bundesliga,2021-2022,2022-04-17,Bayer Leverkusen,RasenBallsport Leipzig,0,1,0.73,0.51,
Bundesliga,2021-2022,2022-04-22,Wolfsburg,Mainz 05,5,0,3.65,0.61,
Bundesliga,2021-2022,2022-04-23,Greuther Fuerth,Bayer Leverkusen,1,4,1.18,2.11,
Bundesliga,2021-2022,2022-04-23,FC Cologne,Arminia Bielefeld,3,1,1.92,0.74,
Bundesliga,2021-2022,2022-04-23,Freiburg,Borussia M.Gladbach,3,3,2.5,1.52,
Bundesliga,2021-2022,2022-04-23,Eintracht Frankfurt,Hoffenheim,2,2,1.07,0.76,
Bundesliga,2021-2022,2022-04-23,RasenBallsport Leipzig,Union Berlin,1,2,0.57,1.94,
Bundesliga,2021-2022,2022-04-23,Bayern Munich,Borussia Dortmund,3,1,2.02,1.17,
Bundesliga,2021-2022,2022-04-24,Bochum,Augsburg,0,2,1.19,1.99,
Bundesliga,2021-2022,2022-04-24,Hertha Berlin,VfB Stuttgart,2,0,0.95,0.45,
Bundesliga,2021-2022,2022-04-29,Union Berlin,Greuther Fuerth,1,1,0.86,0.24,
Bundesliga,2021-2022,2022-04-30,Arminia Bielefeld,Hertha Berlin,1,1,0.4,1.66,
Bundesliga,2021-2022,2022-04-30,Augsburg,FC Cologne,1,4,1.74,3.04,
Bundesliga,2021-2022,2022-04-30,Mainz 05,Bayern Munich,3,1,3.17,1.24,
Bundesliga,2021-2022,2022-04-30,VfB Stuttgart,Wolfsburg,1,1,0.83,1.16,
Bundesliga,2021-2022,2022-04-30,Borussia Dortmund,Bochum,3,4,3.34,1.9,
Bundesliga,2021-2022,2022-04-30,Hoffenheim,Freiburg,3,4,2.6,2.69,
Bundesliga,2021-2022,2022-05-02,Borussia M.Gladbach,RasenBallsport Leipzig,3,1,1.57,1.23,
Bundesliga,2021-2022,2022-05-02,Bayer Leverkusen,Eintracht Frankfurt,2,0,2.18,0.35,
Bundesliga,2021-2022,2022-05-06,Bochum,Arminia Bielefeld,2,1,2.69,0.85,
Bundesliga,2021-2022,2022-05-07,Greuther Fuerth,Borussia Dortmund,1,3,1.23,1.13,
Bundesliga,2021-2022,2022-05-07,FC Cologne,Wolfsburg,0,1,0.98,1.14,
Bundesliga,2021-2022,2022-05-07,Hoffenheim,Bayer Leverkusen,2,4,2.09,3.93,
Bundesliga,2021-2022,2022-05-07,Freiburg,Union Berlin,1,4,1.65,2.4,
Bundesliga,2021-2022,2022-05-07,Hertha Berlin,Mainz 05,1,2,1.11,0.76,
Bundesliga,2021-2022,2022-05-08,Eintracht Frankfurt,Borussia M.Gladbach,1,1,0.81,2.03,
Bundesliga,2021-2022,2022-05-08,Bayern Munich,VfB Stuttgart,2,2,2.77,1.96,
Bundesliga,2021-2022,2022-05-08,RasenBallsport Leipzig,Augsburg,4,0,3.44,0.17,
Bundesliga,2021-2022,2022-05-14,Arminia Bielefeld,RasenBallsport Leipzig,1,1,1.67,3.46,
Bundesliga,2021-2022,2022-05-14,Augsburg,Greuther Fuerth,2,1,1.17,0.34,
Bundesliga,2021-2022,2022-05-14,Mainz 05,Eintracht Frankfurt,2,2,0.85,1.7,
Bundesliga,2021-2022,2022-05-14,VfB Stuttgart,FC Cologne,2,1,3.84,1.12,
Bundesliga,2021-2022,2022-05-14,Borussia M.Gladbach,Hoffenheim,5,1,3.83,1.93,
Bundesliga,2021-2022,2022-05-14,Union Berlin,Bochum,3,2,3.37,0.39,
Bundesliga,2021-2022,2022-05-14,Bayer Leverkusen,Freiburg,2,1,1.82,1.15,
Bundesliga,2021-2022,2022-05-14,Wolfsburg,Bayern Munich,2,2,1.14,2.07,
Bundesliga,2021-2022,2022-05-14,Borussia Dortmund,Hertha Berlin,2,1,1.33,0.88,
Bundesliga,2022-2023,2022-08-05,Eintracht Frankfurt,Bayern Munich,1,6,0.76,4.56,
Bundesliga,2022-2023,2022-08-06,Union Berlin,Hertha Berlin,3,1,1.18,0.35,
Bundesliga,2022-2023,2022-08-06,Borussia M.Gladbach,Hoffenheim,3,1,2.07,0.12,
Bundesliga,2022-2023,2022-08-06,Wolfsburg,Werder Bremen,2,2,0.95,1.04,
Bundesliga,2022-2023,2022-08-06,Bochum,Mainz 05,1,2,0.82,1.59,
Bundesliga,2022-2023,2022-08-06,Augsburg,Freiburg,0,4,0.59,1.54,
Bundesliga,2022-2023,2022-08-06,Borussia Dortmund,Bayer Leverkusen,1,0,2.38,1.24,
Bundesliga,2022-2023,2022-08-07,VfB Stuttgart,RasenBallsport Leipzig,1,1,0.57,2.13,
Bundesliga,2022-2023,2022-08-07,FC Cologne,Schalke 04,3,1,4.42,0.23,
Bundesliga,2022-2023,2022-08-12,Freiburg,Borussia Dortmund,1,3,1.08,0.78,
Bundesliga,2022-2023,2022-08-13,Bayer Leverkusen,Augsburg,1,2,2.78,0.75,
Bundesliga,2022-2023,2022-08-13,RasenBallsport Leipzig,FC Cologne,2,2,1.18,1.52,
Bundesliga,2022-2023,2022-08-13,Werder Bremen,VfB Stuttgart,2,2,0.7,1.32,
Bundesliga,2022-2023,2022-08-13,Hoffenheim,Bochum,3,2,2.38,1.47,
Bundesliga,2022-2023,2022-08-13,Hertha Berlin,Eintracht Frankfurt,1,1,2.06,1.2,
Bundesliga,2022-2023,2022-08-13,Schalke 04,Borussia M.Gladbach,2,2,1.69,1.41,
Bundesliga,2022-2023,2022-08-14,Mainz 05,Union Berlin,0,0,0.65,0.3,
Bundesliga,2022-2023,2022-08-14,Bayern Munich,Wolfsburg,2,0,1.4,0.44,
Bundesliga,2022-2023,2022-08-19,Borussia M.Gladbach,Hertha Berlin,1,0,2.27,0.97,
Bundesliga,2022-2023,2022-08-20,Wolfsburg,Schalke 04,0,0,1.21,1.03,
Bundesliga,2022-2023,2022-08-20,Augsburg,Mainz 05,1,2,0.31,2.05,
Bundesliga,2022-2023,2022-08-20,VfB Stuttgart,Freiburg,0,1,0.77,0.9,
Bundesliga,2022-2023,2022-08-20,Borussia Dortmund,Werder Bremen,2,3,0.63,1.2,
Bundesliga,2022-2023,2022-08-20,Bayer Leverkusen,Hoffenheim,0,3,1.1,1.3,
Bundesliga,2022-2023,2022-08-20,Union Berlin,RasenBallsport Leipzig,2,1,0.64,0.96,
Bundesliga,2022-2023,2022-08-21,Eintracht Frankfurt,FC Cologne,1,1,0.54,0.24,
Bundesliga,2022-2023,2022-08-21,Bochum,Bayern Munich,0,7,0.75,3.98,
Bundesliga,2022-2023,2022-08-26,Freiburg,Bochum,1,0,4.41,1.13,
Bundesliga,2022-2023,2022-08-27,RasenBallsport Leipzig,Wolfsburg,2,0,3.79,0.52,
Bundesliga,2022-2023,2022-08-27,Mainz 05,Bayer Leverkusen,0,3,1.62,1.4,
Bundesliga,2022-2023,2022-08-27,Hoffenheim,Augsburg,1,0,2.0,0.46,
Bundesliga,2022-2023,2022-08-27,Hertha Berlin,Borussia Dortmund,0,1,0.35,2.97,
Bundesliga,2022-2023,2022-08-27,Schalke 04,Union Berlin,1,6,1.87,1.07,
Bundesliga,2022-2023,2022-08-27,Bayern Munich,Borussia M.Gladbach,1,1,3.17,0.55,
Bundesliga,2022-2023,2022-08-28,FC Cologne,VfB Stuttgart,0,0,0.39,1.97,
Bundesliga,2022-2023,2022-08-28,Werder Bremen,Eintracht Frankfurt,3,4,1.89,1.87,
Bundesliga,2022-2023,2022-09-02,Borussia Dortmund,Hoffenheim,1,0,2.52,0.36,
Bundesliga,2022-2023,2022-09-03,Bayer Leverkusen,Freiburg,2,3,1.8,2.35,
Bundesliga,2022-2023,2022-09-03,Union Berlin,Bayern Munich,1,1,0.44,1.38,
Bundesliga,2022-2023,2022-09-03,VfB Stuttgart,Schalke 04,1,1,0.71,2.1,
Bundesliga,2022-2023,2022-09-03,Wolfsburg,FC Cologne,2,4,0.97,3.08,
Bundesliga,2022-2023,2022-09-03,Bochum,Werder Bremen,0,2,1.23,1.99,
Bundesliga,2022-2023,2022-09-03,Eintracht Frankfurt,RasenBallsport Leipzig,4,0,3.63,0.22,
Bundesliga,2022-2023,2022-09-04,Augsburg,Hertha Berlin,0,2,0.31,2.87,
Bundesliga,2022-2023,2022-09-04,Borussia M.Gladbach,Mainz 05,0,1,1.71,0.63,
Bundesliga,2022-2023,2022-09-09,Werder Bremen,Augsburg,0,1,1.84,1.78,
Bundesliga,2022-2023,2022-09-10,Bayern Munich,VfB Stuttgart,2,2,2.3,1.19,
Bundesliga,2022-2023,2022-09-10,RasenBallsport Leipzig,Borussia Dortmund,3,0,1.7,0.33,
Bundesliga,2022-2023,2022-09-10,Hoffenheim,Mainz 05,4,1,4.65,1.09,
Bundesliga,2022-2023,2022-09-10,Eintracht Frankfurt,Wolfsburg,0,1,0.45,0.97,
Bundesliga,2022-2023,2022-09-10,Hertha Berlin,Bayer Leverkusen,2,2,2.35,1.77,
Bundesliga,2022-2023,2022-09-10,Schalke 04,Bochum,3,1,1.41,1.31,
Bundesliga,2022-2023,2022-09-11,FC Cologne,Union Berlin,0,1,0.88,1.51,
Bundesliga,2022-2023,2022-09-11,Freiburg,Borussia M.Gladbach,0,0,0.99,1.38,
Bundesliga,2022-2023,2022-09-16,Mainz 05,Hertha Berlin,1,1,0.39,0.44,
Bundesliga,2022-2023,2022-09-17,Borussia Dortmund,Schalke 04,1,0,2.53,0.1,
Bundesliga,2022-2023,2022-09-17,Bayer Leverkusen,Werder Bremen,1,1,1.82,2.02,
Bundesliga,2022-2023,2022-09-17,Augsburg,Bayern Munich,1,0,2.21,1.82,
Bundesliga,2022-2023,2022-09-17,VfB Stuttgart,Eintracht Frankfurt,1,3,0.77,1.49,
Bundesliga,2022-2023,2022-09-17,Borussia M.Gladbach,RasenBallsport Leipzig,3,0,2.98,1.26,
Bundesliga,2022-2023,2022-09-18,Union Berlin,Wolfsburg,2,0,1.07,0.22,
Bundesliga,2022-2023,2022-09-18,Bochum,FC Cologne,1,1,0.29,1.81,
Bundesliga,2022-2023,2022-09-18,Hoffenheim,Freiburg,0,0,0.74,0.68,
Bundesliga,2022-2023,2022-09-30,Bayern Munich,Bayer Leverkusen,4,0,2.13,0.94,
Bundesliga,2022-2023,2022-10-01,RasenBallsport Leipzig,Bochum,4,0,4.22,0.15,
Bundesliga,2022-2023,2022-10-01,Freiburg,Mainz 05,2,1,1.97,1.84,
Bundesliga,2022-2023,2022-10-01,FC Cologne,Borussia Dortmund,3,2,2.15,2.47,
Bundesliga,2022-2023,2022-10-01,Eintracht Frankfurt,Union Berlin,2,0,1.18,0.77,
Bundesliga,2022-2023,2022-10-01,Wolfsburg,VfB Stuttgart,3,2,1.75,2.35,
Bundesliga,2022-2023,2022-10-01,Werder Bremen,Borussia M.Gladbach,5,1,3.35,2.27,
Bundesliga,2022-2023,2022-10-02,Hertha Berlin,Hoffenheim,1,1,0.96,1.6,
Bundesliga,2022-2023,2022-10-02,Schalke 04,Augsburg,2,3,2.06,1.48,
Bundesliga,2022-2023,2022-10-07,Hoffenheim,Werder Bremen,1,2,1.3,1.44,
Bundesliga,2022-2023,2022-10-08,Bayer Leverkusen,Schalke 04,4,0,2.07,0.14,
Bundesliga,2022-2023,2022-10-08,Mainz 05,RasenBallsport Leipzig,1,1,0.65,1.47,
Bundesliga,2022-2023,2022-10-08,Bochum,Eintracht Frankfurt,3,0,0.65,0.78,
Bundesliga,2022-2023,2022-10-08,Augsburg,Wolfsburg,1,1,2.02,2.31,
Bundesliga,2022-2023,2022-10-08,Borussia Dortmund,Bayern Munich,2,2,1.43,1.23,
Bundesliga,2022-2023,2022-10-09,Borussia M.Gladbach,FC Cologne,5,2,2.73,1.46,
Bundesliga,2022-2023,2022-10-09,Hertha Berlin,Freiburg,2,2,1.26,1.76,
Bundesliga,2022-2023,2022-10-09,VfB Stuttgart,Union Berlin,0,1,1.1,0.73,
Bundesliga,2022-2023,2022-10-14,Schalke 04,Hoffenheim,0,3,0.7,3.52,
Bundesliga,2022-2023,2022-10-15,Eintracht Frankfurt,Bayer Leverkusen,5,1,4.36,0.5,
Bundesliga,2022-2023,2022-10-15,Wolfsburg,Borussia M.Gladbach,2,2,1.74,0.9,
Bundesliga,2022-2023,2022-10-15,VfB Stuttgart,Bochum,4,1,2.41,1.53,
Bundesliga,2022-2023,2022-10-15,Werder Bremen,Mainz 05,0,2,1.2,1.11,
Bundesliga,2022-2023,2022-10-15,RasenBallsport Leipzig,Hertha Berlin,3,2,3.3,2.42,
Bundesliga,2022-2023,2022-10-16,FC Cologne,Augsburg,3,2,1.55,0.21,
Bundesliga,2022-2023,2022-10-16,Union Berlin,Borussia Dortmund,2,0,1.47,0.8,
Bundesliga,2022-2023,2022-10-16,Bayern Munich,Freiburg,5,0,2.08,0.33,
Bundesliga,2022-2023,2022-10-21,Mainz 05,FC Cologne,5,0,2.22,0.93,
Bundesliga,2022-2023,2022-10-22,Borussia Dortmund,VfB Stuttgart,5,0,2.64,0.99,
Bundesliga,2022-2023,2022-10-22,Bayer Leverkusen,Wolfsburg,2,2,2.37,1.15,
Bundesliga,2022-2023,2022-10-22,Freiburg,Werder Bremen,2,0,3.34,0.39,
Bundesliga,2022-2023,2022-10-22,Hoffenheim,Bayern Munich,0,2,0.77,3.13,
Bundesliga,2022-2023,2022-10-22,Augsburg,RasenBallsport Leipzig,3,3,1.91,2.39,
Bundesliga,2022-2023,2022-10-22,Borussia M.Gladbach,Eintracht Frankfurt,1,3,1.37,1.8,
Bundesliga,2022-2023,2022-10-23,Bochum,Union Berlin,2,1,1.12,1.0,
Bundesliga,2022-2023,2022-10-23,Hertha Berlin,Schalke 04,2,1,1.06,0.52,
Bundesliga,2022-2023,2022-10-28,Werder Bremen,Hertha Berlin,1,0,1.54,0.57,
Bundesliga,2022-2023,2022-10-29,Bayern Munich,Mainz 05,6,2,4.33,1.78,
Bundesliga,2022-2023,2022-10-29,RasenBallsport Leipzig,Bayer Leverkusen,2,0,1.63,0.14,
Bundesliga,2022-2023,2022-10-29,Wolfsburg,Bochum,4,0,2.59,0.44,
Bundesliga,2022-2023,2022-10-29,VfB Stuttgart,Augsburg,2,1,3.12,0.75,
Bundesliga,2022-2023,2022-10-29,Eintracht Frankfurt,Borussia Dortmund,1,2,1.71,0.73,
Bundesliga,2022-2023,2022-10-30,Union Berlin,Borussia M.Gladbach,2,1,1.29,1.01,
Bundesliga,2022-2023,2022-10-30,Schalke 04,Freiburg,0,2,0.84,2.25,
Bundesliga,2022-2023,2022-10-30,FC Cologne,Hoffenheim,1,1,0.98,0.78,
Bundesliga,2022-2023,2022-11-04,Borussia M.Gladbach,VfB Stuttgart,3,1,1.33,1.46,
Bundesliga,2022-2023,2022-11-05,Mainz 05,Wolfsburg,0,3,1.24,0.81,
Bundesliga,2022-2023,2022-11-05,Hoffenheim,RasenBallsport Leipzig,1,3,1.16,1.66,
Bundesliga,2022-2023,2022-11-05,Augsburg,Eintracht Frankfurt,1,2,1.07,1.32,
Bundesliga,2022-2023,2022-11-05,Hertha Berlin,Bayern Munich,2,3,1.09,2.23,
Bundesliga,2022-2023,2022-11-05,Borussia Dortmund,Bochum,3,0,1.43,0.5,
Bundesliga,2022-2023,2022-11-05,Werder Bremen,Schalke 04,2,1,1.33,1.35,
Bundesliga,2022-2023,2022-11-06,Bayer Leverkusen,Union Berlin,5,0,1.78,0.23,
Bundesliga,2022-2023,2022-11-06,Freiburg,FC Cologne,2,0,1.46,1.0,
Bundesliga,2022-2023,2022-11-08,Wolfsburg,Borussia Dortmund,2,0,2.91,1.3,
Bundesliga,2022-2023,2022-11-08,Bayern Munich,Werder Bremen,6,1,5.73,1.44,
Bundesliga,2022-2023,2022-11-08,Bochum,Borussia M.Gladbach,2,1,1.69,0.77,
Bundesliga,2022-2023,2022-11-08,VfB Stuttgart,Hertha Berlin,2,1,2.0,1.05,
Bundesliga,2022-2023,2022-11-09,FC Cologne,Bayer Leverkusen,1,2,1.38,1.04,
Bundesliga,2022-2023,2022-11-09,RasenBallsport Leipzig,Freiburg,3,1,3.29,0.15,
Bundesliga,2022-2023,2022-11-09,Union Berlin,Augsburg,2,2,1.84,0.29,
Bundesliga,2022-2023,2022-11-09,Eintracht Frankfurt,Hoffenheim,4,2,3.78,1.53,
Bundesliga,2022-2023,2022-11-09,Schalke 04,Mainz 05,1,0,1.98,0.61,
Bundesliga,2022-2023,2022-11-11,Borussia M.Gladbach,Borussia Dortmund,4,2,2.64,3.68,
Bundesliga,2022-2023,2022-11-12,Bayer Leverkusen,VfB Stuttgart,2,0,1.88,0.28,
Bundesliga,2022-2023,2022-11-12,Hoffenheim,Wolfsburg,1,2,1.42,0.95,
Bundesliga,2022-2023,2022-11-12,Augsburg,Bochum,0,1,2.35,1.14,
Bundesliga,2022-2023,2022-11-12,Hertha Berlin,FC Cologne,2,0,2.13,1.94,
Bundesliga,2022-2023,2022-11-12,Werder Bremen,RasenBallsport Leipzig,1,2,1.03,2.13,
Bundesliga,2022-2023,2022-11-12,Schalke 04,Bayern Munich,0,2,0.89,1.65,
Bundesliga,2022-2023,2022-11-13,Mainz 05,Eintracht Frankfurt,1,1,1.79,1.4,
Bundesliga,2022-2023,2022-11-13,Freiburg,Union Berlin,4,1,2.69,1.66,
Bundesliga,2022-2023,2023-01-20,RasenBallsport Leipzig,Bayern Munich,1,1,1.03,0.81,
Bundesliga,2022-2023,2023-01-21,Union Berlin,Hoffenheim,3,1,2.48,0.97,
Bundesliga,2022-2023,2023-01-21,Eintracht Frankfurt,Schalke 04,3,0,1.68,2.38,
Bundesliga,2022-2023,2023-01-21,Wolfsburg,Freiburg,6,0,2.88,0.81,
Bundesliga,2022-2023,2023-01-21,Bochum,Hertha Berlin,3,1,1.67,0.73,
Bundesliga,2022-2023,2023-01-21,VfB Stuttgart,Mainz 05,1,1,1.88,1.38,
Bundesliga,2022-2023,2023-01-21,FC Cologne,Werder Bremen,7,1,3.19,0.25,
Bundesliga,2022-2023,2023-01-22,Borussia Dortmund,Augsburg,4,3,3.27,1.93,
Bundesliga,2022-2023,2023-01-22,Borussia M.Gladbach,Bayer Leverkusen,2,3,0.99,1.68,
Bundesliga,2022-2023,2023-01-24,Schalke 04,RasenBallsport Leipzig,1,6,0.5,4.23,
Bundesliga,2022-2023,2023-01-24,Bayern Munich,FC Cologne,1,1,1.49,0.78,
Bundesliga,2022-2023,2023-01-24,Hoffenheim,VfB Stuttgart,2,2,1.82,0.66,
Bundesliga,2022-2023,2023-01-24,Hertha Berlin,Wolfsburg,0,5,0.57,2.95,
Bundesliga,2022-2023,2023-01-25,Mainz 05,Borussia Dortmund,1,2,0.85,1.16,
Bundesliga,2022-2023,2023-01-25,Bayer Leverkusen,Bochum,2,0,1.89,0.82,
Bundesliga,2022-2023,2023-01-25,Freiburg,Eintracht Frankfurt,1,1,1.79,0.26,
Bundesliga,2022-2023,2023-01-25,Augsburg,Borussia M.Gladbach,1,0,0.87,0.51,
Bundesliga,2022-2023,2023-01-25,Werder Bremen,Union Berlin,1,2,0.57,1.05,
Bundesliga,2022-2023,2023-01-27,RasenBallsport Leipzig,VfB Stuttgart,2,1,1.59,1.87,
Bundesliga,2022-2023,2023-01-28,Freiburg,Augsburg,3,1,1.92,2.0,
Bundesliga,2022-2023,2023-01-28,Mainz 05,Bochum,5,2,2.87,0.91,
Bundesliga,2022-2023,2023-01-28,Hoffenheim,Borussia M.Gladbach,1,4,1.96,1.8,
Bundesliga,2022-2023,2023-01-28,Hertha Berlin,Union Berlin,0,2,0.46,0.88,
Bundesliga,2022-2023,2023-01-28,Werder Bremen,Wolfsburg,2,1,1.8,0.7,
Bundesliga,2022-2023,2023-01-28,Bayern Munich,Eintracht Frankfurt,1,1,1.38,0.88,
Bundesliga,2022-2023,2023-01-29,Schalke 04,FC Cologne,0,0,1.12,0.33,
Bundesliga,2022-2023,2023-01-29,Bayer Leverkusen,Borussia Dortmund,0,2,1.84,0.98,
Bundesliga,2022-2023,2023-02-03,Augsburg,Bayer Leverkusen,1,0,0.92,0.46,
Bundesliga,2022-2023,2023-02-04,Borussia Dortmund,Freiburg,5,1,2.1,0.24,
Bundesliga,2022-2023,2023-02-04,Union Berlin,Mainz 05,2,1,0.98,1.09,
Bundesliga,2022-2023,2023-02-04,FC Cologne,RasenBallsport Leipzig,0,0,0.61,1.0,
Bundesliga,2022-2023,2023-02-04,Eintracht Frankfurt,Hertha Berlin,3,0,2.0,0.94,
Bundesliga,2022-2023,2023-02-04,Bochum,Hoffenheim,5,2,2.75,0.82,
Bundesliga,2022-2023,2023-02-04,Borussia M.Gladbach,Schalke 04,0,0,1.13,1.18,
Bundesliga,2022-2023,2023-02-05,VfB Stuttgart,Werder Bremen,0,2,1.49,0.45,
Bundesliga,2022-2023,2023-02-05,Wolfsburg,Bayern Munich,2,4,2.39,0.57,
Bundesliga,2022-2023,2023-02-10,Schalke 04,Wolfsburg,0,0,1.0,1.4,
Bundesliga,2022-2023,2023-02-11,Bayern Munich,Bochum,3,0,4.38,0.24,
Bundesliga,2022-2023,2023-02-11,Freiburg,VfB Stuttgart,2,1,2.21,1.03,
Bundesliga,2022-2023,2023-02-11,Mainz 05,Augsburg,3,1,4.01,1.45,
Bundesliga,2022-2023,2023-02-11,Hoffenheim,Bayer Leverkusen,1,3,0.78,1.48,
Bundesliga,2022-2023,2023-02-11,Werder Bremen,Borussia Dortmund,0,2,0.59,2.67,
Bundesliga,2022-2023,2023-02-11,RasenBallsport Leipzig,Union Berlin,1,2,0.89,1.04,
Bundesliga,2022-2023,2023-02-12,Hertha Berlin,Borussia M.Gladbach,4,1,2.65,0.42,
Bundesliga,2022-2023,2023-02-12,FC Cologne,Eintracht Frankfurt,3,0,1.72,0.37,
Bundesliga,2022-2023,2023-02-17,Augsburg,Hoffenheim,1,0,1.48,0.45,
Bundesliga,2022-2023,2023-02-18,Borussia M.Gladbach,Bayern Munich,3,2,2.27,1.22,
Bundesliga,2022-2023,2023-02-18,Wolfsburg,RasenBallsport Leipzig,0,3,0.26,3.05,
Bundesliga,2022-2023,2023-02-18,Bochum,Freiburg,0,2,1.41,2.4,
Bundesliga,2022-2023,2023-02-18,VfB Stuttgart,FC Cologne,3,0,1.7,0.45,
Bundesliga,2022-2023,2023-02-18,Eintracht Frankfurt,Werder Bremen,2,0,2.08,0.15,
Bundesliga,2022-2023,2023-02-19,Union Berlin,Schalke 04,0,0,0.83,0.39,
Bundesliga,2022-2023,2023-02-19,Borussia Dortmund,Hertha Berlin,4,1,2.35,1.41,
Bundesliga,2022-2023,2023-02-19,Bayer Leverkusen,Mainz 05,2,3,3.01,2.0,
Bundesliga,2022-2023,2023-02-24,Mainz 05,Borussia M.Gladbach,4,0,2.95,0.72,
Bundesliga,2022-2023,2023-02-25,RasenBallsport Leipzig,Eintracht Frankfurt,2,1,1.9,0.86,
Bundesliga,2022-2023,2023-02-25,FC Cologne,Wolfsburg,0,2,1.03,1.0,
Bundesliga,2022-2023,2023-02-25,Hoffenheim,Borussia Dortmund,0,1,0.87,2.76,
Bundesliga,2022-2023,2023-02-25,Hertha Berlin,Augsburg,2,0,0.45,0.41,
Bundesliga,2022-2023,2023-02-25,Werder Bremen,Bochum,3,0,1.18,0.4,
Bundesliga,2022-2023,2023-02-25,Schalke 04,VfB Stuttgart,2,1,1.87,1.67,
Bundesliga,2022-2023,2023-02-26,Freiburg,Bayer Leverkusen,1,1,1.29,2.06,
Bundesliga,2022-2023,2023-02-26,Bayern Munich,Union Berlin,3,0,3.86,0.21,
Bundesliga,2022-2023,2023-03-03,Borussia Dortmund,RasenBallsport Leipzig,2,1,1.13,2.2,
Bundesliga,2022-2023,2023-03-04,Union Berlin,FC Cologne,0,0,0.46,0.8,
Bundesliga,2022-2023,2023-03-04,Mainz 05,Hoffenheim,1,0,1.04,0.62,
Bundesliga,2022-2023,2023-03-04,Borussia M.Gladbach,Freiburg,0,0,1.11,0.29,
Bundesliga,2022-2023,2023-03-04,Bochum,Schalke 04,0,2,0.93,0.87,
Bundesliga,2022-2023,2023-03-04,Augsburg,Werder Bremen,2,1,0.49,1.69,
Bundesliga,2022-2023,2023-03-04,VfB Stuttgart,Bayern Munich,1,2,0.6,2.56,
Bundesliga,2022-2023,2023-03-05,Bayer Leverkusen,Hertha Berlin,4,1,2.26,0.96,
Bundesliga,2022-2023,2023-03-05,Wolfsburg,Eintracht Frankfurt,2,2,1.77,1.18,
Bundesliga,2022-2023,2023-03-10,FC Cologne,Bochum,0,2,0.59,1.73,
Bundesliga,2022-2023,2023-03-11,Bayern Munich,Augsburg,5,3,2.49,2.48,
Bundesliga,2022-2023,2023-03-11,RasenBallsport Leipzig,Borussia M.Gladbach,3,0,2.27,1.45,
Bundesliga,2022-2023,2023-03-11,Eintracht Frankfurt,VfB Stuttgart,1,1,0.53,0.43,
Bundesliga,2022-2023,2023-03-11,Hertha Berlin,Mainz 05,1,1,1.62,0.39,
Bundesliga,2022-2023,2023-03-11,Schalke 04,Borussia Dortmund,2,2,1.52,1.22,
Bundesliga,2022-2023,2023-03-12,Freiburg,Hoffenheim,2,1,0.45,1.16,
Bundesliga,2022-2023,2023-03-12,Werder Bremen,Bayer Leverkusen,2,3,1.71,1.22,
Bundesliga,2022-2023,2023-03-12,Wolfsburg,Union Berlin,1,1,1.33,1.23,
Bundesliga,2022-2023,2023-03-17,Borussia M.Gladbach,Werder Bremen,2,2,3.68,0.76,
Bundesliga,2022-2023,2023-03-18,Hoffenheim,Hertha Berlin,3,1,2.61,0.81,
Bundesliga,2022-2023,2023-03-18,Bochum,RasenBallsport Leipzig,1,0,1.31,1.92,
Bundesliga,2022-2023,2023-03-18,Augsburg,Schalke 04,1,1,0.4,1.68,
Bundesliga,2022-2023,2023-03-18,VfB Stuttgart,Wolfsburg,0,1,0.47,0.67,
Bundesliga,2022-2023,2023-03-18,Borussia Dortmund,FC Cologne,6,1,3.37,1.47,
Bundesliga,2022-2023,2023-03-19,Union Berlin,Eintracht Frankfurt,2,0,1.23,2.21,
Bundesliga,2022-2023,2023-03-19,Bayer Leverkusen,Bayern Munich,2,1,1.85,1.11,
Bundesliga,2022-2023,2023-03-19,Mainz 05,Freiburg,1,1,1.58,1.35,
Bundesliga,2022-2023,2023-03-31,Eintracht Frankfurt,Bochum,1,1,3.1,1.15,
Bundesliga,2022-2023,2023-04-01,Union Berlin,VfB Stuttgart,3,0,1.7,2.62,
Bundesliga,2022-2023,2023-04-01,Freiburg,Hertha Berlin,1,1,0.86,2.09,
Bundesliga,2022-2023,2023-04-01,Wolfsburg,Augsburg,2,2,3.94,0.92,
Bundesliga,2022-2023,2023-04-01,Schalke 04,Bayer Leverkusen,0,3,0.98,3.28,
Bundesliga,2022-2023,2023-04-01,RasenBallsport Leipzig,Mainz 05,0,3,0.58,2.55,
Bundesliga,2022-2023,2023-04-01,Bayern Munich,Borussia Dortmund,4,2,3.1,1.58,
Bundesliga,2022-2023,2023-04-02,FC Cologne,Borussia M.Gladbach,0,0,1.05,0.52,
Bundesliga,2022-2023,2023-04-02,Werder Bremen,Hoffenheim,1,2,0.67,1.64,
Bundesliga,2022-2023,2023-04-08,Borussia Dortmund,Union Berlin,2,1,2.5,0.52,
Bundesliga,2022-2023,2023-04-08,Bayer Leverkusen,Eintracht Frankfurt,3,1,2.35,0.76,
Bundesliga,2022-2023,2023-04-08,Freiburg,Bayern Munich,0,1,1.09,3.09,
Bundesliga,2022-2023,2023-04-08,Mainz 05,Werder Bremen,2,2,1.99,1.08,
Bundesliga,2022-2023,2023-04-08,Augsburg,FC Cologne,1,3,0.94,2.06,
Bundesliga,2022-2023,2023-04-08,Hertha Berlin,RasenBallsport Leipzig,0,1,0.5,2.57,
Bundesliga,2022-2023,2023-04-09,Borussia M.Gladbach,Wolfsburg,2,0,1.56,1.23,
Bundesliga,2022-2023,2023-04-09,Bochum,VfB Stuttgart,2,3,2.22,2.37,
Bundesliga,2022-2023,2023-04-09,Hoffenheim,Schalke 04,2,0,2.18,0.56,
Bundesliga,2022-2023,2023-04-14,Schalke 04,Hertha Berlin,5,2,2.1,1.12,
Bundesliga,2022-2023,2023-04-15,Bayern Munich,Hoffenheim,1,1,1.89,0.27,
Bundesliga,2022-2023,2023-04-15,RasenBallsport Leipzig,Augsburg,3,2,1.14,0.86,
Bundesliga,2022-2023,2023-04-15,FC Cologne,Mainz 05,1,1,0.94,0.76,
Bundesliga,2022-2023,2023-04-15,VfB Stuttgart,Borussia Dortmund,3,3,1.35,1.52,
Bundesliga,2022-2023,2023-04-15,Eintracht Frankfurt,Borussia M.Gladbach,1,1,2.17,0.64,
Bundesliga,2022-2023,2023-04-16,Werder Bremen,Freiburg,1,2,1.43,0.47,
Bundesliga,2022-2023,2023-04-16,Union Berlin,Bochum,1,1,1.06,1.52,
Bundesliga,2022-2023,2023-04-16,Wolfsburg,Bayer Leverkusen,0,0,0.62,0.99,
Bundesliga,2022-2023,2023-04-21,Augsburg,VfB Stuttgart,1,1,0.73,1.18,
Bundesliga,2022-2023,2023-04-22,Mainz 05,Bayern Munich,3,1,1.3,2.7,
Bundesliga,2022-2023,2023-04-22,Hoffenheim,FC Cologne,1,3,0.78,2.07,
Bundesliga,2022-2023,2023-04-22,Bochum,Wolfsburg,1,5,2.77,3.34,
Bundesliga,2022-2023,2023-04-22,Hertha Berlin,Werder Bremen,2,4,1.67,2.34,
Bundesliga,2022-2023,2023-04-22,Borussia Dortmund,Eintracht Frankfurt,4,0,1.44,0.45,
Bundesliga,2022-2023,2023-04-23,Freiburg,Schalke 04,4,0,2.64,0.39,
Bundesliga,2022-2023,2023-04-23,Bayer Leverkusen,RasenBallsport Leipzig,2,0,1.03,2.12,
Bundesliga,2022-2023,2023-04-23,Borussia M.Gladbach,Union Berlin,0,1,0.41,1.22,
Bundesliga,2022-2023,2023-04-28,Bochum,Borussia Dortmund,1,1,0.57,2.93,
Bundesliga,2022-2023,2023-04-29,RasenBallsport Leipzig,Hoffenheim,1,0,1.71,0.22,
Bundesliga,2022-2023,2023-04-29,Union Berlin,Bayer Leverkusen,0,0,0.58,0.55,
Bundesliga,2022-2023,2023-04-29,FC Cologne,Freiburg,0,1,1.48,1.37,
Bundesliga,2022-2023,2023-04-29,Eintracht Frankfurt,Augsburg,1,1,0.53,0.46,
Bundesliga,2022-2023,2023-04-29,VfB Stuttgart,Borussia M.Gladbach,2,1,2.74,1.25,
Bundesliga,2022-2023,2023-04-29,Schalke 04,Werder Bremen,2,1,1.25,1.49,
Bundesliga,2022-2023,2023-04-30,Bayern Munich,Hertha Berlin,2,0,2.93,0.08,
Bundesliga,2022-2023,2023-04-30,Wolfsburg,Mainz 05,3,0,1.44,1.45,
Bundesliga,2022-2023,2023-05-05,Bayer Leverkusen,FC Cologne,1,2,0.72,1.03,
Bundesliga,2022-2023,2023-05-05,Mainz 05,Schalke 04,2,3,0.99,3.15,
Bundesliga,2022-2023,2023-05-06,Freiburg,RasenBallsport Leipzig,0,1,0.15,1.89,
Bundesliga,2022-2023,2023-05-06,Hoffenheim,Eintracht Frankfurt,3,1,2.13,2.41,
Bundesliga,2022-2023,2023-05-06,Borussia M.Gladbach,Bochum,2,0,2.32,0.92,
Bundesliga,2022-2023,2023-05-06,Augsburg,Union Berlin,1,0,1.01,0.49,
Bundesliga,2022-2023,2023-05-06,Hertha Berlin,VfB Stuttgart,2,1,1.5,1.09,
Bundesliga,2022-2023,2023-05-06,Werder Bremen,Bayern Munich,1,2,0.81,2.02,
Bundesliga,2022-2023,2023-05-07,Borussia Dortmund,Wolfsburg,6,0,5.14,0.95,
Bundesliga,2022-2023,2023-05-12,FC Cologne,Hertha Berlin,5,2,4.73,1.12,
Bundesliga,2022-2023,2023-05-13,Bayern Munich,Schalke 04,6,0,5.06,0.34,
Bundesliga,2022-2023,2023-05-13,Union Berlin,Freiburg,4,2,1.45,2.09,
Bundesliga,2022-2023,2023-05-13,Eintracht Frankfurt,Mainz 05,3,0,2.04,0.94,
Bundesliga,2022-2023,2023-05-13,Wolfsburg,Hoffenheim,2,1,0.97,0.76,
Bundesliga,2022-2023,2023-05-13,Bochum,Augsburg,3,2,1.32,1.33,
Bundesliga,2022-2023,2023-05-13,Borussia Dortmund,Borussia M.Gladbach,5,2,6.25,1.63,
Bundesliga,2022-2023,2023-05-14,VfB Stuttgart,Bayer Leverkusen,1,1,1.43,1.58,
Bundesliga,2022-2023,2023-05-14,RasenBallsport Leipzig,Werder Bremen,2,1,1.8,1.17,
Bundesliga,2022-2023,2023-05-19,Freiburg,Wolfsburg,2,0,1.45,0.66,
Bundesliga,2022-2023,2023-05-20,Hoffenheim,Union Berlin,4,2,2.49,1.68,
Bundesliga,2022-2023,2023-05-20,Hertha Berlin,Bochum,1,1,1.36,1.65,
Bundesliga,2022-2023,2023-05-20,Schalke 04,Eintracht Frankfurt,2,2,1.13,1.37,
Bundesliga,2022-2023,2023-05-20,Werder Bremen,FC Cologne,1,1,1.97,1.86,
Bundesliga,2022-2023,2023-05-20,Bayern Munich,RasenBallsport Leipzig,1,3,1.64,2.64,
Bundesliga,2022-2023,2023-05-21,Mainz 05,VfB Stuttgart,1,4,1.42,1.4,
Bundesliga,2022-2023,2023-05-21,Augsburg,Borussia Dortmund,0,3,0.41,3.88,
Bundesliga,2022-2023,2023-05-21,Bayer Leverkusen,Borussia M.Gladbach,2,2,1.9,2.06,
Bundesliga,2022-2023,2023-05-27,Borussia Dortmund,Mainz 05,2,2,4.1,1.68,
Bundesliga,2022-2023,2023-05-27,RasenBallsport Leipzig,Schalke 04,4,2,2.97,1.22,
Bundesliga,2022-2023,2023-05-27,Union Berlin,Werder Bremen,1,0,0.78,0.4,
Bundesliga,2022-2023,2023-05-27,FC Cologne,Bayern Munich,1,2,1.16,1.68,
Bundesliga,2022-2023,2023-05-27,Borussia M.Gladbach,Augsburg,2,0,2.99,0.43,
Bundesliga,2022-2023,2023-05-27,Eintracht Frankfurt,Freiburg,2,1,2.04,1.46,
Bundesliga,2022-2023,2023-05-27,Wolfsburg,Hertha Berlin,1,2,3.21,1.44,
Bundesliga,2022-2023,2023-05-27,Bochum,Bayer Leverkusen,3,0,1.56,0.86,
Bundesliga,2022-2023,2023-05-27,VfB Stuttgart,Hoffenheim,1,1,2.19,1.16,
Bundesliga,2023-2024,2023-08-18,Werder Bremen,Bayern Munich,0,4,0.64,2.9,
Bundesliga,2023-2024,2023-08-19,Bayer Leverkusen,RasenBallsport Leipzig,3,2,1.73,1.6,
Bundesliga,2023-2024,2023-08-19,Wolfsburg,FC Heidenheim,2,0,3.21,1.18,
Bundesliga,2023-2024,2023-08-19,Hoffenheim,Freiburg,1,2,1.67,3.25,
Bundesliga,2023-2024,2023-08-19,Augsburg,Borussia M.Gladbach,4,4,2.53,1.92,
Bundesliga,2023-2024,2023-08-19,VfB Stuttgart,Bochum,5,0,3.99,0.67,
Bundesliga,2023-2024,2023-08-19,Borussia Dortmund,FC Cologne,1,0,1.72,1.51,
Bundesliga,2023-2024,2023-08-20,Union Berlin,Mainz 05,4,1,2.11,2.52,
Bundesliga,2023-2024,2023-08-20,Eintracht Frankfurt,Darmstadt,1,0,1.24,0.81,
Bundesliga,2023-2024,2023-08-25,RasenBallsport Leipzig,VfB Stuttgart,5,1,2.09,1.18,
Bundesliga,2023-2024,2023-08-26,Freiburg,Werder Bremen,1,0,1.72,0.7,
Bundesliga,2023-2024,2023-08-26,FC Cologne,Wolfsburg,1,2,0.64,2.27,
Bundesliga,2023-2024,2023-08-26,Bochum,Borussia Dortmund,1,1,1.01,1.17,
Bundesliga,2023-2024,2023-08-26,FC Heidenheim,Hoffenheim,2,3,2.73,2.76,
Bundesliga,2023-2024,2023-08-26,Darmstadt,Union Berlin,1,4,2.6,1.64,
Bundesliga,2023-2024,2023-08-26,Borussia M.Gladbach,Bayer Leverkusen,0,3,1.76,3.65,
Bundesliga,2023-2024,2023-08-27,Mainz 05,Eintracht Frankfurt,1,1,1.44,1.16,
Bundesliga,2023-2024,2023-08-27,Bayern Munich,Augsburg,3,1,2.82,0.73,
Bundesliga,2023-2024,2023-09-01,Borussia Dortmund,FC Heidenheim,2,2,2.75,2.1,
Bundesliga,2023-2024,2023-09-02,Bayer Leverkusen,Darmstadt,5,1,3.43,0.68,
Bundesliga,2023-2024,2023-09-02,Hoffenheim,Wolfsburg,3,1,1.79,1.42,
Bundesliga,2023-2024,2023-09-02,Werder Bremen,Mainz 05,4,0,3.01,0.66,
Bundesliga,2023-2024,2023-09-02,Augsburg,Bochum,2,2,1.88,1.86,
Bundesliga,2023-2024,2023-09-02,VfB Stuttgart,Freiburg,5,0,2.1,1.5,
Bundesliga,2023-2024,2023-09-02,Borussia M.Gladbach,Bayern Munich,1,2,0.2,2.15,
Bundesliga,2023-2024,2023-09-03,Eintracht Frankfurt,FC Cologne,1,1,1.28,0.93,
Bundesliga,2023-2024,2023-09-03,Union Berlin,RasenBallsport Leipzig,0,3,0.18,1.21,
Bundesliga,2023-2024,2023-09-15,Bayern Munich,Bayer Leverkusen,2,2,2.74,2.46,
Bundesliga,2023-2024,2023-09-16,RasenBallsport Leipzig,Augsburg,3,0,1.46,1.34,
Bundesliga,2023-2024,2023-09-16,Freiburg,Borussia Dortmund,2,4,1.15,3.37,
Bundesliga,2023-2024,2023-09-16,Wolfsburg,Union Berlin,2,1,0.57,1.57,
Bundesliga,2023-2024,2023-09-16,Mainz 05,VfB Stuttgart,1,3,1.17,2.06,
Bundesliga,2023-2024,2023-09-16,FC Cologne,Hoffenheim,1,3,1.19,1.07,
Bundesliga,2023-2024,2023-09-16,Bochum,Eintracht Frankfurt,1,1,2.17,0.74,
Bundesliga,2023-2024,2023-09-17,FC Heidenheim,Werder Bremen,4,2,1.96,2.56,
Bundesliga,2023-2024,2023-09-17,Darmstadt,Borussia M.Gladbach,3,3,1.33,3.49,
Bundesliga,2023-2024,2023-09-22,VfB Stuttgart,Darmstadt,3,1,3.05,0.27,
Bundesliga,2023-2024,2023-09-23,Augsburg,Mainz 05,2,1,1.05,0.49,
Bundesliga,2023-2024,2023-09-23,Borussia M.Gladbach,RasenBallsport Leipzig,0,1,0.77,1.04,
Bundesliga,2023-2024,2023-09-23,Bayern Munich,Bochum,7,0,6.03,0.09,
Bundesliga,2023-2024,2023-09-23,Borussia Dortmund,Wolfsburg,1,0,2.16,0.34,
Bundesliga,2023-2024,2023-09-23,Union Berlin,Hoffenheim,0,2,1.62,2.15,
Bundesliga,2023-2024,2023-09-23,Werder Bremen,FC Cologne,2,1,1.6,1.99,
Bundesliga,2023-2024,2023-09-24,Bayer Leverkusen,FC Heidenheim,4,1,3.97,0.66,
Bundesliga,2023-2024,2023-09-24,Eintracht Frankfurt,Freiburg,0,0,0.75,0.41,
Bundesliga,2023-2024,2023-09-29,Hoffenheim,Borussia Dortmund,1,3,1.85,1.69,
Bundesliga,2023-2024,2023-09-30,Bochum,Borussia M.Gladbach,1,3,1.47,2.87,
Bundesliga,2023-2024,2023-09-30,FC Heidenheim,Union Berlin,1,0,0.54,2.16,
Bundesliga,2023-2024,2023-09-30,Wolfsburg,Eintracht Frankfurt,2,0,2.78,1.09,
Bundesliga,2023-2024,2023-09-30,Mainz 05,Bayer Leverkusen,0,3,0.39,0.81,
Bundesliga,2023-2024,2023-09-30,FC Cologne,VfB Stuttgart,0,2,0.8,2.07,
Bundesliga,2023-2024,2023-09-30,RasenBallsport Leipzig,Bayern Munich,2,2,0.79,1.95,
Bundesliga,2023-2024,2023-10-01,Darmstadt,Werder Bremen,4,2,2.35,1.55,
Bundesliga,2023-2024,2023-10-01,Freiburg,Augsburg,2,0,1.27,1.0,
Bundesliga,2023-2024,2023-10-06,Borussia M.Gladbach,Mainz 05,2,2,3.02,1.21,
Bundesliga,2023-2024,2023-10-07,Borussia Dortmund,Union Berlin,4,2,1.77,1.52,
Bundesliga,2023-2024,2023-10-07,RasenBallsport Leipzig,Bochum,0,0,2.23,0.74,
Bundesliga,2023-2024,2023-10-07,Augsburg,Darmstadt,1,2,1.18,1.96,
Bundesliga,2023-2024,2023-10-07,VfB Stuttgart,Wolfsburg,3,1,3.03,1.06,
Bundesliga,2023-2024,2023-10-07,Werder Bremen,Hoffenheim,2,3,1.03,1.53,
Bundesliga,2023-2024,2023-10-08,Bayer Leverkusen,FC Cologne,3,0,3.73,1.42,
Bundesliga,2023-2024,2023-10-08,Bayern Munich,Freiburg,3,0,2.37,0.07,
Bundesliga,2023-2024,2023-10-08,Eintracht Frankfurt,FC Heidenheim,2,0,1.84,0.63,
Bundesliga,2023-2024,2023-10-20,Borussia Dortmund,Werder Bremen,1,0,2.73,0.54,
Bundesliga,2023-2024,2023-10-21,Union Berlin,VfB Stuttgart,0,3,0.57,1.88,
Bundesliga,2023-2024,2023-10-21,Freiburg,Bochum,2,1,2.53,1.38,
Bundesliga,2023-2024,2023-10-21,Wolfsburg,Bayer Leverkusen,1,2,1.33,2.28,
Bundesliga,2023-2024,2023-10-21,Hoffenheim,Eintracht Frankfurt,1,3,1.13,2.13,
Bundesliga,2023-2024,2023-10-21,Darmstadt,RasenBallsport Leipzig,1,3,1.68,1.83,
Bundesliga,2023-2024,2023-10-21,Mainz 05,Bayern Munich,1,3,0.98,1.69,
Bundesliga,2023-2024,2023-10-22,FC Cologne,Borussia M.Gladbach,3,1,2.73,0.41,
Bundesliga,2023-2024,2023-10-22,FC Heidenheim,Augsburg,2,5,1.99,2.82,
Bundesliga,2023-2024,2023-10-27,Bochum,Mainz 05,2,2,2.13,0.44,
Bundesliga,2023-2024,2023-10-28,Bayern Munich,Darmstadt,8,0,5.88,0.92,
Bundesliga,2023-2024,2023-10-28,Borussia M.Gladbach,FC Heidenheim,2,1,0.98,0.4,
Bundesliga,2023-2024,2023-10-28,Werder Bremen,Union Berlin,2,0,0.69,0.37,
Bundesliga,2023-2024,2023-10-28,Augsburg,Wolfsburg,3,2,1.59,1.26,
Bundesliga,2023-2024,2023-10-28,VfB Stuttgart,Hoffenheim,2,3,3.15,1.74,
Bundesliga,2023-2024,2023-10-28,RasenBallsport Leipzig,FC Cologne,6,0,4.86,1.33,
Bundesliga,2023-2024,2023-10-29,Eintracht Frankfurt,Borussia Dortmund,3,3,3.67,2.42,
Bundesliga,2023-2024,2023-10-29,Bayer Leverkusen,Freiburg,2,1,1.61,1.02,
Bundesliga,2023-2024,2023-11-03,Darmstadt,Bochum,1,2,0.85,1.56,
Bundesliga,2023-2024,2023-11-04,Union Berlin,Eintracht Frankfurt,0,3,1.07,1.57,
Bundesliga,2023-2024,2023-11-04,Freiburg,Borussia M.Gladbach,3,3,3.39,1.92,
Bundesliga,2023-2024,2023-11-04,Mainz 05,RasenBallsport Leipzig,2,0,1.5,0.51,
Bundesliga,2023-2024,2023-11-04,FC Cologne,Augsburg,1,1,2.23,2.55,
Bundesliga,2023-2024,2023-11-04,Hoffenheim,Bayer Leverkusen,2,3,1.27,1.05,
Bundesliga,2023-2024,2023-11-04,Borussia Dortmund,Bayern Munich,0,4,1.48,2.86,
Bundesliga,2023-2024,2023-11-05,Wolfsburg,Werder Bremen,2,2,1.81,1.4,
Bundesliga,2023-2024,2023-11-05,FC Heidenheim,VfB Stuttgart,2,0,0.78,2.57,
Bundesliga,2023-2024,2023-11-10,Borussia M.Gladbach,Wolfsburg,4,0,2.09,0.5,
Bundesliga,2023-2024,2023-11-11,Bayern Munich,FC Heidenheim,4,2,2.61,1.05,
Bundesliga,2023-2024,2023-11-11,Augsburg,Hoffenheim,1,1,0.94,0.9,
Bundesliga,2023-2024,2023-11-11,VfB Stuttgart,Borussia Dortmund,2,1,4.17,0.76,
Bundesliga,2023-2024,2023-11-11,Darmstadt,Mainz 05,0,0,0.45,0.62,
Bundesliga,2023-2024,2023-11-11,Bochum,FC Cologne,1,1,5.06,1.08,
Bundesliga,2023-2024,2023-11-12,Bayer Leverkusen,Union Berlin,4,0,3.04,0.03,
Bundesliga,2023-2024,2023-11-12,Werder Bremen,Eintracht Frankfurt,2,2,1.94,2.02,
Bundesliga,2023-2024,2023-11-12,RasenBallsport Leipzig,Freiburg,3,1,1.9,0.4,
Bundesliga,2023-2024,2023-11-24,FC Cologne,Bayern Munich,0,1,0.19,3.9,
Bundesliga,2023-2024,2023-11-25,Borussia Dortmund,Borussia M.Gladbach,4,2,3.37,0.79,
Bundesliga,2023-2024,2023-11-25,Union Berlin,Augsburg,1,1,2.41,1.84,
Bundesliga,2023-2024,2023-11-25,Freiburg,Darmstadt,1,1,1.35,0.34,
Bundesliga,2023-2024,2023-11-25,Wolfsburg,RasenBallsport Leipzig,2,1,0.63,2.91,
Bundesliga,2023-2024,2023-11-25,Werder Bremen,Bayer Leverkusen,0,3,0.31,1.75,
Bundesliga,2023-2024,2023-11-25,Eintracht Frankfurt,VfB Stuttgart,1,2,0.79,2.3,
Bundesliga,2023-2024,2023-11-26,FC Heidenheim,Bochum,0,0,0.75,0.36,
Bundesliga,2023-2024,2023-11-26,Hoffenheim,Mainz 05,1,1,0.7,1.97,
Bundesliga,2023-2024,2023-12-01,Darmstadt,FC Cologne,0,1,0.62,1.3,
Bundesliga,2023-2024,2023-12-02,RasenBallsport Leipzig,FC Heidenheim,2,1,4.71,1.18,
Bundesliga,2023-2024,2023-12-02,Borussia M.Gladbach,Hoffenheim,2,1,1.6,1.34,
Bundesliga,2023-2024,2023-12-02,Bochum,Wolfsburg,3,1,2.08,1.03,
Bundesliga,2023-2024,2023-12-02,VfB Stuttgart,Werder Bremen,2,0,4.02,0.66,
Bundesliga,2023-2024,2023-12-03,Mainz 05,Freiburg,0,1,2.87,1.34,
Bundesliga,2023-2024,2023-12-03,Bayer Leverkusen,Borussia Dortmund,1,1,1.96,1.26,
Bundesliga,2023-2024,2023-12-03,Augsburg,Eintracht Frankfurt,2,1,1.95,0.91,
Bundesliga,2023-2024,2023-12-08,Hoffenheim,Bochum,3,1,2.28,1.83,
Bundesliga,2023-2024,2023-12-09,Union Berlin,Borussia M.Gladbach,3,1,2.57,1.03,
Bundesliga,2023-2024,2023-12-09,Eintracht Frankfurt,Bayern Munich,5,1,1.85,2.59,
Bundesliga,2023-2024,2023-12-09,Wolfsburg,Freiburg,0,1,1.33,0.51,
Bundesliga,2023-2024,2023-12-09,Werder Bremen,Augsburg,2,0,1.85,0.63,
Bundesliga,2023-2024,2023-12-09,FC Heidenheim,Darmstadt,3,2,1.87,1.01,
Bundesliga,2023-2024,2023-12-09,Borussia Dortmund,RasenBallsport Leipzig,2,3,1.71,3.64,
Bundesliga,2023-2024,2023-12-10,VfB Stuttgart,Bayer Leverkusen,1,1,2.61,1.47,
Bundesliga,2023-2024,2023-12-10,FC Cologne,Mainz 05,0,0,0.25,1.88,
Bundesliga,2023-2024,2023-12-15,Borussia M.Gladbach,Werder Bremen,2,2,1.21,1.65,
Bundesliga,2023-2024,2023-12-16,Mainz 05,FC Heidenheim,0,1,1.21,0.76,
Bundesliga,2023-2024,2023-12-16,Bochum,Union Berlin,3,0,3.58,0.67,
Bundesliga,2023-2024,2023-12-16,Augsburg,Borussia Dortmund,1,1,1.51,2.03,
Bundesliga,2023-2024,2023-12-16,Darmstadt,Wolfsburg,0,1,0.94,0.59,
Bundesliga,2023-2024,2023-12-16,RasenBallsport Leipzig,Hoffenheim,3,1,2.92,1.04,
Bundesliga,2023-2024,2023-12-17,Freiburg,FC Cologne,2,0,3.47,1.25,
Bundesliga,2023-2024,2023-12-17,Bayer Leverkusen,Eintracht Frankfurt,3,0,2.49,0.21,
Bundesliga,2023-2024,2023-12-17,Bayern Munich,VfB Stuttgart,3,0,3.42,0.31,
Bundesliga,2023-2024,2023-12-19,Werder Bremen,RasenBallsport Leipzig,1,1,1.48,1.99,
Bundesliga,2023-2024,2023-12-19,Borussia Dortmund,Mainz 05,1,1,1.33,1.06,
Bundesliga,2023-2024,2023-12-19,Hoffenheim,Darmstadt,3,3,2.82,0.95,
Bundesliga,2023-2024,2023-12-20,Union Berlin,FC Cologne,2,0,1.87,0.9,
Bundesliga,2023-2024,2023-12-20,Bayer Leverkusen,Bochum,4,0,3.32,0.33,
Bundesliga,2023-2024,2023-12-20,Eintracht Frankfurt,Borussia M.Gladbach,2,1,1.54,0.55,
Bundesliga,2023-2024,2023-12-20,Wolfsburg,Bayern Munich,1,2,0.31,3.15,
Bundesliga,2023-2024,2023-12-20,VfB Stuttgart,Augsburg,3,0,2.65,0.22,
Bundesliga,2023-2024,2023-12-20,FC Heidenheim,Freiburg,3,2,1.76,1.59,
Bundesliga,2023-2024,2024-01-12,Bayern Munich,Hoffenheim,3,0,3.42,1.62,
Bundesliga,2023-2024,2024-01-13,RasenBallsport Leipzig,Eintracht Frankfurt,0,1,2.67,1.08,
Bundesliga,2023-2024,2024-01-13,Freiburg,Union Berlin,0,0,2.17,0.42,
Bundesliga,2023-2024,2024-01-13,Mainz 05,Wolfsburg,1,1,0.37,0.42,
Bundesliga,2023-2024,2024-01-13,FC Cologne,FC Heidenheim,1,1,0.64,1.28,
Bundesliga,2023-2024,2024-01-13,Augsburg,Bayer Leverkusen,0,1,0.45,2.32,
Bundesliga,2023-2024,2024-01-13,Darmstadt,Borussia Dortmund,0,3,0.83,3.15,
Bundesliga,2023-2024,2024-01-14,Bochum,Werder Bremen,1,1,1.24,0.93,
Bundesliga,2023-2024,2024-01-14,Borussia M.Gladbach,VfB Stuttgart,3,1,2.02,1.25,
Bundesliga,2023-2024,2024-01-20,Freiburg,Hoffenheim,3,2,2.48,1.76,
Bundesliga,2023-2024,2024-01-20,FC Cologne,Borussia Dortmund,0,4,1.39,3.48,
Bundesliga,2023-2024,2024-01-20,Bochum,VfB Stuttgart,1,0,0.71,1.99,
Bundesliga,2023-2024,2024-01-20,FC Heidenheim,Wolfsburg,1,1,1.19,1.22,
Bundesliga,2023-2024,2024-01-20,Darmstadt,Eintracht Frankfurt,2,2,1.39,1.29,
Bundesliga,2023-2024,2024-01-20,RasenBallsport Leipzig,Bayer Leverkusen,2,3,1.59,2.17,
Bundesliga,2023-2024,2024-01-21,Bayern Munich,Werder Bremen,0,1,1.55,0.43,
Bundesliga,2023-2024,2024-01-21,Borussia M.Gladbach,Augsburg,1,2,1.88,1.61,
Bundesliga,2023-2024,2024-01-24,Bayern Munich,Union Berlin,1,0,2.17,0.48,
Bundesliga,2023-2024,2024-01-26,Eintracht Frankfurt,Mainz 05,1,0,1.14,0.82,
Bundesliga,2023-2024,2024-01-27,Wolfsburg,FC Cologne,1,1,2.14,0.37,
Bundesliga,2023-2024,2024-01-27,Hoffenheim,FC Heidenheim,1,1,3.24,1.1,
Bundesliga,2023-2024,2024-01-27,Werder Bremen,Freiburg,3,1,2.33,1.34,
Bundesliga,2023-2024,2024-01-27,Augsburg,Bayern Munich,2,3,2.69,2.28,
Bundesliga,2023-2024,2024-01-27,VfB Stuttgart,RasenBallsport Leipzig,5,2,3.13,0.5,
Bundesliga,2023-2024,2024-01-27,Bayer Leverkusen,Borussia M.Gladbach,0,0,3.33,0.28,
Bundesliga,2023-2024,2024-01-28,Union Berlin,Darmstadt,1,0,3.55,1.0,
Bundesliga,2023-2024,2024-01-28,Borussia Dortmund,Bochum,3,1,3.1,0.39,
Bundesliga,2023-2024,2024-02-02,FC Heidenheim,Borussia Dortmund,0,0,1.01,0.81,
Bundesliga,2023-2024,2024-02-03,Bayern Munich,Borussia M.Gladbach,3,1,2.58,0.78,
Bundesliga,2023-2024,2024-02-03,Freiburg,VfB Stuttgart,1,3,1.16,2.74,
Bundesliga,2023-2024,2024-02-03,Mainz 05,Werder Bremen,0,1,1.04,0.4,
Bundesliga,2023-2024,2024-02-03,Bochum,Augsburg,1,1,1.17,1.39,
Bundesliga,2023-2024,2024-02-03,Darmstadt,Bayer Leverkusen,0,2,0.43,2.18,
Bundesliga,2023-2024,2024-02-03,FC Cologne,Eintracht Frankfurt,2,0,2.1,1.16,
Bundesliga,2023-2024,2024-02-04,Wolfsburg,Hoffenheim,2,2,1.6,1.93,
Bundesliga,2023-2024,2024-02-04,RasenBallsport Leipzig,Union Berlin,2,0,1.76,0.66,
Bundesliga,2023-2024,2024-02-07,Mainz 05,Union Berlin,1,1,1.38,1.54,
Bundesliga,2023-2024,2024-02-09,Borussia Dortmund,Freiburg,3,0,3.22,0.23,
Bundesliga,2023-2024,2024-02-10,Borussia M.Gladbach,Darmstadt,0,0,1.47,0.82,
Bundesliga,2023-2024,2024-02-10,Union Berlin,Wolfsburg,1,0,0.58,1.08,
Bundesliga,2023-2024,2024-02-10,Werder Bremen,FC Heidenheim,1,2,1.63,2.17,
Bundesliga,2023-2024,2024-02-10,Augsburg,RasenBallsport Leipzig,2,2,0.97,1.79,
Bundesliga,2023-2024,2024-02-10,Eintracht Frankfurt,Bochum,1,1,2.44,1.28,
Bundesliga,2023-2024,2024-02-10,Bayer Leverkusen,Bayern Munich,3,0,1.23,0.71,
Bundesliga,2023-2024,2024-02-11,VfB Stuttgart,Mainz 05,3,1,2.17,1.62,
Bundesliga,2023-2024,2024-02-11,Hoffenheim,FC Cologne,1,1,0.73,0.17,
Bundesliga,2023-2024,2024-02-16,FC Cologne,Werder Bremen,0,1,0.63,1.35,
Bundesliga,2023-2024,2024-02-17,Wolfsburg,Borussia Dortmund,1,1,2.12,1.21,
Bundesliga,2023-2024,2024-02-17,Mainz 05,Augsburg,1,0,2.62,0.61,
Bundesliga,2023-2024,2024-02-17,Hoffenheim,Union Berlin,0,1,1.25,2.16,
Bundesliga,2023-2024,2024-02-17,FC Heidenheim,Bayer Leverkusen,1,2,0.7,1.88,
Bundesliga,2023-2024,2024-02-17,Darmstadt,VfB Stuttgart,1,2,2.67,1.74,
Bundesliga,2023-2024,2024-02-17,RasenBallsport Leipzig,Borussia M.Gladbach,2,0,1.49,0.94,
Bundesliga,2023-2024,2024-02-18,Freiburg,Eintracht Frankfurt,3,3,2.77,1.35,
Bundesliga,2023-2024,2024-02-18,Bochum,Bayern Munich,3,2,2.08,2.87,
Bundesliga,2023-2024,2024-02-23,Bayer Leverkusen,Mainz 05,2,1,1.47,0.47,
Bundesliga,2023-2024,2024-02-24,VfB Stuttgart,FC Cologne,1,1,1.88,1.44,
Bundesliga,2023-2024,2024-02-24,Werder Bremen,Darmstadt,1,1,1.59,0.89,
Bundesliga,2023-2024,2024-02-24,Borussia M.Gladbach,Bochum,5,2,3.65,2.14,
Bundesliga,2023-2024,2024-02-24,Union Berlin,FC Heidenheim,2,2,1.21,1.33,
Bundesliga,2023-2024,2024-02-24,Bayern Munich,RasenBallsport Leipzig,2,1,1.83,0.58,
Bundesliga,2023-2024,2024-02-25,Eintracht Frankfurt,Wolfsburg,2,2,1.54,1.18,
Bundesliga,2023-2024,2024-02-25,Borussia Dortmund,Hoffenheim,2,3,3.06,1.32,
Bundesliga,2023-2024,2024-02-25,Augsburg,Freiburg,2,1,2.41,1.43,
Bundesliga,2023-2024,2024-03-01,Freiburg,Bayern Munich,2,2,1.54,2.44,
Bundesliga,2023-2024,2024-03-02,Union Berlin,Borussia Dortmund,0,2,1.0,1.64,
Bundesliga,2023-2024,2024-03-02,Mainz 05,Borussia M.Gladbach,1,1,1.09,1.55,
Bundesliga,2023-2024,2024-03-02,Bochum,RasenBallsport Leipzig,1,4,0.56,2.12,
Bundesliga,2023-2024,2024-03-02,FC Heidenheim,Eintracht Frankfurt,1,2,0.85,1.58,
Bundesliga,2023-2024,2024-03-02,Darmstadt,Augsburg,0,6,1.11,3.4,
Bundesliga,2023-2024,2024-03-02,Wolfsburg,VfB Stuttgart,2,3,0.96,1.04,
Bundesliga,2023-2024,2024-03-03,FC Cologne,Bayer Leverkusen,0,2,1.29,1.64,
Bundesliga,2023-2024,2024-03-03,Hoffenheim,Werder Bremen,2,1,2.07,1.35,
Bundesliga,2023-2024,2024-03-08,VfB Stuttgart,Union Berlin,2,0,1.31,0.84,
Bundesliga,2023-2024,2024-03-09,Bayern Munich,Mainz 05,8,1,6.78,1.07,
Bundesliga,2023-2024,2024-03-09,RasenBallsport Leipzig,Darmstadt,2,0,4.25,0.39,
Bundesliga,2023-2024,2024-03-09,Borussia M.Gladbach,FC Cologne,3,3,2.55,0.92,
Bundesliga,2023-2024,2024-03-09,Augsburg,FC Heidenheim,1,0,0.74,0.27,
Bundesliga,2023-2024,2024-03-09,Werder Bremen,Borussia Dortmund,1,2,1.35,1.24,
Bundesliga,2023-2024,2024-03-10,Bochum,Freiburg,1,2,1.28,1.44,
Bundesliga,2023-2024,2024-03-10,Eintracht Frankfurt,Hoffenheim,3,1,3.53,0.7,
Bundesliga,2023-2024,2024-03-10,Bayer Leverkusen,Wolfsburg,2,0,2.1,0.35,
Bundesliga,2023-2024,2024-03-15,FC Cologne,RasenBallsport Leipzig,1,5,1.18,3.93,
Bundesliga,2023-2024,2024-03-16,Union Berlin,Werder Bremen,2,1,1.43,0.83,
Bundesliga,2023-2024,2024-03-16,Wolfsburg,Augsburg,1,3,1.68,0.97,
Bundesliga,2023-2024,2024-03-16,Mainz 05,Bochum,2,0,2.34,0.59,
Bundesliga,2023-2024,2024-03-16,FC Heidenheim,Borussia M.Gladbach,1,1,1.61,0.82,
Bundesliga,2023-2024,2024-03-16,Darmstadt,Bayern Munich,2,5,1.25,5.12,
Bundesliga,2023-2024,2024-03-16,Hoffenheim,VfB Stuttgart,0,3,0.23,3.18,
Bundesliga,2023-2024,2024-03-17,Freiburg,Bayer Leverkusen,2,3,0.92,2.5,
Bundesliga,2023-2024,2024-03-17,Borussia Dortmund,Eintracht Frankfurt,3,1,2.83,0.87,
Bundesliga,2023-2024,2024-03-30,RasenBallsport Leipzig,Mainz 05,0,0,2.92,1.01,
Bundesliga,2023-2024,2024-03-30,Bayer Leverkusen,Hoffenheim,2,1,3.04,0.66,
Bundesliga,2023-2024,2024-03-30,Eintracht Frankfurt,Union Berlin,0,0,1.31,1.08,
Bundesliga,2023-2024,2024-03-30,Borussia M.Gladbach,Freiburg,0,3,1.84,2.09,
Bundesliga,2023-2024,2024-03-30,Werder Bremen,Wolfsburg,0,2,0.74,2.45,
Bundesliga,2023-2024,2024-03-30,Bayern Munich,Borussia Dortmund,0,2,1.91,1.26,
Bundesliga,2023-2024,2024-03-31,Augsburg,FC Cologne,1,1,2.13,1.68,
Bundesliga,2023-2024,2024-03-31,VfB Stuttgart,FC Heidenheim,3,3,3.06,1.63,
Bundesliga,2023-2024,2024-03-31,Bochum,Darmstadt,2,2,2.29,0.88,
Bundesliga,2023-2024,2024-04-05,Eintracht Frankfurt,Werder Bremen,1,1,2.19,1.6,
Bundesliga,2023-2024,2024-04-06,Union Berlin,Bayer Leverkusen,0,1,0.27,2.76,
Bundesliga,2023-2024,2024-04-06,Freiburg,RasenBallsport Leipzig,1,4,1.56,2.89,
Bundesliga,2023-2024,2024-04-06,Mainz 05,Darmstadt,4,0,3.85,0.56,
Bundesliga,2023-2024,2024-04-06,FC Heidenheim,Bayern Munich,3,2,1.35,2.12,
Bundesliga,2023-2024,2024-04-06,FC Cologne,Bochum,2,1,1.24,0.78,
Bundesliga,2023-2024,2024-04-06,Borussia Dortmund,VfB Stuttgart,0,1,2.95,1.83,
Bundesliga,2023-2024,2024-04-07,Hoffenheim,Augsburg,3,1,2.22,0.81,
Bundesliga,2023-2024,2024-04-07,Wolfsburg,Borussia M.Gladbach,1,3,1.27,1.39,
Bundesliga,2023-2024,2024-04-12,Augsburg,Union Berlin,2,0,1.71,1.55,
Bundesliga,2023-2024,2024-04-13,Bayern Munich,FC Cologne,2,0,2.35,0.77,
Bundesliga,2023-2024,2024-04-13,RasenBallsport Leipzig,Wolfsburg,3,0,1.68,0.32,
Bundesliga,2023-2024,2024-04-13,Mainz 05,Hoffenheim,4,1,2.58,0.53,
Bundesliga,2023-2024,2024-04-13,Borussia M.Gladbach,Borussia Dortmund,1,2,1.17,1.81,
Bundesliga,2023-2024,2024-04-13,Bochum,FC Heidenheim,1,1,1.12,1.41,
Bundesliga,2023-2024,2024-04-13,VfB Stuttgart,Eintracht Frankfurt,3,0,1.26,0.57,
Bundesliga,2023-2024,2024-04-14,Darmstadt,Freiburg,0,1,0.96,1.34,
Bundesliga,2023-2024,2024-04-14,Bayer Leverkusen,Werder Bremen,5,0,3.34,0.89,
Bundesliga,2023-2024,2024-04-19,Eintracht Frankfurt,Augsburg,3,1,1.89,0.6,
Bundesliga,2023-2024,2024-04-20,Wolfsburg,Bochum,1,0,1.35,1.38,
Bundesliga,2023-2024,2024-04-20,FC Cologne,Darmstadt,0,2,1.11,1.95,
Bundesliga,2023-2024,2024-04-20,Hoffenheim,Borussia M.Gladbach,4,3,2.77,1.36,
Bundesliga,2023-2024,2024-04-20,FC Heidenheim,RasenBallsport Leipzig,1,2,1.35,1.58,
Bundesliga,2023-2024,2024-04-20,Union Berlin,Bayern Munich,1,5,1.07,1.93,
Bundesliga,2023-2024,2024-04-21,Werder Bremen,VfB Stuttgart,2,1,1.41,3.32,
Bundesliga,2023-2024,2024-04-21,Borussia Dortmund,Bayer Leverkusen,1,1,0.77,1.51,
Bundesliga,2023-2024,2024-04-21,Freiburg,Mainz 05,1,1,1.26,1.48,
Bundesliga,2023-2024,2024-04-26,Bochum,Hoffenheim,3,2,3.91,1.28,
Bundesliga,2023-2024,2024-04-27,Bayern Munich,Eintracht Frankfurt,2,1,3.3,0.39,
Bundesliga,2023-2024,2024-04-27,RasenBallsport Leipzig,Borussia Dortmund,4,1,2.75,1.78,
Bundesliga,2023-2024,2024-04-27,Freiburg,Wolfsburg,1,2,1.86,0.58,
Bundesliga,2023-2024,2024-04-27,Augsburg,Werder Bremen,0,3,0.54,2.53,
Bundesliga,2023-2024,2024-04-27,Bayer Leverkusen,VfB Stuttgart,2,2,1.67,2.02,
Bundesliga,2023-2024,2024-04-28,Borussia M.Gladbach,Union Berlin,0,0,1.21,1.11,
Bundesliga,2023-2024,2024-04-28,Mainz 05,FC Cologne,1,1,1.89,2.86,
Bundesliga,2023-2024,2024-04-28,Darmstadt,FC Heidenheim,0,1,0.53,1.49,
Bundesliga,2023-2024,2024-05-03,Hoffenheim,RasenBallsport Leipzig,1,1,1.8,1.03,
Bundesliga,2023-2024,2024-05-04,Borussia Dortmund,Augsburg,5,1,3.67,2.57,
Bundesliga,2023-2024,2024-05-04,Wolfsburg,Darmstadt,3,0,3.16,0.37,
Bundesliga,2023-2024,2024-05-04,Werder Bremen,Borussia M.Gladbach,2,2,1.32,2.29,
Bundesliga,2023-2024,2024-05-04,VfB Stuttgart,Bayern Munich,3,1,2.01,1.93,
Bundesliga,2023-2024,2024-05-04,FC Cologne,Freiburg,0,0,1.09,1.13,
Bundesliga,2023-2024,2024-05-05,Union Berlin,Bochum,3,4,1.5,1.85,
Bundesliga,2023-2024,2024-05-05,Eintracht Frankfurt,Bayer Leverkusen,1,5,1.58,3.11,
Bundesliga,2023-2024,2024-05-05,FC Heidenheim,Mainz 05,1,1,1.43,2.23,
Bundesliga,2023-2024,2024-05-10,Augsburg,VfB Stuttgart,0,1,0.56,1.83,
Bundesliga,2023-2024,2024-05-11,RasenBallsport Leipzig,Werder Bremen,1,1,1.61,1.03,
Bundesliga,2023-2024,2024-05-11,Freiburg,FC Heidenheim,1,1,1.87,0.63,
Bundesliga,2023-2024,2024-05-11,Borussia M.Gladbach,Eintracht Frankfurt,1,1,0.32,2.33,
Bundesliga,2023-2024,2024-05-11,FC Cologne,Union Berlin,3,2,3.02,1.66,
Bundesliga,2023-2024,2024-05-11,Mainz 05,Borussia Dortmund,3,0,3.05,0.4,
Bundesliga,2023-2024,2024-05-12,Darmstadt,Hoffenheim,0,6,0.47,3.67,
Bundesliga,2023-2024,2024-05-12,Bayern Munich,Wolfsburg,2,0,0.37,0.13,
Bundesliga,2023-2024,2024-05-12,Bochum,Bayer Leverkusen,0,5,0.22,4.59,
Bundesliga,2023-2024,2024-05-18,Borussia Dortmund,Darmstadt,4,0,3.05,0.28,
Bundesliga,2023-2024,2024-05-18,Union Berlin,Freiburg,2,1,2.29,0.96,
Bundesliga,2023-2024,2024-05-18,Bayer Leverkusen,Augsburg,2,1,2.4,1.2,
Bundesliga,2023-2024,2024-05-18,Eintracht Frankfurt,RasenBallsport Leipzig,2,2,2.62,1.79,
Bundesliga,2023-2024,2024-05-18,Wolfsburg,Mainz 05,1,3,1.52,2.37,
Bundesliga,2023-2024,2024-05-18,Hoffenheim,Bayern Munich,4,2,2.44,1.69,
Bundesliga,2023-2024,2024-05-18,Werder Bremen,Bochum,4,1,3.81,2.14,
Bundesliga,2023-2024,2024-05-18,VfB Stuttgart,Borussia M.Gladbach,4,0,2.11,1.65,
Bundesliga,2023-2024,2024-05-18,FC Heidenheim,FC Cologne,4,1,1.46,2.7,
Bundesliga,2024-2025,2024-08-23,Borussia M.Gladbach,Bayer Leverkusen,2,3,1.52,3.24,
Bundesliga,2024-2025,2024-08-24,RasenBallsport Leipzig,Bochum,1,0,0.94,1.32,
Bundesliga,2024-2025,2024-08-24,Hoffenheim,Holstein Kiel,3,2,3.74,1.97,
Bundesliga,2024-2025,2024-08-24,Freiburg,VfB Stuttgart,3,1,3.01,0.37,
Bundesliga,2024-2025,2024-08-24,Augsburg,Werder Bremen,2,2,1.32,1.54,
Bundesliga,2024-2025,2024-08-24,Mainz 05,Union Berlin,1,1,1.77,0.73,
Bundesliga,2024-2025,2024-08-24,Borussia Dortmund,Eintracht Frankfurt,2,0,1.93,1.15,
Bundesliga,2024-2025,2024-08-25,Wolfsburg,Bayern Munich,2,3,2.08,2.18,
Bundesliga,2024-2025,2024-08-25,St. Pauli,FC Heidenheim,0,2,1.16,1.17,
Bundesliga,2024-2025,2024-08-30,Union Berlin,St. Pauli,1,0,1.05,0.64,
Bundesliga,2024-2025,2024-08-31,Bochum,Borussia M.Gladbach,0,2,0.92,2.67,
Bundesliga,2024-2025,2024-08-31,Werder Bremen,Borussia Dortmund,0,0,0.28,0.92,
Bundesliga,2024-2025,2024-08-31,Holstein Kiel,Wolfsburg,0,2,0.89,1.46,
Bundesliga,2024-2025,2024-08-31,VfB Stuttgart,Mainz 05,3,3,4.21,1.95,
Bundesliga,2024-2025,2024-08-31,Eintracht Frankfurt,Hoffenheim,3,1,2.69,0.83,
Bundesliga,2024-2025,2024-08-31,Bayer Leverkusen,RasenBallsport Leipzig,2,3,3.42,1.51,
Bundesliga,2024-2025,2024-09-01,FC Heidenheim,Augsburg,4,0,3.09,0.64,
Bundesliga,2024-2025,2024-09-01,Bayern Munich,Freiburg,2,0,1.63,0.97,
Bundesliga,2024-2025,2024-09-13,Borussia Dortmund,FC Heidenheim,4,2,2.84,1.61,
Bundesliga,2024-2025,2024-09-14,Hoffenheim,Bayer Leverkusen,1,4,1.06,3.42,
Bundesliga,2024-2025,2024-09-14,Freiburg,Bochum,2,1,3.96,1.11,
Bundesliga,2024-2025,2024-09-14,RasenBallsport Leipzig,Union Berlin,0,0,1.29,0.86,
Bundesliga,2024-2025,2024-09-14,Wolfsburg,Eintracht Frankfurt,1,2,1.23,2.87,
Bundesliga,2024-2025,2024-09-14,Borussia M.Gladbach,VfB Stuttgart,1,3,2.05,2.72,
Bundesliga,2024-2025,2024-09-14,Holstein Kiel,Bayern Munich,1,6,0.3,4.13,
Bundesliga,2024-2025,2024-09-15,Augsburg,St. Pauli,3,1,2.61,0.49,
Bundesliga,2024-2025,2024-09-15,Mainz 05,Werder Bremen,1,2,1.67,1.81,
Bundesliga,2024-2025,2024-09-20,Augsburg,Mainz 05,2,3,2.8,1.26,
Bundesliga,2024-2025,2024-09-21,Union Berlin,Hoffenheim,2,1,1.22,0.38,
Bundesliga,2024-2025,2024-09-21,Bochum,Holstein Kiel,2,2,1.32,2.27,
Bundesliga,2024-2025,2024-09-21,FC Heidenheim,Freiburg,0,3,0.38,1.24,
Bundesliga,2024-2025,2024-09-21,Werder Bremen,Bayern Munich,0,5,0.0,3.34,
Bundesliga,2024-2025,2024-09-21,Eintracht Frankfurt,Borussia M.Gladbach,2,0,2.93,1.2,
Bundesliga,2024-2025,2024-09-22,Bayer Leverkusen,Wolfsburg,4,3,1.72,0.84,
Bundesliga,2024-2025,2024-09-22,VfB Stuttgart,Borussia Dortmund,5,1,3.56,0.61,
Bundesliga,2024-2025,2024-09-22,St. Pauli,RasenBallsport Leipzig,0,0,1.67,0.84,
Bundesliga,2024-2025,2024-09-27,Borussia Dortmund,Bochum,4,2,4.17,1.03,
Bundesliga,2024-2025,2024-09-28,Freiburg,St. Pauli,0,3,1.1,1.41,
Bundesliga,2024-2025,2024-09-28,Wolfsburg,VfB Stuttgart,2,2,1.04,2.58,
Bundesliga,2024-2025,2024-09-28,Mainz 05,FC Heidenheim,0,2,0.37,1.09,
Bundesliga,2024-2025,2024-09-28,Borussia M.Gladbach,Union Berlin,1,0,1.38,0.73,
Bundesliga,2024-2025,2024-09-28,RasenBallsport Leipzig,Augsburg,4,0,2.82,1.07,
Bundesliga,2024-2025,2024-09-28,Bayern Munich,Bayer Leverkusen,1,1,1.19,0.09,
Bundesliga,2024-2025,2024-09-29,Holstein Kiel,Eintracht Frankfurt,2,4,1.03,2.43,
Bundesliga,2024-2025,2024-09-29,Hoffenheim,Werder Bremen,3,4,1.79,4.07,
Bundesliga,2024-2025,2024-10-04,Augsburg,Borussia M.Gladbach,2,1,1.76,0.81,
Bundesliga,2024-2025,2024-10-05,Werder Bremen,Freiburg,0,1,0.88,1.58,
Bundesliga,2024-2025,2024-10-05,Union Berlin,Borussia Dortmund,2,1,1.53,0.75,
Bundesliga,2024-2025,2024-10-05,Bochum,Wolfsburg,1,3,2.29,2.37,
Bundesliga,2024-2025,2024-10-05,Bayer Leverkusen,Holstein Kiel,2,2,2.58,1.98,
Bundesliga,2024-2025,2024-10-05,St. Pauli,Mainz 05,0,3,0.81,1.3,
Bundesliga,2024-2025,2024-10-06,FC Heidenheim,RasenBallsport Leipzig,0,1,1.08,1.82,
Bundesliga,2024-2025,2024-10-06,Eintracht Frankfurt,Bayern Munich,3,3,1.5,2.83,
Bundesliga,2024-2025,2024-10-06,VfB Stuttgart,Hoffenheim,1,1,1.73,0.89,
Bundesliga,2024-2025,2024-10-18,Borussia Dortmund,St. Pauli,2,1,3.97,1.07,
Bundesliga,2024-2025,2024-10-19,Bayer Leverkusen,Eintracht Frankfurt,2,1,4.07,1.55,
Bundesliga,2024-2025,2024-10-19,Hoffenheim,Bochum,3,1,2.46,2.35,
Bundesliga,2024-2025,2024-10-19,Freiburg,Augsburg,3,1,1.08,0.87,
Bundesliga,2024-2025,2024-10-19,Mainz 05,RasenBallsport Leipzig,0,2,0.61,2.16,
Bundesliga,2024-2025,2024-10-19,Borussia M.Gladbach,FC Heidenheim,3,2,4.15,1.9,
Bundesliga,2024-2025,2024-10-19,Bayern Munich,VfB Stuttgart,4,0,3.62,0.29,
Bundesliga,2024-2025,2024-10-20,Holstein Kiel,Union Berlin,0,2,0.9,1.28,
Bundesliga,2024-2025,2024-10-20,Wolfsburg,Werder Bremen,2,4,2.17,2.15,
Bundesliga,2024-2025,2024-10-25,Mainz 05,Borussia M.Gladbach,1,1,1.46,0.93,
Bundesliga,2024-2025,2024-10-26,VfB Stuttgart,Holstein Kiel,2,1,1.91,0.68,
Bundesliga,2024-2025,2024-10-26,RasenBallsport Leipzig,Freiburg,3,1,2.69,1.76,
Bundesliga,2024-2025,2024-10-26,Augsburg,Borussia Dortmund,2,1,0.56,0.78,
Bundesliga,2024-2025,2024-10-26,St. Pauli,Wolfsburg,0,0,0.73,0.94,
Bundesliga,2024-2025,2024-10-26,Werder Bremen,Bayer Leverkusen,2,2,1.79,1.31,
Bundesliga,2024-2025,2024-10-27,Bochum,Bayern Munich,0,5,0.21,3.15,
Bundesliga,2024-2025,2024-10-27,Union Berlin,Eintracht Frankfurt,1,1,1.86,1.54,
Bundesliga,2024-2025,2024-10-27,FC Heidenheim,Hoffenheim,0,0,1.58,0.69,
Bundesliga,2024-2025,2024-11-01,Bayer Leverkusen,VfB Stuttgart,0,0,2.78,0.22,
Bundesliga,2024-2025,2024-11-02,Bayern Munich,Union Berlin,3,0,2.76,0.47,
Bundesliga,2024-2025,2024-11-02,Eintracht Frankfurt,Bochum,7,2,3.83,2.09,
Bundesliga,2024-2025,2024-11-02,Hoffenheim,St. Pauli,0,2,0.75,1.12,
Bundesliga,2024-2025,2024-11-02,Wolfsburg,Augsburg,1,1,1.11,0.5,
Bundesliga,2024-2025,2024-11-02,Holstein Kiel,FC Heidenheim,1,0,2.13,1.28,
Bundesliga,2024-2025,2024-11-02,Borussia Dortmund,RasenBallsport Leipzig,2,1,3.3,0.24,
Bundesliga,2024-2025,2024-11-03,Freiburg,Mainz 05,0,0,0.46,0.9,
Bundesliga,2024-2025,2024-11-03,Borussia M.Gladbach,Werder Bremen,4,1,2.96,1.3,
Bundesliga,2024-2025,2024-11-08,Union Berlin,Freiburg,0,0,0.8,2.67,
Bundesliga,2024-2025,2024-11-09,Werder Bremen,Holstein Kiel,2,1,2.26,0.88,
Bundesliga,2024-2025,2024-11-09,Mainz 05,Borussia Dortmund,3,1,3.19,0.85,
Bundesliga,2024-2025,2024-11-09,Bochum,Bayer Leverkusen,1,1,0.78,1.41,
Bundesliga,2024-2025,2024-11-09,St. Pauli,Bayern Munich,0,1,0.08,1.67,
Bundesliga,2024-2025,2024-11-09,RasenBallsport Leipzig,Borussia M.Gladbach,0,0,0.85,1.32,
Bundesliga,2024-2025,2024-11-10,Augsburg,Hoffenheim,0,0,0.97,0.42,
Bundesliga,2024-2025,2024-11-10,VfB Stuttgart,Eintracht Frankfurt,2,3,2.82,1.94,
Bundesliga,2024-2025,2024-11-10,FC Heidenheim,Wolfsburg,1,3,2.62,1.55,
Bundesliga,2024-2025,2024-11-22,Bayern Munich,Augsburg,3,0,4.03,0.15,
Bundesliga,2024-2025,2024-11-23,Bayer Leverkusen,FC Heidenheim,5,2,2.03,1.03,
Bundesliga,2024-2025,2024-11-23,VfB Stuttgart,Bochum,2,0,2.06,0.65,
Bundesliga,2024-2025,2024-11-23,Borussia Dortmund,Freiburg,4,0,1.5,1.2,
Bundesliga,2024-2025,2024-11-23,Hoffenheim,RasenBallsport Leipzig,4,3,2.6,1.73,
Bundesliga,2024-2025,2024-11-23,Wolfsburg,Union Berlin,1,0,0.74,0.63,
Bundesliga,2024-2025,2024-11-23,Eintracht Frankfurt,Werder Bremen,1,0,1.47,0.63,
Bundesliga,2024-2025,2024-11-24,Holstein Kiel,Mainz 05,0,3,0.35,2.14,
Bundesliga,2024-2025,2024-11-24,Borussia M.Gladbach,St. Pauli,2,0,2.99,1.15,
Bundesliga,2024-2025,2024-11-30,RasenBallsport Leipzig,Wolfsburg,1,5,1.45,2.7,
Bundesliga,2024-2025,2024-11-30,Werder Bremen,VfB Stuttgart,2,2,2.15,1.67,
Bundesliga,2024-2025,2024-11-30,Freiburg,Borussia M.Gladbach,3,1,2.15,1.28,
Bundesliga,2024-2025,2024-11-30,Augsburg,Bochum,1,0,2.16,0.25,
Bundesliga,2024-2025,2024-11-30,Union Berlin,Bayer Leverkusen,1,2,1.11,0.91,
Bundesliga,2024-2025,2024-11-30,St. Pauli,Holstein Kiel,3,1,1.96,1.15,
Bundesliga,2024-2025,2024-11-30,Borussia Dortmund,Bayern Munich,1,1,0.56,1.83,
Bundesliga,2024-2025,2024-12-01,FC Heidenheim,Eintracht Frankfurt,0,4,0.86,3.19,
Bundesliga,2024-2025,2024-12-01,Mainz 05,Hoffenheim,2,0,2.63,0.81,
Bundesliga,2024-2025,2024-12-06,VfB Stuttgart,Union Berlin,3,2,1.81,1.86,
Bundesliga,2024-2025,2024-12-07,Bayer Leverkusen,St. Pauli,2,1,0.73,2.18,
Bundesliga,2024-2025,2024-12-07,Bochum,Werder Bremen,0,1,1.16,1.21,
Bundesliga,2024-2025,2024-12-07,Holstein Kiel,RasenBallsport Leipzig,0,2,1.15,1.73,
Bundesliga,2024-2025,2024-12-07,Bayern Munich,FC Heidenheim,4,2,3.09,1.17,
Bundesliga,2024-2025,2024-12-07,Eintracht Frankfurt,Augsburg,2,2,1.53,1.17,
Bundesliga,2024-2025,2024-12-07,Borussia M.Gladbach,Borussia Dortmund,1,1,1.1,1.59,
Bundesliga,2024-2025,2024-12-08,Wolfsburg,Mainz 05,4,3,1.49,3.02,
Bundesliga,2024-2025,2024-12-08,Hoffenheim,Freiburg,1,1,1.49,1.53,
Bundesliga,2024-2025,2024-12-13,Freiburg,Wolfsburg,3,2,2.97,1.85,
Bundesliga,2024-2025,2024-12-14,Augsburg,Bayer Leverkusen,0,2,0.44,1.02,
Bundesliga,2024-2025,2024-12-14,Mainz 05,Bayern Munich,2,1,1.64,0.99,
Bundesliga,2024-2025,2024-12-14,Borussia M.Gladbach,Holstein Kiel,4,1,2.33,0.32,
Bundesliga,2024-2025,2024-12-14,Union Berlin,Bochum,1,1,3.01,1.24,
Bundesliga,2024-2025,2024-12-14,St. Pauli,Werder Bremen,0,2,0.52,0.99,
Bundesliga,2024-2025,2024-12-15,FC Heidenheim,VfB Stuttgart,1,3,0.81,3.46,
Bundesliga,2024-2025,2024-12-15,Borussia Dortmund,Hoffenheim,1,1,0.43,1.31,
Bundesliga,2024-2025,2024-12-15,RasenBallsport Leipzig,Eintracht Frankfurt,2,1,2.5,0.84,
Bundesliga,2024-2025,2024-12-20,Bayern Munich,RasenBallsport Leipzig,5,1,4.36,0.55,
Bundesliga,2024-2025,2024-12-21,VfB Stuttgart,St. Pauli,0,1,2.42,2.58,
Bundesliga,2024-2025,2024-12-21,Eintracht Frankfurt,Mainz 05,1,3,2.59,0.75,
Bundesliga,2024-2025,2024-12-21,Hoffenheim,Borussia M.Gladbach,1,2,3.72,0.49,
Bundesliga,2024-2025,2024-12-21,Werder Bremen,Union Berlin,4,1,2.73,1.64,
Bundesliga,2024-2025,2024-12-21,Holstein Kiel,Augsburg,5,1,2.49,1.13,
Bundesliga,2024-2025,2024-12-21,Bayer Leverkusen,Freiburg,5,1,3.26,1.34,
Bundesliga,2024-2025,2024-12-22,Bochum,FC Heidenheim,2,0,1.68,0.51,
Bundesliga,2024-2025,2024-12-22,Wolfsburg,Borussia Dortmund,1,3,1.95,2.41,
Bundesliga,2024-2025,2025-01-10,Borussia Dortmund,Bayer Leverkusen,2,3,1.49,1.88,
Bundesliga,2024-2025,2025-01-11,Hoffenheim,Wolfsburg,0,1,1.18,1.49,
Bundesliga,2024-2025,2025-01-11,FC Heidenheim,Union Berlin,2,0,1.76,1.03,
Bundesliga,2024-2025,2025-01-11,Freiburg,Holstein Kiel,3,2,0.75,1.67,
Bundesliga,2024-2025,2025-01-11,Mainz 05,Bochum,2,0,1.72,0.7,
Bundesliga,2024-2025,2025-01-11,St. Pauli,Eintracht Frankfurt,0,1,2.55,2.24,
Bundesliga,2024-2025,2025-01-11,Borussia M.Gladbach,Bayern Munich,0,1,0.33,4.48,
Bundesliga,2024-2025,2025-01-12,RasenBallsport Leipzig,Werder Bremen,4,2,2.65,1.33,
Bundesliga,2024-2025,2025-01-12,Augsburg,VfB Stuttgart,0,1,0.34,2.62,
Bundesliga,2024-2025,2025-01-14,Holstein Kiel,Borussia Dortmund,4,2,1.96,1.16,
Bundesliga,2024-2025,2025-01-14,Bayer Leverkusen,Mainz 05,1,0,1.99,0.6,
Bundesliga,2024-2025,2025-01-14,Eintracht Frankfurt,Freiburg,4,1,2.82,0.59,
Bundesliga,2024-2025,2025-01-14,Wolfsburg,Borussia M.Gladbach,5,1,3.73,0.86,
Bundesliga,2024-2025,2025-01-15,Bochum,St. Pauli,1,0,1.82,1.15,
Bundesliga,2024-2025,2025-01-15,VfB Stuttgart,RasenBallsport Leipzig,2,1,2.43,0.71,
Bundesliga,2024-2025,2025-01-15,Bayern Munich,Hoffenheim,5,0,3.8,0.22,
Bundesliga,2024-2025,2025-01-15,Werder Bremen,FC Heidenheim,3,3,1.87,1.92,
Bundesliga,2024-2025,2025-01-15,Union Berlin,Augsburg,0,2,0.55,1.42,
Bundesliga,2024-2025,2025-01-17,Eintracht Frankfurt,Borussia Dortmund,2,0,2.05,0.58,
Bundesliga,2024-2025,2025-01-18,VfB Stuttgart,Freiburg,4,0,2.27,0.19,
Bundesliga,2024-2025,2025-01-18,Bayern Munich,Wolfsburg,3,2,3.23,0.7,
Bundesliga,2024-2025,2025-01-18,FC Heidenheim,St. Pauli,0,2,0.92,2.23,
Bundesliga,2024-2025,2025-01-18,Bochum,RasenBallsport Leipzig,3,3,2.76,2.39,
Bundesliga,2024-2025,2025-01-18,Holstein Kiel,Hoffenheim,1,3,0.91,0.91,
Bundesliga,2024-2025,2025-01-18,Bayer Leverkusen,Borussia M.Gladbach,3,1,2.08,0.47,
Bundesliga,2024-2025,2025-01-19,Union Berlin,Mainz 05,2,1,2.45,1.4,
Bundesliga,2024-2025,2025-01-19,Werder Bremen,Augsburg,0,2,1.15,1.32,
Bundesliga,2024-2025,2025-01-24,Wolfsburg,Holstein Kiel,2,2,2.52,0.27,
Bundesliga,2024-2025,2025-01-25,RasenBallsport Leipzig,Bayer Leverkusen,2,2,0.71,2.58,
Bundesliga,2024-2025,2025-01-25,Borussia Dortmund,Werder Bremen,2,2,1.49,1.12,
Bundesliga,2024-2025,2025-01-25,Mainz 05,VfB Stuttgart,2,0,2.23,0.92,
Bundesliga,2024-2025,2025-01-25,Augsburg,FC Heidenheim,2,1,1.64,0.95,
Bundesliga,2024-2025,2025-01-25,Freiburg,Bayern Munich,1,2,0.27,0.79,
Bundesliga,2024-2025,2025-01-25,Borussia M.Gladbach,Bochum,3,0,2.93,0.76,
Bundesliga,2024-2025,2025-01-26,Hoffenheim,Eintracht Frankfurt,2,2,2.32,2.3,
Bundesliga,2024-2025,2025-01-26,St. Pauli,Union Berlin,3,0,1.4,0.99,
Bundesliga,2024-2025,2025-01-31,Werder Bremen,Mainz 05,1,0,2.59,1.02,
Bundesliga,2024-2025,2025-02-01,Bochum,Freiburg,0,1,0.84,3.33,
Bundesliga,2024-2025,2025-02-01,St. Pauli,Augsburg,1,1,0.85,0.19,
Bundesliga,2024-2025,2025-02-01,VfB Stuttgart,Borussia M.Gladbach,1,2,0.95,1.97,
Bundesliga,2024-2025,2025-02-01,Bayern Munich,Holstein Kiel,4,3,4.93,2.06,
Bundesliga,2024-2025,2025-02-01,FC Heidenheim,Borussia Dortmund,1,2,0.53,2.68,
Bundesliga,2024-2025,2025-02-01,Union Berlin,RasenBallsport Leipzig,0,0,1.75,0.24,
Bundesliga,2024-2025,2025-02-02,Eintracht Frankfurt,Wolfsburg,1,1,1.7,1.46,
Bundesliga,2024-2025,2025-02-02,Bayer Leverkusen,Hoffenheim,3,1,1.35,1.95,
Bundesliga,2024-2025,2025-02-07,Bayern Munich,Werder Bremen,3,0,4.48,0.15,
Bundesliga,2024-2025,2025-02-08,Borussia Dortmund,VfB Stuttgart,1,2,1.07,0.45,
Bundesliga,2024-2025,2025-02-08,Hoffenheim,Union Berlin,0,4,0.88,3.87,
Bundesliga,2024-2025,2025-02-08,Freiburg,FC Heidenheim,1,0,1.33,0.43,
Bundesliga,2024-2025,2025-02-08,Wolfsburg,Bayer Leverkusen,0,0,0.9,1.66,
Bundesliga,2024-2025,2025-02-08,Mainz 05,Augsburg,0,0,2.0,0.26,
Bundesliga,2024-2025,2025-02-08,Borussia M.Gladbach,Eintracht Frankfurt,1,1,0.66,2.55,
Bundesliga,2024-2025,2025-02-09,Holstein Kiel,Bochum,2,2,2.0,2.0,
Bundesliga,2024-2025,2025-02-09,RasenBallsport Leipzig,St. Pauli,2,0,1.9,0.72,
Bundesliga,2024-2025,2025-02-14,Augsburg,RasenBallsport Leipzig,0,0,1.05,1.65,
Bundesliga,2024-2025,2025-02-15,VfB Stuttgart,Wolfsburg,1,2,1.22,1.76,
Bundesliga,2024-2025,2025-02-15,Union Berlin,Borussia M.Gladbach,1,2,1.67,2.22,
Bundesliga,2024-2025,2025-02-15,Bochum,Borussia Dortmund,2,0,3.37,2.71,
Bundesliga,2024-2025,2025-02-15,St. Pauli,Freiburg,0,1,0.19,1.25,
Bundesliga,2024-2025,2025-02-15,Bayer Leverkusen,Bayern Munich,0,0,2.56,0.07,
Bundesliga,2024-2025,2025-02-16,Werder Bremen,Hoffenheim,1,3,0.86,1.92,
Bundesliga,2024-2025,2025-02-16,Eintracht Frankfurt,Holstein Kiel,3,1,3.03,1.27,
Bundesliga,2024-2025,2025-02-16,FC Heidenheim,Mainz 05,0,2,0.55,1.95,
Bundesliga,2024-2025,2025-02-21,Freiburg,Werder Bremen,5,0,2.66,1.25,
Bundesliga,2024-2025,2025-02-22,Wolfsburg,Bochum,1,1,2.16,1.47,
Bundesliga,2024-2025,2025-02-22,Mainz 05,St. Pauli,2,0,1.36,0.9,
Bundesliga,2024-2025,2025-02-22,Borussia M.Gladbach,Augsburg,0,3,0.8,1.74,
Bundesliga,2024-2025,2025-02-22,Holstein Kiel,Bayer Leverkusen,0,2,0.49,2.56,
Bundesliga,2024-2025,2025-02-22,Borussia Dortmund,Union Berlin,6,0,5.44,0.37,
Bundesliga,2024-2025,2025-02-23,RasenBallsport Leipzig,FC Heidenheim,2,2,1.65,0.83,
Bundesliga,2024-2025,2025-02-23,Bayern Munich,Eintracht Frankfurt,4,0,4.49,0.49,
Bundesliga,2024-2025,2025-02-23,Hoffenheim,VfB Stuttgart,1,1,0.71,3.67,
Bundesliga,2024-2025,2025-02-28,VfB Stuttgart,Bayern Munich,1,3,0.65,2.3,
Bundesliga,2024-2025,2025-03-01,RasenBallsport Leipzig,Mainz 05,1,2,1.78,1.65,
Bundesliga,2024-2025,2025-03-01,FC Heidenheim,Borussia M.Gladbach,0,3,1.88,1.72,
Bundesliga,2024-2025,2025-03-01,Werder Bremen,Wolfsburg,1,2,2.1,1.12,
Bundesliga,2024-2025,2025-03-01,St. Pauli,Borussia Dortmund,0,2,0.29,2.24,
Bundesliga,2024-2025,2025-03-01,Bochum,Hoffenheim,0,1,1.45,0.53,
Bundesliga,2024-2025,2025-03-01,Eintracht Frankfurt,Bayer Leverkusen,1,4,1.0,2.37,
Bundesliga,2024-2025,2025-03-02,Union Berlin,Holstein Kiel,0,1,0.89,0.69,
Bundesliga,2024-2025,2025-03-02,Augsburg,Freiburg,0,0,2.22,0.8,
Bundesliga,2024-2025,2025-03-07,Borussia M.Gladbach,Mainz 05,1,3,1.26,1.99,
Bundesliga,2024-2025,2025-03-08,Bayer Leverkusen,Werder Bremen,0,2,1.36,1.68,
Bundesliga,2024-2025,2025-03-08,Bayern Munich,Bochum,2,3,2.73,1.36,
Bundesliga,2024-2025,2025-03-08,Borussia Dortmund,Augsburg,0,1,1.11,0.25,
Bundesliga,2024-2025,2025-03-08,Wolfsburg,St. Pauli,1,1,1.97,1.24,
Bundesliga,2024-2025,2025-03-08,Holstein Kiel,VfB Stuttgart,2,2,1.97,1.07,
Bundesliga,2024-2025,2025-03-08,Freiburg,RasenBallsport Leipzig,0,0,0.51,2.03,
Bundesliga,2024-2025,2025-03-09,Eintracht Frankfurt,Union Berlin,1,2,2.01,0.73,
Bundesliga,2024-2025,2025-03-09,Hoffenheim,FC Heidenheim,1,1,1.78,2.31,
Bundesliga,2024-2025,2025-03-14,St. Pauli,Hoffenheim,1,0,1.44,0.2,
Bundesliga,2024-2025,2025-03-15,Werder Bremen,Borussia M.Gladbach,2,4,2.98,2.32,
Bundesliga,2024-2025,2025-03-15,Augsburg,Wolfsburg,1,0,0.6,0.76,
Bundesliga,2024-2025,2025-03-15,Mainz 05,Freiburg,2,2,1.33,2.93,
Bundesliga,2024-2025,2025-03-15,Union Berlin,Bayern Munich,1,1,0.8,1.84,
Bundesliga,2024-2025,2025-03-15,RasenBallsport Leipzig,Borussia Dortmund,2,0,2.56,4.1,
Bundesliga,2024-2025,2025-03-16,Bochum,Eintracht Frankfurt,1,3,1.88,3.29,
Bundesliga,2024-2025,2025-03-16,FC Heidenheim,Holstein Kiel,3,1,1.66,1.15,
Bundesliga,2024-2025,2025-03-16,VfB Stuttgart,Bayer Leverkusen,3,4,2.85,2.07,
Bundesliga,2024-2025,2025-03-28,Bayer Leverkusen,Bochum,3,1,2.08,0.7,
Bundesliga,2024-2025,2025-03-29,Bayern Munich,St. Pauli,3,2,4.0,0.84,
Bundesliga,2024-2025,2025-03-29,Borussia M.Gladbach,RasenBallsport Leipzig,1,0,1.8,0.93,
Bundesliga,2024-2025,2025-03-29,Wolfsburg,FC Heidenheim,0,1,1.24,1.31,
Bundesliga,2024-2025,2025-03-29,Hoffenheim,Augsburg,1,1,1.95,0.69,
Bundesliga,2024-2025,2025-03-29,Holstein Kiel,Werder Bremen,0,3,0.56,1.48,
Bundesliga,2024-2025,2025-03-29,Eintracht Frankfurt,VfB Stuttgart,1,0,3.69,0.86,
Bundesliga,2024-2025,2025-03-30,Freiburg,Union Berlin,1,2,1.01,1.39,
Bundesliga,2024-2025,2025-03-30,Borussia Dortmund,Mainz 05,3,1,2.7,0.65,
Bundesliga,2024-2025,2025-04-04,Augsburg,Bayern Munich,1,3,0.57,1.92,
Bundesliga,2024-2025,2025-04-05,RasenBallsport Leipzig,Hoffenheim,3,1,1.4,1.19,
Bundesliga,2024-2025,2025-04-05,FC Heidenheim,Bayer Leverkusen,0,1,1.3,0.37,
Bundesliga,2024-2025,2025-04-05,Freiburg,Borussia Dortmund,1,4,2.03,3.55,
Bundesliga,2024-2025,2025-04-05,Mainz 05,Holstein Kiel,1,1,1.65,1.66,
Bundesliga,2024-2025,2025-04-05,Bochum,VfB Stuttgart,0,4,0.82,2.65,
Bundesliga,2024-2025,2025-04-05,Werder Bremen,Eintracht Frankfurt,2,0,1.23,0.52,
Bundesliga,2024-2025,2025-04-06,St. Pauli,Borussia M.Gladbach,1,1,2.19,0.65,
Bundesliga,2024-2025,2025-04-06,Union Berlin,Wolfsburg,1,0,1.55,1.8,
Bundesliga,2024-2025,2025-04-11,Wolfsburg,RasenBallsport Leipzig,2,3,1.84,1.6,
Bundesliga,2024-2025,2025-04-12,Bayer Leverkusen,Union Berlin,0,0,0.5,0.51,
Bundesliga,2024-2025,2025-04-12,Hoffenheim,Mainz 05,2,0,1.42,0.97,
Bundesliga,2024-2025,2025-04-12,Borussia M.Gladbach,Freiburg,1,2,0.52,2.32,
Bundesliga,2024-2025,2025-04-12,Bochum,Augsburg,1,2,1.86,1.03,
Bundesliga,2024-2025,2025-04-12,Holstein Kiel,St. Pauli,1,2,0.69,1.07,
Bundesliga,2024-2025,2025-04-12,Bayern Munich,Borussia Dortmund,2,2,2.95,1.72,
Bundesliga,2024-2025,2025-04-13,VfB Stuttgart,Werder Bremen,1,2,1.75,1.65,
Bundesliga,2024-2025,2025-04-13,Eintracht Frankfurt,FC Heidenheim,3,0,3.65,1.29,
Bundesliga,2024-2025,2025-04-19,RasenBallsport Leipzig,Holstein Kiel,1,1,2.17,1.02,
Bundesliga,2024-2025,2025-04-19,FC Heidenheim,Bayern Munich,0,4,0.53,3.54,
Bundesliga,2024-2025,2025-04-19,Werder Bremen,Bochum,1,0,2.71,0.49,
Bundesliga,2024-2025,2025-04-19,Freiburg,Hoffenheim,3,2,1.55,1.95,
Bundesliga,2024-2025,2025-04-19,Mainz 05,Wolfsburg,2,2,2.68,1.81,
Bundesliga,2024-2025,2025-04-19,Union Berlin,VfB Stuttgart,4,4,2.16,1.19,
Bundesliga,2024-2025,2025-04-20,Augsburg,Eintracht Frankfurt,0,0,1.14,1.4,
Bundesliga,2024-2025,2025-04-20,Borussia Dortmund,Borussia M.Gladbach,3,2,1.18,1.22,
Bundesliga,2024-2025,2025-04-20,St. Pauli,Bayer Leverkusen,1,1,2.32,1.13,
Bundesliga,2024-2025,2025-04-25,VfB Stuttgart,FC Heidenheim,0,1,1.92,0.52,
Bundesliga,2024-2025,2025-04-26,Bayer Leverkusen,Augsburg,2,0,1.04,0.64,
Bundesliga,2024-2025,2025-04-26,Bayern Munich,Mainz 05,3,0,1.7,0.92,
Bundesliga,2024-2025,2025-04-26,Hoffenheim,Borussia Dortmund,2,3,1.19,2.42,
Bundesliga,2024-2025,2025-04-26,Wolfsburg,Freiburg,0,1,0.29,1.96,
Bundesliga,2024-2025,2025-04-26,Holstein Kiel,Borussia M.Gladbach,4,3,3.04,2.55,
Bundesliga,2024-2025,2025-04-26,Eintracht Frankfurt,RasenBallsport Leipzig,4,0,2.24,0.32,
Bundesliga,2024-2025,2025-04-27,Bochum,Union Berlin,1,1,1.52,0.5,
Bundesliga,2024-2025,2025-04-27,Werder Bremen,St. Pauli,0,0,1.55,0.83,
Bundesliga,2024-2025,2025-05-02,FC Heidenheim,Bochum,0,0,0.46,1.81,
Bundesliga,2024-2025,2025-05-03,RasenBallsport Leipzig,Bayern Munich,3,3,1.75,1.97,
Bundesliga,2024-2025,2025-05-03,Borussia M.Gladbach,Hoffenheim,4,4,1.92,1.91,
Bundesliga,2024-2025,2025-05-03,Union Berlin,Werder Bremen,2,2,1.35,1.36,
Bundesliga,2024-2025,2025-05-03,St. Pauli,VfB Stuttgart,0,1,0.21,3.56,
Bundesliga,2024-2025,2025-05-03,Borussia Dortmund,Wolfsburg,4,0,2.55,1.36,
Bundesliga,2024-2025,2025-05-04,Augsburg,Holstein Kiel,1,3,3.93,2.1,
Bundesliga,2024-2025,2025-05-04,Freiburg,Bayer Leverkusen,2,2,0.9,0.23,
Bundesliga,2024-2025,2025-05-04,Mainz 05,Eintracht Frankfurt,1,1,1.64,1.39,
Bundesliga,2024-2025,2025-05-09,Wolfsburg,Hoffenheim,2,2,1.37,1.11,
Bundesliga,2024-2025,2025-05-10,Werder Bremen,RasenBallsport Leipzig,0,0,3.21,1.39,
Bundesliga,2024-2025,2025-05-10,Union Berlin,FC Heidenheim,0,3,0.53,1.86,
Bundesliga,2024-2025,2025-05-10,Bochum,Mainz 05,1,4,0.73,2.49,
Bundesliga,2024-2025,2025-05-10,Holstein Kiel,Freiburg,1,2,0.97,2.02,
Bundesliga,2024-2025,2025-05-10,Bayern Munich,Borussia M.Gladbach,2,0,2.78,1.36,
Bundesliga,2024-2025,2025-05-11,Bayer Leverkusen,Borussia Dortmund,2,4,1.9,1.39,
Bundesliga,2024-2025,2025-05-11,Eintracht Frankfurt,St. Pauli,2,2,1.82,0.67,
Bundesliga,2024-2025,2025-05-11,VfB Stuttgart,Augsburg,4,0,4.97,0.38,
Bundesliga,2024-2025,2025-05-17,RasenBallsport Leipzig,VfB Stuttgart,2,3,1.42,3.35,
Bundesliga,2024-2025,2025-05-17,Borussia Dortmund,Holstein Kiel,3,0,2.56,0.57,
Bundesliga,2024-2025,2025-05-17,Hoffenheim,Bayern Munich,0,4,0.66,2.21,
Bundesliga,2024-2025,2025-05-17,FC Heidenheim,Werder Bremen,1,4,1.76,2.21,
Bundesliga,2024-2025,2025-05-17,Freiburg,Eintracht Frankfurt,1,3,1.14,2.62,
Bundesliga,2024-2025,2025-05-17,Augsburg,Union Berlin,1,2,1.58,1.14,
Bundesliga,2024-2025,2025-05-17,Mainz 05,Bayer Leverkusen,2,2,2.9,1.34,
Bundesliga,2024-2025,2025-05-17,Borussia M.Gladbach,Wolfsburg,0,1,0.74,1.58,
Bundesliga,2024-2025,2025-05-17,St. Pauli,Bochum,0,2,0.8,1.34,
Bundesliga,2025-2026,2025-08-22,Bayern Munich,RasenBallsport Leipzig,6,0,3.3,0.52,
Bundesliga,2025-2026,2025-08-23,FC Heidenheim,Wolfsburg,1,3,0.78,2.58,
Bundesliga,2025-2026,2025-08-23,Bayer Leverkusen,Hoffenheim,1,2,1.05,0.51,
Bundesliga,2025-2026,2025-08-23,Union Berlin,VfB Stuttgart,2,1,0.53,1.8,
Bundesliga,2025-2026,2025-08-23,Eintracht Frankfurt,Werder Bremen,4,1,3.11,0.59,
Bundesliga,2025-2026,2025-08-23,Freiburg,Augsburg,1,3,2.27,1.3,
Bundesliga,2025-2026,2025-08-23,St. Pauli,Borussia Dortmund,3,3,1.47,2.1,
Bundesliga,2025-2026,2025-08-24,Mainz 05,FC Cologne,0,1,1.32,1.65,
Bundesliga,2025-2026,2025-08-24,Borussia M.Gladbach,Hamburger SV,0,0,1.02,0.29,
Bundesliga,2025-2026,2025-08-29,Hamburger SV,St. Pauli,0,2,0.74,1.85,
Bundesliga,2025-2026,2025-08-30,Hoffenheim,Eintracht Frankfurt,1,3,1.28,1.82,
Bundesliga,2025-2026,2025-08-30,RasenBallsport Leipzig,FC Heidenheim,2,0,3.3,0.97,
Bundesliga,2025-2026,2025-08-30,Werder Bremen,Bayer Leverkusen,3,3,2.33,2.04,
Bundesliga,2025-2026,2025-08-30,VfB Stuttgart,Borussia M.Gladbach,1,0,0.93,1.61,
Bundesliga,2025-2026,2025-08-30,Augsburg,Bayern Munich,2,3,0.51,3.38,
Bundesliga,2025-2026,2025-08-31,Wolfsburg,Mainz 05,1,1,0.62,1.81,
Bundesliga,2025-2026,2025-08-31,Borussia Dortmund,Union Berlin,3,0,1.83,0.97,
Bundesliga,2025-2026,2025-08-31,FC Cologne,Freiburg,4,1,1.84,0.93,
Bundesliga,2025-2026,2025-09-12,Bayer Leverkusen,Eintracht Frankfurt,3,1,2.31,0.79,
Bundesliga,2025-2026,2025-09-13,Freiburg,VfB Stuttgart,3,1,1.68,0.55,
Bundesliga,2025-2026,2025-09-13,FC Heidenheim,Borussia Dortmund,0,2,0.3,2.85,
Bundesliga,2025-2026,2025-09-13,Mainz 05,RasenBallsport Leipzig,0,1,0.77,1.5,
Bundesliga,2025-2026,2025-09-13,Wolfsburg,FC Cologne,3,3,1.8,1.73,
Bundesliga,2025-2026,2025-09-13,Union Berlin,Hoffenheim,2,4,3.08,3.34,
Bundesliga,2025-2026,2025-09-13,Bayern Munich,Hamburger SV,5,0,3.04,0.56,
Bundesliga,2025-2026,2025-09-14,St. Pauli,Augsburg,2,1,1.95,0.93,
Bundesliga,2025-2026,2025-09-14,Borussia M.Gladbach,Werder Bremen,0,4,1.59,2.25,
Bundesliga,2025-2026,2025-09-19,VfB Stuttgart,St. Pauli,2,0,2.79,1.06,
Bundesliga,2025-2026,2025-09-20,Werder Bremen,Freiburg,0,3,1.27,2.36,
Bundesliga,2025-2026,2025-09-20,Augsburg,Mainz 05,1,4,0.87,2.57,
Bundesliga,2025-2026,2025-09-20,Hamburger SV,FC Heidenheim,2,1,3.32,2.64,
Bundesliga,2025-2026,2025-09-20,Hoffenheim,Bayern Munich,1,4,1.04,2.71,
Bundesliga,2025-2026,2025-09-20,RasenBallsport Leipzig,FC Cologne,3,1,3.8,1.39,
Bundesliga,2025-2026,2025-09-21,Eintracht Frankfurt,Union Berlin,3,4,1.76,2.23,
Bundesliga,2025-2026,2025-09-21,Bayer Leverkusen,Borussia M.Gladbach,1,1,1.95,1.3,
Bundesliga,2025-2026,2025-09-21,Borussia Dortmund,Wolfsburg,1,0,1.25,0.98,
Bundesliga,2025-2026,2025-09-26,Bayern Munich,Werder Bremen,4,0,4.32,0.3,
Bundesliga,2025-2026,2025-09-27,FC Heidenheim,Augsburg,2,1,1.79,0.62,
Bundesliga,2025-2026,2025-09-27,Mainz 05,Borussia Dortmund,0,2,0.53,1.76,
Bundesliga,2025-2026,2025-09-27,St. Pauli,Bayer Leverkusen,1,2,0.81,1.29,
Bundesliga,2025-2026,2025-09-27,Wolfsburg,RasenBallsport Leipzig,0,1,2.6,2.61,
Bundesliga,2025-2026,2025-09-27,Borussia M.Gladbach,Eintracht Frankfurt,4,6,2.13,3.79,
Bundesliga,2025-2026,2025-09-28,Freiburg,Hoffenheim,1,1,1.26,2.24,
Bundesliga,2025-2026,2025-09-28,FC Cologne,VfB Stuttgart,1,2,1.08,2.21,
Bundesliga,2025-2026,2025-09-28,Union Berlin,Hamburger SV,0,0,1.54,1.11,
Bundesliga,2025-2026,2025-10-03,Hoffenheim,FC Cologne,0,1,1.42,1.31,
Bundesliga,2025-2026,2025-10-04,Bayer Leverkusen,Union Berlin,2,0,3.36,1.2,
Bundesliga,2025-2026,2025-10-04,Borussia Dortmund,RasenBallsport Leipzig,1,1,0.67,1.14,
Bundesliga,2025-2026,2025-10-04,Augsburg,Wolfsburg,3,1,1.75,1.23,
Bundesliga,2025-2026,2025-10-04,Werder Bremen,St. Pauli,1,0,1.78,0.91,
Bundesliga,2025-2026,2025-10-04,Eintracht Frankfurt,Bayern Munich,0,3,0.56,2.23,
Bundesliga,2025-2026,2025-10-05,VfB Stuttgart,FC Heidenheim,1,0,1.11,0.29,
Bundesliga,2025-2026,2025-10-05,Hamburger SV,Mainz 05,4,0,1.66,0.59,
Bundesliga,2025-2026,2025-10-05,Borussia M.Gladbach,Freiburg,0,0,0.47,0.69,
Bundesliga,2025-2026,2025-10-17,Union Berlin,Borussia M.Gladbach,3,1,1.53,0.63,
Bundesliga,2025-2026,2025-10-18,FC Cologne,Augsburg,1,1,0.52,1.12,
Bundesliga,2025-2026,2025-10-18,FC Heidenheim,Werder Bremen,2,2,3.08,1.86,
Bundesliga,2025-2026,2025-10-18,Mainz 05,Bayer Leverkusen,3,4,1.63,4.43,
Bundesliga,2025-2026,2025-10-18,RasenBallsport Leipzig,Hamburger SV,2,1,1.16,1.29,
Bundesliga,2025-2026,2025-10-18,Wolfsburg,VfB Stuttgart,0,3,0.39,2.39,
Bundesliga,2025-2026,2025-10-18,Bayern Munich,Borussia Dortmund,2,1,2.82,1.41,
Bundesliga,2025-2026,2025-10-19,Freiburg,Eintracht Frankfurt,2,2,1.13,0.77,
Bundesliga,2025-2026,2025-10-19,St. Pauli,Hoffenheim,0,3,0.87,1.79,
Bundesliga,2025-2026,2025-10-24,Werder Bremen,Union Berlin,1,0,1.14,0.49,
Bundesliga,2025-2026,2025-10-25,Augsburg,RasenBallsport Leipzig,0,6,0.64,2.69,
Bundesliga,2025-2026,2025-10-25,Borussia M.Gladbach,Bayern Munich,0,3,0.76,2.65,
Bundesliga,2025-2026,2025-10-25,Eintracht Frankfurt,St. Pauli,2,0,2.43,0.52,
Bundesliga,2025-2026,2025-10-25,Hamburger SV,Wolfsburg,0,1,2.41,0.7,
Bundesliga,2025-2026,2025-10-25,Hoffenheim,FC Heidenheim,3,1,2.43,0.9,
Bundesliga,2025-2026,2025-10-25,Borussia Dortmund,FC Cologne,1,0,2.09,0.71,
Bundesliga,2025-2026,2025-10-26,Bayer Leverkusen,Freiburg,2,0,2.47,0.54,
Bundesliga,2025-2026,2025-10-26,VfB Stuttgart,Mainz 05,2,1,1.67,1.41,
Bundesliga,2025-2026,2025-10-31,Augsburg,Borussia Dortmund,0,1,0.97,0.59,
Bundesliga,2025-2026,2025-11-01,FC Heidenheim,Eintracht Frankfurt,1,1,0.83,1.22,
Bundesliga,2025-2026,2025-11-01,Mainz 05,Werder Bremen,1,1,1.9,0.88,
Bundesliga,2025-2026,2025-11-01,RasenBallsport Leipzig,VfB Stuttgart,3,1,1.73,1.07,
Bundesliga,2025-2026,2025-11-01,St. Pauli,Borussia M.Gladbach,0,4,0.8,3.63,
Bundesliga,2025-2026,2025-11-01,Union Berlin,Freiburg,0,0,1.35,1.17,
Bundesliga,2025-2026,2025-11-01,Bayern Munich,Bayer Leverkusen,3,0,2.28,0.38,
Bundesliga,2025-2026,2025-11-02,FC Cologne,Hamburger SV,4,1,3.87,1.19,
Bundesliga,2025-2026,2025-11-02,Wolfsburg,Hoffenheim,2,3,1.4,1.74,
Bundesliga,2025-2026,2025-11-07,Werder Bremen,Wolfsburg,2,1,1.69,0.68,
Bundesliga,2025-2026,2025-11-08,Bayer Leverkusen,FC Heidenheim,6,0,3.9,0.06,
Bundesliga,2025-2026,2025-11-08,Hamburger SV,Borussia Dortmund,1,1,0.42,1.43,
Bundesliga,2025-2026,2025-11-08,Hoffenheim,RasenBallsport Leipzig,3,1,1.92,1.56,
Bundesliga,2025-2026,2025-11-08,Union Berlin,Bayern Munich,2,2,1.03,1.34,
Bundesliga,2025-2026,2025-11-08,Borussia M.Gladbach,FC Cologne,3,1,2.46,2.16,
Bundesliga,2025-2026,2025-11-09,Freiburg,St. Pauli,2,1,1.67,0.64,
Bundesliga,2025-2026,2025-11-09,VfB Stuttgart,Augsburg,3,2,2.45,1.9,
Bundesliga,2025-2026,2025-11-09,Eintracht Frankfurt,Mainz 05,1,0,1.78,0.12,
Bundesliga,2025-2026,2025-11-21,Mainz 05,Hoffenheim,1,1,2.89,1.54,
Bundesliga,2025-2026,2025-11-22,Augsburg,Hamburger SV,1,0,1.62,1.55,
Bundesliga,2025-2026,2025-11-22,Bayern Munich,Freiburg,6,2,3.14,0.52,
Bundesliga,2025-2026,2025-11-22,Borussia Dortmund,VfB Stuttgart,3,3,3.15,1.81,
Bundesliga,2025-2026,2025-11-22,FC Heidenheim,Borussia M.Gladbach,0,3,0.36,2.8,
Bundesliga,2025-2026,2025-11-22,Wolfsburg,Bayer Leverkusen,1,3,2.08,1.59,
Bundesliga,2025-2026,2025-11-22,FC Cologne,Eintracht Frankfurt,3,4,1.39,2.45,
Bundesliga,2025-2026,2025-11-23,RasenBallsport Leipzig,Werder Bremen,2,0,2.43,0.77,
Bundesliga,2025-2026,2025-11-23,St. Pauli,Union Berlin,0,1,0.57,0.4,
Bundesliga,2025-2026,2025-11-28,Borussia M.Gladbach,RasenBallsport Leipzig,0,0,0.39,1.09,
Bundesliga,2025-2026,2025-11-29,Bayern Munich,St. Pauli,3,1,2.54,0.74,
Bundesliga,2025-2026,2025-11-29,Hoffenheim,Augsburg,3,0,1.8,0.66,
Bundesliga,2025-2026,2025-11-29,Union Berlin,FC Heidenheim,1,2,0.94,0.52,
Bundesliga,2025-2026,2025-11-29,Werder Bremen,FC Cologne,1,1,1.54,1.18,
Bundesliga,2025-2026,2025-11-29,Bayer Leverkusen,Borussia Dortmund,1,2,1.08,1.16,
Bundesliga,2025-2026,2025-11-30,Hamburger SV,VfB Stuttgart,2,1,1.21,1.11,
Bundesliga,2025-2026,2025-11-30,Eintracht Frankfurt,Wolfsburg,1,1,1.66,1.61,
Bundesliga,2025-2026,2025-11-30,Freiburg,Mainz 05,4,0,4.16,0.05,
Bundesliga,2025-2026,2025-12-05,Mainz 05,Borussia M.Gladbach,0,1,1.09,1.9,
Bundesliga,2025-2026,2025-12-06,VfB Stuttgart,Bayern Munich,0,5,0.73,4.08,
Bundesliga,2025-2026,2025-12-06,Wolfsburg,Union Berlin,3,1,0.93,2.02,
Bundesliga,2025-2026,2025-12-06,Augsburg,Bayer Leverkusen,2,0,2.14,1.42,
Bundesliga,2025-2026,2025-12-06,FC Cologne,St. Pauli,1,1,1.9,0.14,
Bundesliga,2025-2026,2025-12-06,FC Heidenheim,Freiburg,2,1,2.67,0.8,
Bundesliga,2025-2026,2025-12-06,RasenBallsport Leipzig,Eintracht Frankfurt,6,0,3.64,0.47,
Bundesliga,2025-2026,2025-12-07,Hamburger SV,Werder Bremen,3,2,1.58,1.17,
Bundesliga,2025-2026,2025-12-07,Borussia Dortmund,Hoffenheim,2,0,1.1,1.42,
Bundesliga,2025-2026,2025-12-12,Union Berlin,RasenBallsport Leipzig,3,1,1.48,0.5,
Bundesliga,2025-2026,2025-12-13,Borussia M.Gladbach,Wolfsburg,1,3,0.62,2.72,
Bundesliga,2025-2026,2025-12-13,Eintracht Frankfurt,Augsburg,1,0,1.52,0.66,
Bundesliga,2025-2026,2025-12-13,Hoffenheim,Hamburger SV,4,1,2.49,1.41,
Bundesliga,2025-2026,2025-12-13,St. Pauli,FC Heidenheim,2,1,1.0,1.89,
Bundesliga,2025-2026,2025-12-13,Bayer Leverkusen,FC Cologne,2,0,2.29,0.44,
Bundesliga,2025-2026,2025-12-14,Freiburg,Borussia Dortmund,1,1,1.11,1.47,
Bundesliga,2025-2026,2025-12-14,Bayern Munich,Mainz 05,2,2,4.68,0.8,
Bundesliga,2025-2026,2025-12-14,Werder Bremen,VfB Stuttgart,0,4,0.61,2.05,
Bundesliga,2025-2026,2025-12-19,Borussia Dortmund,Borussia M.Gladbach,2,0,1.65,0.22,
Bundesliga,2025-2026,2025-12-20,Augsburg,Werder Bremen,0,0,1.49,0.91,
Bundesliga,2025-2026,2025-12-20,FC Cologne,Union Berlin,0,1,0.68,1.47,
Bundesliga,2025-2026,2025-12-20,Hamburger SV,Eintracht Frankfurt,1,1,1.1,1.09,
Bundesliga,2025-2026,2025-12-20,VfB Stuttgart,Hoffenheim,0,0,1.46,0.15,
Bundesliga,2025-2026,2025-12-20,Wolfsburg,Freiburg,3,4,1.31,2.66,
Bundesliga,2025-2026,2025-12-20,RasenBallsport Leipzig,Bayer Leverkusen,1,3,1.94,2.7,
Bundesliga,2025-2026,2025-12-21,Mainz 05,St. Pauli,0,0,1.87,0.23,
Bundesliga,2025-2026,2025-12-21,FC Heidenheim,Bayern Munich,0,4,1.49,3.37,
Bundesliga,2025-2026,2026-01-09,Eintracht Frankfurt,Borussia Dortmund,3,3,1.66,2.3,
Bundesliga,2025-2026,2026-01-10,Freiburg,Hamburger SV,2,1,2.94,0.85,
Bundesliga,2025-2026,2026-01-10,FC Heidenheim,FC Cologne,2,2,2.15,2.76,
Bundesliga,2025-2026,2026-01-10,Union Berlin,Mainz 05,2,2,3.65,1.56,
Bundesliga,2025-2026,2026-01-10,Bayer Leverkusen,VfB Stuttgart,1,4,1.98,2.69,
Bundesliga,2025-2026,2026-01-11,Borussia M.Gladbach,Augsburg,4,0,3.57,1.58,
Bundesliga,2025-2026,2026-01-11,Bayern Munich,Wolfsburg,8,1,3.55,1.09,
Bundesliga,2025-2026,2026-01-13,VfB Stuttgart,Eintracht Frankfurt,3,2,3.54,0.9,
Bundesliga,2025-2026,2026-01-13,Borussia Dortmund,Werder Bremen,3,0,2.32,0.4,
Bundesliga,2025-2026,2026-01-13,Mainz 05,FC Heidenheim,2,1,1.96,1.24,
Bundesliga,2025-2026,2026-01-14,Wolfsburg,St. Pauli,2,1,1.78,1.21,
Bundesliga,2025-2026,2026-01-14,FC Cologne,Bayern Munich,1,3,0.71,2.12,
Bundesliga,2025-2026,2026-01-14,Hoffenheim,Borussia M.Gladbach,5,1,4.38,0.83,
Bundesliga,2025-2026,2026-01-14,RasenBallsport Leipzig,Freiburg,2,0,2.8,0.15,
Bundesliga,2025-2026,2026-01-15,Augsburg,Union Berlin,1,1,0.56,1.74,
Bundesliga,2025-2026,2026-01-16,Werder Bremen,Eintracht Frankfurt,3,3,2.1,1.21,
Bundesliga,2025-2026,2026-01-17,Borussia Dortmund,St. Pauli,3,2,2.55,0.53,
Bundesliga,2025-2026,2026-01-17,FC Cologne,Mainz 05,2,1,2.41,1.91,
Bundesliga,2025-2026,2026-01-17,Hamburger SV,Borussia M.Gladbach,0,0,1.26,0.58,
Bundesliga,2025-2026,2026-01-17,Hoffenheim,Bayer Leverkusen,1,0,2.12,1.27,
Bundesliga,2025-2026,2026-01-17,Wolfsburg,FC Heidenheim,1,1,1.08,0.99,
Bundesliga,2025-2026,2026-01-17,RasenBallsport Leipzig,Bayern Munich,1,5,2.87,4.65,
Bundesliga,2025-2026,2026-01-18,VfB Stuttgart,Union Berlin,1,1,2.2,1.89,
Bundesliga,2025-2026,2026-01-18,Augsburg,Freiburg,2,2,0.99,1.59,
Bundesliga,2025-2026,2026-01-23,St. Pauli,Hamburger SV,0,0,0.31,0.33,
Bundesliga,2025-2026,2026-01-24,Bayer Leverkusen,Werder Bremen,1,0,2.52,0.67,
Bundesliga,2025-2026,2026-01-24,Bayern Munich,Augsburg,1,2,2.31,1.25,
Bundesliga,2025-2026,2026-01-24,Eintracht Frankfurt,Hoffenheim,1,3,0.83,1.63,
Bundesliga,2025-2026,2026-01-24,FC Heidenheim,RasenBallsport Leipzig,0,3,0.99,2.08,
Bundesliga,2025-2026,2026-01-24,Mainz 05,Wolfsburg,3,1,4.34,1.09,
Bundesliga,2025-2026,2026-01-24,Union Berlin,Borussia Dortmund,0,3,0.99,2.27,
Bundesliga,2025-2026,2026-01-25,Borussia M.Gladbach,VfB Stuttgart,0,3,1.22,2.73,
Bundesliga,2025-2026,2026-01-25,Freiburg,FC Cologne,2,1,2.57,1.69,
Bundesliga,2025-2026,2026-01-27,St. Pauli,RasenBallsport Leipzig,1,1,1.33,2.06,
Bundesliga,2025-2026,2026-01-27,Werder Bremen,Hoffenheim,0,2,1.43,0.57,
Bundesliga,2025-2026,2026-01-30,FC Cologne,Wolfsburg,1,0,1.44,1.35,
Bundesliga,2025-2026,2026-01-31,Augsburg,St. Pauli,2,1,2.12,2.89,
Bundesliga,2025-2026,2026-01-31,Eintracht Frankfurt,Bayer Leverkusen,1,3,1.32,1.53,
Bundesliga,2025-2026,2026-01-31,Hoffenheim,Union Berlin,3,1,1.51,1.23,
Bundesliga,2025-2026,2026-01-31,RasenBallsport Leipzig,Mainz 05,1,2,2.09,2.58,
Bundesliga,2025-2026,2026-01-31,Werder Bremen,Borussia M.Gladbach,1,1,0.99,1.26,
Bundesliga,2025-2026,2026-01-31,Hamburger SV,Bayern Munich,2,2,2.64,2.29,
Bundesliga,2025-2026,2026-02-01,VfB Stuttgart,Freiburg,1,0,2.95,0.94,
Bundesliga,2025-2026,2026-02-01,Borussia Dortmund,FC Heidenheim,3,2,4.14,3.04,
Bundesliga,2025-2026,2026-02-06,Union Berlin,Eintracht Frankfurt,1,1,1.27,0.3,
Bundesliga,2025-2026,2026-02-07,Freiburg,Werder Bremen,1,0,0.36,1.12,
Bundesliga,2025-2026,2026-02-07,FC Heidenheim,Hamburger SV,0,2,1.05,1.55,
Bundesliga,2025-2026,2026-02-07,Mainz 05,Augsburg,2,0,3.01,1.36,
Bundesliga,2025-2026,2026-02-07,St. Pauli,VfB Stuttgart,2,1,1.66,0.91,
Bundesliga,2025-2026,2026-02-07,Wolfsburg,Borussia Dortmund,1,2,2.03,1.71,
Bundesliga,2025-2026,2026-02-07,Borussia M.Gladbach,Bayer Leverkusen,1,1,0.78,0.74,
Bundesliga,2025-2026,2026-02-08,FC Cologne,RasenBallsport Leipzig,1,2,1.12,3.06,
Bundesliga,2025-2026,2026-02-08,Bayern Munich,Hoffenheim,5,1,6.38,2.67,
Bundesliga,2025-2026,2026-02-13,Borussia Dortmund,Mainz 05,4,0,1.81,1.67,
Bundesliga,2025-2026,2026-02-14,Bayer Leverkusen,St. Pauli,4,0,2.26,0.65,
Bundesliga,2025-2026,2026-02-14,Eintracht Frankfurt,Borussia M.Gladbach,3,0,1.99,1.03,
Bundesliga,2025-2026,2026-02-14,Hamburger SV,Union Berlin,3,2,2.2,2.19,
Bundesliga,2025-2026,2026-02-14,Hoffenheim,Freiburg,3,0,1.9,0.74,
Bundesliga,2025-2026,2026-02-14,Werder Bremen,Bayern Munich,0,3,0.78,1.88,
Bundesliga,2025-2026,2026-02-14,VfB Stuttgart,FC Cologne,3,1,2.56,1.13,
Bundesliga,2025-2026,2026-02-15,Augsburg,FC Heidenheim,1,0,1.88,0.7,
Bundesliga,2025-2026,2026-02-15,RasenBallsport Leipzig,Wolfsburg,2,2,2.51,0.69,
Bundesliga,2025-2026,2026-02-20,Mainz 05,Hamburger SV,1,1,1.75,0.82,
Bundesliga,2025-2026,2026-02-21,Bayern Munich,Eintracht Frankfurt,3,2,2.84,2.29,
Bundesliga,2025-2026,2026-02-21,FC Cologne,Hoffenheim,2,2,1.12,1.82,
Bundesliga,2025-2026,2026-02-21,Union Berlin,Bayer Leverkusen,1,0,0.76,1.2,
Bundesliga,2025-2026,2026-02-21,Wolfsburg,Augsburg,2,3,2.18,1.56,
Bundesliga,2025-2026,2026-02-21,RasenBallsport Leipzig,Borussia Dortmund,2,2,3.51,1.35,
Bundesliga,2025-2026,2026-02-22,Freiburg,Borussia M.Gladbach,2,1,1.29,1.03,
Bundesliga,2025-2026,2026-02-22,St. Pauli,Werder Bremen,2,1,0.26,1.61,
Bundesliga,2025-2026,2026-02-22,FC Heidenheim,VfB Stuttgart,3,3,2.22,2.28,
Bundesliga,2025-2026,2026-02-27,Augsburg,FC Cologne,2,0,1.56,0.49,
Bundesliga,2025-2026,2026-02-28,Bayer Leverkusen,Mainz 05,1,1,1.95,0.97,
Bundesliga,2025-2026,2026-02-28,Borussia M.Gladbach,Union Berlin,1,0,2.56,0.14,
Bundesliga,2025-2026,2026-02-28,Hoffenheim,St. Pauli,0,1,2.57,0.95,
Bundesliga,2025-2026,2026-02-28,Werder Bremen,FC Heidenheim,2,0,3.48,1.71,
Bundesliga,2025-2026,2026-02-28,Borussia Dortmund,Bayern Munich,2,3,1.4,1.89,
Bundesliga,2025-2026,2026-03-01,VfB Stuttgart,Wolfsburg,4,0,2.95,0.87,
Bundesliga,2025-2026,2026-03-01,Eintracht Frankfurt,Freiburg,2,0,1.67,0.64,
Bundesliga,2025-2026,2026-03-01,Hamburger SV,RasenBallsport Leipzig,1,2,0.82,2.29,
Bundesliga,2025-2026,2026-03-04,Hamburger SV,Bayer Leverkusen,0,1,1.29,2.68,
Bundesliga,2025-2026,2026-03-06,Bayern Munich,Borussia M.Gladbach,4,1,3.12,1.22,
Bundesliga,2025-2026,2026-03-07,Freiburg,Bayer Leverkusen,3,3,2.58,2.19,
Bundesliga,2025-2026,2026-03-07,FC Heidenheim,Hoffenheim,2,4,0.97,2.79,
Bundesliga,2025-2026,2026-03-07,Mainz 05,VfB Stuttgart,2,2,3.53,0.92,
Bundesliga,2025-2026,2026-03-07,RasenBallsport Leipzig,Augsburg,2,1,2.19,3.67,
Bundesliga,2025-2026,2026-03-07,Wolfsburg,Hamburger SV,1,2,2.47,1.8,
Bundesliga,2025-2026,2026-03-07,FC Cologne,Borussia Dortmund,1,2,0.96,1.96,
Bundesliga,2025-2026,2026-03-08,St. Pauli,Eintracht Frankfurt,0,0,0.47,0.45,
Bundesliga,2025-2026,2026-03-08,Union Berlin,Werder Bremen,1,4,1.13,2.24,
Bundesliga,2025-2026,2026-03-13,Borussia M.Gladbach,St. Pauli,2,0,1.08,0.63,
Bundesliga,2025-2026,2026-03-14,Bayer Leverkusen,Bayern Munich,1,1,2.65,1.27,
Bundesliga,2025-2026,2026-03-14,Borussia Dortmund,Augsburg,2,0,2.49,0.76,
Bundesliga,2025-2026,2026-03-14,Eintracht Frankfurt,FC Heidenheim,1,0,0.73,0.14,
Bundesliga,2025-2026,2026-03-14,Hoffenheim,Wolfsburg,1,1,2.24,0.22,
Bundesliga,2025-2026,2026-03-14,Hamburger SV,FC Cologne,1,1,0.56,0.98,
Bundesliga,2025-2026,2026-03-15,Werder Bremen,Mainz 05,0,2,0.89,2.06,
Bundesliga,2025-2026,2026-03-15,Freiburg,Union Berlin,0,1,1.35,1.0,
Bundesliga,2025-2026,2026-03-15,VfB Stuttgart,RasenBallsport Leipzig,1,0,1.93,1.12,
Bundesliga,2025-2026,2026-03-20,RasenBallsport Leipzig,Hoffenheim,5,0,2.91,0.52,
Bundesliga,2025-2026,2026-03-21,Bayern Munich,Union Berlin,4,0,5.93,0.22,
Bundesliga,2025-2026,2026-03-21,FC Cologne,Borussia M.Gladbach,3,3,1.29,1.08,
Bundesliga,2025-2026,2026-03-21,FC Heidenheim,Bayer Leverkusen,3,3,1.74,1.96,
Bundesliga,2025-2026,2026-03-21,Wolfsburg,Werder Bremen,0,1,1.06,0.41,
Bundesliga,2025-2026,2026-03-21,Borussia Dortmund,Hamburger SV,3,2,6.1,1.23,
Bundesliga,2025-2026,2026-03-22,Mainz 05,Eintracht Frankfurt,2,1,1.38,1.72,
Bundesliga,2025-2026,2026-03-22,St. Pauli,Freiburg,1,2,1.4,2.74,
Bundesliga,2025-2026,2026-03-22,Augsburg,VfB Stuttgart,2,5,1.59,3.87,
Bundesliga,2025-2026,2026-04-04,Bayer Leverkusen,Wolfsburg,6,3,4.6,2.55,
Bundesliga,2025-2026,2026-04-04,Borussia M.Gladbach,FC Heidenheim,2,2,1.09,0.88,
Bundesliga,2025-2026,2026-04-04,Freiburg,Bayern Munich,2,3,2.05,2.49,
Bundesliga,2025-2026,2026-04-04,Hamburger SV,Augsburg,1,1,1.53,2.58,
Bundesliga,2025-2026,2026-04-04,Hoffenheim,Mainz 05,1,2,1.52,2.23,
Bundesliga,2025-2026,2026-04-04,Werder Bremen,RasenBallsport Leipzig,1,2,0.9,1.61,
Bundesliga,2025-2026,2026-04-04,VfB Stuttgart,Borussia Dortmund,0,2,0.55,0.76,
Bundesliga,2025-2026,2026-04-05,Union Berlin,St. Pauli,1,1,1.78,0.33,
Bundesliga,2025-2026,2026-04-05,Eintracht Frankfurt,FC Cologne,2,2,2.17,3.1,
Bundesliga,2025-2026,2026-04-10,Augsburg,Hoffenheim,2,2,2.67,1.43,
Bundesliga,2025-2026,2026-04-11,Borussia Dortmund,Bayer Leverkusen,0,1,1.01,0.73,
Bundesliga,2025-2026,2026-04-11,FC Heidenheim,Union Berlin,3,1,2.11,1.12,
Bundesliga,2025-2026,2026-04-11,RasenBallsport Leipzig,Borussia M.Gladbach,1,0,2.57,1.66,
Bundesliga,2025-2026,2026-04-11,Wolfsburg,Eintracht Frankfurt,1,2,2.26,1.39,
Bundesliga,2025-2026,2026-04-11,St. Pauli,Bayern Munich,0,5,0.36,4.15,
Bundesliga,2025-2026,2026-04-12,FC Cologne,Werder Bremen,3,1,3.91,0.87,
Bundesliga,2025-2026,2026-04-12,VfB Stuttgart,Hamburger SV,4,0,3.86,0.42,
Bundesliga,2025-2026,2026-04-12,Mainz 05,Freiburg,0,1,0.46,0.54,
Bundesliga,2025-2026,2026-04-17,St. Pauli,FC Cologne,1,1,2.28,1.27,
Bundesliga,2025-2026,2026-04-18,Bayer Leverkusen,Augsburg,1,2,3.73,1.3,
Bundesliga,2025-2026,2026-04-18,Hoffenheim,Borussia Dortmund,2,1,2.22,1.28,
Bundesliga,2025-2026,2026-04-18,Union Berlin,Wolfsburg,1,2,2.39,0.23,
Bundesliga,2025-2026,2026-04-18,Werder Bremen,Hamburger SV,3,1,1.6,0.91,
Bundesliga,2025-2026,2026-04-18,Eintracht Frankfurt,RasenBallsport Leipzig,1,3,1.4,2.02,
Bundesliga,2025-2026,2026-04-19,Freiburg,FC Heidenheim,2,1,2.14,1.74,
Bundesliga,2025-2026,2026-04-19,Bayern Munich,VfB Stuttgart,4,2,5.11,1.26,
Bundesliga,2025-2026,2026-04-19,Borussia M.Gladbach,Mainz 05,1,1,1.11,2.46,
Bundesliga,2025-2026,2026-04-24,RasenBallsport Leipzig,Union Berlin,3,1,4.54,0.37,
Bundesliga,2025-2026,2026-04-25,Augsburg,Eintracht Frankfurt,1,1,2.14,0.85,
Bundesliga,2025-2026,2026-04-25,FC Cologne,Bayer Leverkusen,1,2,3.5,1.86,
Bundesliga,2025-2026,2026-04-25,FC Heidenheim,St. Pauli,2,0,2.17,1.18,
Bundesliga,2025-2026,2026-04-25,Mainz 05,Bayern Munich,3,4,3.22,2.36,
Bundesliga,2025-2026,2026-04-25,Wolfsburg,Borussia M.Gladbach,0,0,1.61,0.47,
Bundesliga,2025-2026,2026-04-25,Hamburger SV,Hoffenheim,1,2,1.48,2.43,
Bundesliga,2025-2026,2026-04-26,VfB Stuttgart,Werder Bremen,1,1,2.0,0.96,
Bundesliga,2025-2026,2026-04-26,Borussia Dortmund,Freiburg,4,0,3.09,0.5,
Bundesliga,2025-2026,2026-05-02,Bayern Munich,FC Heidenheim,3,3,1.88,2.48,
Bundesliga,2025-2026,2026-05-02,Eintracht Frankfurt,Hamburger SV,1,2,0.99,0.63,
Bundesliga,2025-2026,2026-05-02,Hoffenheim,VfB Stuttgart,3,3,2.64,1.76,
Bundesliga,2025-2026,2026-05-02,Union Berlin,FC Cologne,2,2,0.89,1.7,
Bundesliga,2025-2026,2026-05-02,Werder Bremen,Augsburg,1,3,0.81,3.24,
Bundesliga,2025-2026,2026-05-02,Bayer Leverkusen,RasenBallsport Leipzig,4,1,5.42,1.5,
Bundesliga,2025-2026,2026-05-03,St. Pauli,Mainz 05,1,2,1.09,2.81,
Bundesliga,2025-2026,2026-05-03,Borussia M.Gladbach,Borussia Dortmund,1,0,2.68,0.43,
Bundesliga,2025-2026,2026-05-03,Freiburg,Wolfsburg,1,1,0.95,1.11,
Bundesliga,2025-2026,2026-05-08,Borussia Dortmund,Eintracht Frankfurt,3,2,2.95,0.94,
Bundesliga,2025-2026,2026-05-09,Augsburg,Borussia M.Gladbach,3,1,2.8,1.05,
Bundesliga,2025-2026,2026-05-09,Hoffenheim,Werder Bremen,1,0,1.29,1.45,
Bundesliga,2025-2026,2026-05-09,RasenBallsport Leipzig,St. Pauli,2,1,2.33,0.95,
Bundesliga,2025-2026,2026-05-09,VfB Stuttgart,Bayer Leverkusen,3,1,3.43,0.63,
Bundesliga,2025-2026,2026-05-09,Wolfsburg,Bayern Munich,0,1,3.27,1.91,
Bundesliga,2025-2026,2026-05-10,Hamburger SV,Freiburg,3,2,2.02,0.58,
Bundesliga,2025-2026,2026-05-10,FC Cologne,FC Heidenheim,1,3,1.51,2.04,
Bundesliga,2025-2026,2026-05-10,Mainz 05,Union Berlin,1,3,2.1,2.94,
Bundesliga,2025-2026,2026-05-16,Bayer Leverkusen,Hamburger SV,1,1,3.09,1.63,
Bundesliga,2025-2026,2026-05-16,Bayern Munich,FC Cologne,5,1,2.82,0.88,
Bundesliga,2025-2026,2026-05-16,Borussia M.Gladbach,Hoffenheim,4,0,0.85,1.77,
Bundesliga,2025-2026,2026-05-16,Eintracht Frankfurt,VfB Stuttgart,2,2,2.99,1.81,
Bundesliga,2025-2026,2026-05-16,Freiburg,RasenBallsport Leipzig,4,1,2.54,1.51,
Bundesliga,2025-2026,2026-05-16,FC Heidenheim,Mainz 05,0,2,3.04,3.91,
Bundesliga,2025-2026,2026-05-16,St. Pauli,Wolfsburg,1,3,1.99,4.06,
Bundesliga,2025-2026,2026-05-16,Union Berlin,Augsburg,4,0,2.45,0.51,
Bundesliga,2025-2026,2026-05-16,Werder Bremen,Borussia Dortmund,0,2,0.53,3.37,
Serie A,2020-2021,2020-09-19,Fiorentina,Torino,1,0,2.35,0.62,
Serie A,2020-2021,2020-09-19,Verona,Roma,0,0,0.91,1.78,
Serie A,2020-2021,2020-09-20,Parma Calcio 1913,Napoli,0,2,0.16,1.54,
Serie A,2020-2021,2020-09-20,Genoa,Crotone,4,1,2.23,1.32,
Serie A,2020-2021,2020-09-20,Sassuolo,Cagliari,1,1,2.03,0.96,
Serie A,2020-2021,2020-09-20,Juventus,Sampdoria,3,0,2.14,0.61,
Serie A,2020-2021,2020-09-21,AC Milan,Bologna,2,0,2.94,0.83,
Serie A,2020-2021,2020-09-26,Torino,Atalanta,2,4,0.77,2.47,
Serie A,2020-2021,2020-09-26,Cagliari,Lazio,0,2,0.92,1.99,
Serie A,2020-2021,2020-09-26,Sampdoria,Benevento,2,3,1.36,1.27,
Serie A,2020-2021,2020-09-26,Inter,Fiorentina,4,3,1.7,2.25,
Serie A,2020-2021,2020-09-27,Spezia,Sassuolo,1,4,1.29,2.65,
Serie A,2020-2021,2020-09-27,Verona,Udinese,1,0,1.35,2.15,
Serie A,2020-2021,2020-09-27,Napoli,Genoa,6,0,2.34,0.27,
Serie A,2020-2021,2020-09-27,Crotone,AC Milan,0,2,0.11,2.43,
Serie A,2020-2021,2020-09-27,Roma,Juventus,2,2,2.82,1.91,
Serie A,2020-2021,2020-09-28,Bologna,Parma Calcio 1913,4,1,2.05,1.24,
Serie A,2020-2021,2020-09-30,Benevento,Inter,2,5,1.25,4.53,
Serie A,2020-2021,2020-09-30,Udinese,Spezia,0,2,1.87,0.81,
Serie A,2020-2021,2020-09-30,Lazio,Atalanta,1,4,1.8,1.9,
Serie A,2020-2021,2020-10-02,Fiorentina,Sampdoria,1,2,2.03,2.18,
Serie A,2020-2021,2020-10-03,Sassuolo,Crotone,4,1,1.86,1.59,
Serie A,2020-2021,2020-10-03,Udinese,Roma,0,1,1.67,0.76,
Serie A,2020-2021,2020-10-04,Atalanta,Cagliari,5,2,3.61,0.66,
Serie A,2020-2021,2020-10-04,Benevento,Bologna,1,0,0.89,1.82,
Serie A,2020-2021,2020-10-04,Lazio,Inter,1,1,1.21,0.72,
Serie A,2020-2021,2020-10-04,Parma Calcio 1913,Verona,1,0,1.23,0.63,
Serie A,2020-2021,2020-10-04,AC Milan,Spezia,3,0,2.65,0.15,
Serie A,2020-2021,2020-10-17,Napoli,Atalanta,4,1,1.17,0.64,
Serie A,2020-2021,2020-10-17,Inter,AC Milan,1,2,2.55,2.06,
Serie A,2020-2021,2020-10-17,Sampdoria,Lazio,3,0,1.83,0.45,
Serie A,2020-2021,2020-10-17,Crotone,Juventus,1,1,1.4,1.58,
Serie A,2020-2021,2020-10-18,Bologna,Sassuolo,3,4,1.45,3.24,
Serie A,2020-2021,2020-10-18,Spezia,Fiorentina,2,2,0.93,1.08,
Serie A,2020-2021,2020-10-18,Torino,Cagliari,2,3,1.24,1.79,
Serie A,2020-2021,2020-10-18,Udinese,Parma Calcio 1913,3,2,1.72,0.97,
Serie A,2020-2021,2020-10-18,Roma,Benevento,5,2,4.19,1.56,
Serie A,2020-2021,2020-10-19,Verona,Genoa,0,0,0.88,0.38,
Serie A,2020-2021,2020-10-23,Sassuolo,Torino,3,3,1.69,2.09,
Serie A,2020-2021,2020-10-24,Atalanta,Sampdoria,1,3,2.1,2.5,
Serie A,2020-2021,2020-10-24,Genoa,Inter,0,2,0.01,1.64,
Serie A,2020-2021,2020-10-24,Lazio,Bologna,2,1,1.43,1.76,
Serie A,2020-2021,2020-10-25,Cagliari,Crotone,4,2,2.08,1.41,
Serie A,2020-2021,2020-10-25,Benevento,Napoli,1,2,0.65,2.27,
Serie A,2020-2021,2020-10-25,Parma Calcio 1913,Spezia,2,2,3.67,0.97,
Serie A,2020-2021,2020-10-25,Fiorentina,Udinese,3,2,1.2,2.69,
Serie A,2020-2021,2020-10-25,Juventus,Verona,1,1,2.18,0.6,
Serie A,2020-2021,2020-10-26,AC Milan,Roma,3,3,2.82,2.36,
Serie A,2020-2021,2020-10-31,Crotone,Atalanta,1,2,0.52,3.5,
Serie A,2020-2021,2020-10-31,Inter,Parma Calcio 1913,2,2,3.05,0.76,
Serie A,2020-2021,2020-10-31,Bologna,Cagliari,3,2,1.47,1.27,
Serie A,2020-2021,2020-11-01,Udinese,AC Milan,1,2,0.96,1.02,
Serie A,2020-2021,2020-11-01,Spezia,Juventus,1,4,0.55,2.88,
Serie A,2020-2021,2020-11-01,Torino,Lazio,3,4,2.47,1.76,
Serie A,2020-2021,2020-11-01,Napoli,Sassuolo,0,2,2.14,1.52,
Serie A,2020-2021,2020-11-01,Roma,Fiorentina,2,0,3.63,0.37,
Serie A,2020-2021,2020-11-01,Sampdoria,Genoa,1,1,0.86,1.18,
Serie A,2020-2021,2020-11-02,Verona,Benevento,3,1,2.52,1.6,
Serie A,2020-2021,2020-11-04,Genoa,Torino,1,2,1.19,0.44,
Serie A,2020-2021,2020-11-06,Sassuolo,Udinese,0,0,0.08,0.09,
Serie A,2020-2021,2020-11-07,Cagliari,Sampdoria,2,0,1.9,0.13,
Serie A,2020-2021,2020-11-07,Benevento,Spezia,0,3,0.25,1.45,
Serie A,2020-2021,2020-11-07,Parma Calcio 1913,Fiorentina,0,0,0.13,0.81,
Serie A,2020-2021,2020-11-08,Lazio,Juventus,1,1,1.08,1.27,
Serie A,2020-2021,2020-11-08,Atalanta,Inter,1,1,0.96,0.82,
Serie A,2020-2021,2020-11-08,Genoa,Roma,1,3,0.65,3.49,
Serie A,2020-2021,2020-11-08,Torino,Crotone,0,0,0.24,0.3,
Serie A,2020-2021,2020-11-08,Bologna,Napoli,0,1,0.73,1.41,
Serie A,2020-2021,2020-11-08,AC Milan,Verona,2,2,3.65,2.21,
Serie A,2020-2021,2020-11-21,Crotone,Lazio,0,2,0.43,1.79,
Serie A,2020-2021,2020-11-21,Spezia,Atalanta,0,0,0.59,2.2,
Serie A,2020-2021,2020-11-21,Juventus,Cagliari,2,0,2.55,0.08,
Serie A,2020-2021,2020-11-22,Fiorentina,Benevento,0,1,1.21,0.57,
Serie A,2020-2021,2020-11-22,Inter,Torino,4,2,3.75,1.98,
Serie A,2020-2021,2020-11-22,Roma,Parma Calcio 1913,3,0,3.21,0.03,
Serie A,2020-2021,2020-11-22,Sampdoria,Bologna,1,2,0.82,1.73,
Serie A,2020-2021,2020-11-22,Verona,Sassuolo,0,2,1.39,0.51,
Serie A,2020-2021,2020-11-22,Udinese,Genoa,1,0,0.41,0.73,
Serie A,2020-2021,2020-11-22,Napoli,AC Milan,1,3,1.88,1.84,
Serie A,2020-2021,2020-11-28,Sassuolo,Inter,0,3,0.75,1.5,
Serie A,2020-2021,2020-11-28,Benevento,Juventus,1,1,0.44,1.65,
Serie A,2020-2021,2020-11-28,Atalanta,Verona,0,2,1.2,1.79,
Serie A,2020-2021,2020-11-29,Lazio,Udinese,1,3,1.23,1.43,
Serie A,2020-2021,2020-11-29,Bologna,Crotone,1,0,1.8,0.4,
Serie A,2020-2021,2020-11-29,AC Milan,Fiorentina,2,0,2.86,0.6,
Serie A,2020-2021,2020-11-29,Cagliari,Spezia,2,2,1.45,2.74,
Serie A,2020-2021,2020-11-29,Napoli,Roma,4,0,2.06,0.31,
Serie A,2020-2021,2020-11-30,Torino,Sampdoria,2,2,1.64,1.38,
Serie A,2020-2021,2020-11-30,Genoa,Parma Calcio 1913,1,2,1.58,1.4,
Serie A,2020-2021,2020-12-05,Spezia,Lazio,1,2,1.73,0.44,
Serie A,2020-2021,2020-12-05,Juventus,Torino,2,1,2.53,1.34,
Serie A,2020-2021,2020-12-05,Inter,Bologna,3,1,1.98,1.12,
Serie A,2020-2021,2020-12-06,Verona,Cagliari,1,1,3.03,1.68,
Serie A,2020-2021,2020-12-06,Parma Calcio 1913,Benevento,0,0,0.5,0.34,
Serie A,2020-2021,2020-12-06,Roma,Sassuolo,0,0,1.28,0.21,
Serie A,2020-2021,2020-12-06,Crotone,Napoli,0,4,0.51,1.94,
Serie A,2020-2021,2020-12-06,Sampdoria,AC Milan,1,2,0.99,2.67,
Serie A,2020-2021,2020-12-07,Fiorentina,Genoa,1,1,2.79,1.38,
Serie A,2020-2021,2020-12-11,Sassuolo,Benevento,1,0,1.09,2.1,
Serie A,2020-2021,2020-12-12,Crotone,Spezia,4,1,1.69,0.82,
Serie A,2020-2021,2020-12-12,Torino,Udinese,2,3,1.08,1.47,
Serie A,2020-2021,2020-12-12,Lazio,Verona,1,2,0.65,0.96,
Serie A,2020-2021,2020-12-13,Cagliari,Inter,1,3,1.61,2.75,
Serie A,2020-2021,2020-12-13,Atalanta,Fiorentina,3,0,2.8,0.46,
Serie A,2020-2021,2020-12-13,Bologna,Roma,1,5,0.35,4.04,
Serie A,2020-2021,2020-12-13,Napoli,Sampdoria,2,1,1.52,0.71,
Serie A,2020-2021,2020-12-13,Genoa,Juventus,1,3,0.48,3.6,
Serie A,2020-2021,2020-12-13,AC Milan,Parma Calcio 1913,2,2,1.85,0.6,
Serie A,2020-2021,2020-12-15,Udinese,Crotone,0,0,1.1,0.12,
Serie A,2020-2021,2020-12-15,Benevento,Lazio,1,1,1.43,0.42,
Serie A,2020-2021,2020-12-16,Juventus,Atalanta,1,1,2.71,0.9,
Serie A,2020-2021,2020-12-16,Fiorentina,Sassuolo,1,1,1.72,1.71,
Serie A,2020-2021,2020-12-16,Genoa,AC Milan,2,2,1.23,2.05,
Serie A,2020-2021,2020-12-16,Inter,Napoli,1,0,1.32,3.26,
Serie A,2020-2021,2020-12-16,Parma Calcio 1913,Cagliari,0,0,0.87,0.27,
Serie A,2020-2021,2020-12-16,Spezia,Bologna,2,2,2.67,1.61,
Serie A,2020-2021,2020-12-16,Verona,Sampdoria,1,2,1.49,0.78,
Serie A,2020-2021,2020-12-17,Roma,Torino,3,1,3.05,0.98,
Serie A,2020-2021,2020-12-19,Fiorentina,Verona,1,1,1.68,1.25,
Serie A,2020-2021,2020-12-19,Sampdoria,Crotone,3,1,2.48,1.04,
Serie A,2020-2021,2020-12-19,Parma Calcio 1913,Juventus,0,4,0.93,2.8,
Serie A,2020-2021,2020-12-20,Torino,Bologna,1,1,1.11,2.18,
Serie A,2020-2021,2020-12-20,Benevento,Genoa,2,0,1.55,0.25,
Serie A,2020-2021,2020-12-20,Cagliari,Udinese,1,1,0.63,1.44,
Serie A,2020-2021,2020-12-20,Inter,Spezia,2,1,1.26,0.78,
Serie A,2020-2021,2020-12-20,Sassuolo,AC Milan,1,2,1.05,1.41,
Serie A,2020-2021,2020-12-20,Atalanta,Roma,4,1,1.91,0.71,
Serie A,2020-2021,2020-12-20,Lazio,Napoli,2,0,0.7,0.98,
Serie A,2020-2021,2020-12-22,Crotone,Parma Calcio 1913,2,1,0.8,1.5,
Serie A,2020-2021,2020-12-22,Juventus,Fiorentina,0,3,0.39,1.53,
Serie A,2020-2021,2020-12-23,Verona,Inter,1,2,1.24,2.03,
Serie A,2020-2021,2020-12-23,Bologna,Atalanta,2,2,1.09,1.89,
Serie A,2020-2021,2020-12-23,AC Milan,Lazio,3,2,1.88,1.46,
Serie A,2020-2021,2020-12-23,Napoli,Torino,1,1,0.9,0.39,
Serie A,2020-2021,2020-12-23,Roma,Cagliari,3,2,3.36,1.2,
Serie A,2020-2021,2020-12-23,Sampdoria,Sassuolo,2,3,1.65,2.16,
Serie A,2020-2021,2020-12-23,Spezia,Genoa,1,2,0.53,1.25,
Serie A,2020-2021,2020-12-23,Udinese,Benevento,0,2,2.47,0.34,
Serie A,2020-2021,2021-01-03,Inter,Crotone,6,2,2.46,1.85,
Serie A,2020-2021,2021-01-03,Atalanta,Sassuolo,5,1,3.5,0.5,
Serie A,2020-2021,2021-01-03,Cagliari,Napoli,1,4,0.86,5.25,
Serie A,2020-2021,2021-01-03,Fiorentina,Bologna,0,0,0.35,0.63,
Serie A,2020-2021,2021-01-03,Genoa,Lazio,1,1,1.15,1.35,
Serie A,2020-2021,2021-01-03,Parma Calcio 1913,Torino,0,3,0.85,1.67,
Serie A,2020-2021,2021-01-03,Roma,Sampdoria,1,0,2.41,0.23,
Serie A,2020-2021,2021-01-03,Spezia,Verona,0,1,0.45,1.55,
Serie A,2020-2021,2021-01-03,Benevento,AC Milan,0,2,2.35,1.54,
Serie A,2020-2021,2021-01-03,Juventus,Udinese,4,1,3.54,1.76,
Serie A,2020-2021,2021-01-06,Cagliari,Benevento,1,2,1.17,1.23,
Serie A,2020-2021,2021-01-06,Atalanta,Parma Calcio 1913,3,0,2.39,0.05,
Serie A,2020-2021,2021-01-06,Bologna,Udinese,2,2,1.31,1.7,
Serie A,2020-2021,2021-01-06,Crotone,Roma,1,3,0.5,1.9,
Serie A,2020-2021,2021-01-06,Lazio,Fiorentina,2,1,1.92,1.77,
Serie A,2020-2021,2021-01-06,Sampdoria,Inter,2,1,1.34,2.49,
Serie A,2020-2021,2021-01-06,Sassuolo,Genoa,2,1,2.26,1.05,
Serie A,2020-2021,2021-01-06,Torino,Verona,1,1,1.36,0.3,
Serie A,2020-2021,2021-01-06,Napoli,Spezia,1,2,4.01,1.93,
Serie A,2020-2021,2021-01-06,AC Milan,Juventus,1,3,1.03,2.36,
Serie A,2020-2021,2021-01-09,Benevento,Atalanta,1,4,0.95,4.08,
Serie A,2020-2021,2021-01-09,Genoa,Bologna,2,0,1.05,1.04,
Serie A,2020-2021,2021-01-09,AC Milan,Torino,2,0,1.59,0.37,
Serie A,2020-2021,2021-01-10,Roma,Inter,2,2,0.9,1.93,
Serie A,2020-2021,2021-01-10,Parma Calcio 1913,Lazio,0,2,0.38,3.42,
Serie A,2020-2021,2021-01-10,Udinese,Napoli,1,2,2.22,1.76,
Serie A,2020-2021,2021-01-10,Verona,Crotone,2,1,1.29,0.83,
Serie A,2020-2021,2021-01-10,Fiorentina,Cagliari,1,0,1.91,1.26,
Serie A,2020-2021,2021-01-10,Juventus,Sassuolo,3,1,3.04,0.54,
Serie A,2020-2021,2021-01-11,Spezia,Sampdoria,2,1,1.72,0.43,
Serie A,2020-2021,2021-01-15,Lazio,Roma,3,0,0.94,0.64,
Serie A,2020-2021,2021-01-16,Bologna,Verona,1,0,2.59,0.7,
Serie A,2020-2021,2021-01-16,Torino,Spezia,0,0,0.99,0.31,
Serie A,2020-2021,2021-01-16,Sampdoria,Udinese,2,1,1.51,2.78,
Serie A,2020-2021,2021-01-17,Napoli,Fiorentina,6,0,2.24,1.14,
Serie A,2020-2021,2021-01-17,Crotone,Benevento,4,1,1.5,2.46,
Serie A,2020-2021,2021-01-17,Sassuolo,Parma Calcio 1913,1,1,1.81,0.7,
Serie A,2020-2021,2021-01-17,Atalanta,Genoa,0,0,2.08,0.91,
Serie A,2020-2021,2021-01-17,Inter,Juventus,2,0,1.73,0.37,
Serie A,2020-2021,2021-01-18,Cagliari,AC Milan,0,2,1.19,1.7,
Serie A,2020-2021,2021-01-20,Udinese,Atalanta,1,1,0.42,1.28,
Serie A,2020-2021,2021-01-22,Benevento,Torino,2,2,1.6,1.45,
Serie A,2020-2021,2021-01-23,Roma,Spezia,4,3,2.59,1.46,
Serie A,2020-2021,2021-01-23,AC Milan,Atalanta,0,3,1.74,2.4,
Serie A,2020-2021,2021-01-23,Udinese,Inter,0,0,0.21,0.73,
Serie A,2020-2021,2021-01-23,Fiorentina,Crotone,2,1,1.04,0.61,
Serie A,2020-2021,2021-01-24,Juventus,Bologna,2,0,3.52,0.43,
Serie A,2020-2021,2021-01-24,Genoa,Cagliari,1,0,2.49,1.27,
Serie A,2020-2021,2021-01-24,Verona,Napoli,3,1,2.35,0.9,
Serie A,2020-2021,2021-01-24,Lazio,Sassuolo,2,1,2.01,0.66,
Serie A,2020-2021,2021-01-24,Parma Calcio 1913,Sampdoria,0,2,1.05,2.19,
Serie A,2020-2021,2021-01-29,Torino,Fiorentina,1,1,2.16,1.48,
Serie A,2020-2021,2021-01-30,Bologna,AC Milan,1,2,1.35,3.33,
Serie A,2020-2021,2021-01-30,Sampdoria,Juventus,0,2,0.24,1.64,
Serie A,2020-2021,2021-01-30,Inter,Benevento,4,0,1.66,0.0,
Serie A,2020-2021,2021-01-31,Spezia,Udinese,0,1,0.82,1.2,
Serie A,2020-2021,2021-01-31,Crotone,Genoa,0,3,0.64,1.25,
Serie A,2020-2021,2021-01-31,Atalanta,Lazio,1,3,1.18,2.39,
Serie A,2020-2021,2021-01-31,Cagliari,Sassuolo,1,1,0.88,1.9,
Serie A,2020-2021,2021-01-31,Napoli,Parma Calcio 1913,2,0,1.06,0.54,
Serie A,2020-2021,2021-01-31,Roma,Verona,3,1,2.18,0.73,
Serie A,2020-2021,2021-02-05,Fiorentina,Inter,0,2,0.54,2.48,
Serie A,2020-2021,2021-02-06,Sassuolo,Spezia,1,2,0.97,1.65,
Serie A,2020-2021,2021-02-06,Atalanta,Torino,3,3,2.06,2.8,
Serie A,2020-2021,2021-02-06,Juventus,Roma,2,0,0.25,0.65,
Serie A,2020-2021,2021-02-06,Genoa,Napoli,2,1,1.09,2.09,
Serie A,2020-2021,2021-02-07,Benevento,Sampdoria,1,1,0.95,1.7,
Serie A,2020-2021,2021-02-07,AC Milan,Crotone,4,0,3.27,0.48,
Serie A,2020-2021,2021-02-07,Udinese,Verona,2,0,2.22,0.32,
Serie A,2020-2021,2021-02-07,Parma Calcio 1913,Bologna,0,3,0.79,1.45,
Serie A,2020-2021,2021-02-07,Lazio,Cagliari,1,0,1.02,1.24,
Serie A,2020-2021,2021-02-12,Bologna,Benevento,1,1,1.92,0.8,
Serie A,2020-2021,2021-02-13,Torino,Genoa,0,0,0.41,0.21,
Serie A,2020-2021,2021-02-13,Napoli,Juventus,1,0,1.06,2.01,
Serie A,2020-2021,2021-02-13,Spezia,AC Milan,2,0,1.33,0.52,
Serie A,2020-2021,2021-02-14,Roma,Udinese,3,0,2.98,0.31,
Serie A,2020-2021,2021-02-14,Cagliari,Atalanta,0,1,0.2,0.97,
Serie A,2020-2021,2021-02-14,Sampdoria,Fiorentina,2,1,1.37,1.28,
Serie A,2020-2021,2021-02-14,Crotone,Sassuolo,1,2,0.74,2.78,
Serie A,2020-2021,2021-02-14,Inter,Lazio,3,1,2.42,0.98,
Serie A,2020-2021,2021-02-15,Verona,Parma Calcio 1913,2,1,1.26,1.28,
Serie A,2020-2021,2021-02-19,Fiorentina,Spezia,3,0,2.08,0.85,
Serie A,2020-2021,2021-02-19,Cagliari,Torino,0,1,0.8,1.16,
Serie A,2020-2021,2021-02-20,Lazio,Sampdoria,1,0,1.37,1.27,
Serie A,2020-2021,2021-02-20,Genoa,Verona,2,2,0.94,1.18,
Serie A,2020-2021,2021-02-20,Sassuolo,Bologna,1,1,1.75,0.55,
Serie A,2020-2021,2021-02-21,Parma Calcio 1913,Udinese,2,2,2.72,1.35,
Serie A,2020-2021,2021-02-21,AC Milan,Inter,0,3,0.71,2.96,
Serie A,2020-2021,2021-02-21,Atalanta,Napoli,4,2,2.68,0.62,
Serie A,2020-2021,2021-02-21,Benevento,Roma,0,0,0.25,0.92,
Serie A,2020-2021,2021-02-22,Juventus,Crotone,3,0,4.42,0.65,
Serie A,2020-2021,2021-02-27,Spezia,Parma Calcio 1913,2,2,1.5,1.22,
Serie A,2020-2021,2021-02-27,Bologna,Lazio,2,0,1.3,2.5,
Serie A,2020-2021,2021-02-27,Verona,Juventus,1,1,0.7,1.22,
Serie A,2020-2021,2021-02-28,Sampdoria,Atalanta,0,2,0.46,1.37,
Serie A,2020-2021,2021-02-28,Crotone,Cagliari,0,2,0.86,1.48,
Serie A,2020-2021,2021-02-28,Udinese,Fiorentina,1,0,1.01,0.39,
Serie A,2020-2021,2021-02-28,Inter,Genoa,3,0,2.86,0.1,
Serie A,2020-2021,2021-02-28,Napoli,Benevento,2,0,2.35,0.43,
Serie A,2020-2021,2021-02-28,Roma,AC Milan,1,2,1.2,3.25,
Serie A,2020-2021,2021-03-02,Juventus,Spezia,3,0,2.62,1.26,
Serie A,2020-2021,2021-03-03,Sassuolo,Napoli,3,3,2.47,2.54,
Serie A,2020-2021,2021-03-03,Fiorentina,Roma,1,2,0.44,1.38,
Serie A,2020-2021,2021-03-03,Genoa,Sampdoria,1,1,0.28,0.55,
Serie A,2020-2021,2021-03-03,AC Milan,Udinese,1,1,1.31,0.77,
Serie A,2020-2021,2021-03-03,Benevento,Verona,0,3,0.35,1.81,
Serie A,2020-2021,2021-03-03,Cagliari,Bologna,1,0,0.92,0.57,
Serie A,2020-2021,2021-03-03,Atalanta,Crotone,5,1,3.83,0.6,
Serie A,2020-2021,2021-03-04,Parma Calcio 1913,Inter,1,2,0.81,3.46,
Serie A,2020-2021,2021-03-06,Spezia,Benevento,1,1,1.68,0.32,
Serie A,2020-2021,2021-03-06,Udinese,Sassuolo,2,0,1.72,0.94,
Serie A,2020-2021,2021-03-06,Juventus,Lazio,3,1,1.45,0.88,
Serie A,2020-2021,2021-03-07,Roma,Genoa,1,0,1.11,0.23,
Serie A,2020-2021,2021-03-07,Verona,AC Milan,0,2,1.12,1.02,
Serie A,2020-2021,2021-03-07,Fiorentina,Parma Calcio 1913,3,3,1.26,2.67,
Serie A,2020-2021,2021-03-07,Crotone,Torino,4,2,2.6,1.97,
Serie A,2020-2021,2021-03-07,Sampdoria,Cagliari,2,2,0.53,0.98,
Serie A,2020-2021,2021-03-07,Napoli,Bologna,3,1,1.22,0.77,
Serie A,2020-2021,2021-03-08,Inter,Atalanta,1,0,0.18,0.68,
Serie A,2020-2021,2021-03-12,Lazio,Crotone,3,2,2.71,1.38,
Serie A,2020-2021,2021-03-12,Atalanta,Spezia,3,1,2.01,1.25,
Serie A,2020-2021,2021-03-13,Sassuolo,Verona,3,2,1.56,1.48,
Serie A,2020-2021,2021-03-13,Benevento,Fiorentina,1,4,1.54,2.27,
Serie A,2020-2021,2021-03-13,Genoa,Udinese,1,1,1.65,1.92,
Serie A,2020-2021,2021-03-14,Bologna,Sampdoria,3,1,2.27,1.57,
Serie A,2020-2021,2021-03-14,Torino,Inter,1,2,1.35,2.51,
Serie A,2020-2021,2021-03-14,Parma Calcio 1913,Roma,2,0,2.1,1.68,
Serie A,2020-2021,2021-03-14,Cagliari,Juventus,1,3,0.66,2.34,
Serie A,2020-2021,2021-03-14,AC Milan,Napoli,0,1,1.48,1.35,
Serie A,2020-2021,2021-03-17,Torino,Sassuolo,3,2,2.15,1.41,
Serie A,2020-2021,2021-03-19,Parma Calcio 1913,Genoa,1,2,2.1,0.9,
Serie A,2020-2021,2021-03-20,Crotone,Bologna,2,3,1.95,3.85,
Serie A,2020-2021,2021-03-20,Spezia,Cagliari,2,1,1.04,2.95,
Serie A,2020-2021,2021-03-21,Verona,Atalanta,0,2,0.15,2.07,
Serie A,2020-2021,2021-03-21,Udinese,Lazio,0,1,1.92,1.51,
Serie A,2020-2021,2021-03-21,Juventus,Benevento,0,1,2.31,0.25,
Serie A,2020-2021,2021-03-21,Sampdoria,Torino,1,0,0.77,0.74,
Serie A,2020-2021,2021-03-21,Fiorentina,AC Milan,2,3,0.45,1.83,
Serie A,2020-2021,2021-03-21,Roma,Napoli,0,2,0.73,1.07,
Serie A,2020-2021,2021-04-03,AC Milan,Sampdoria,1,1,0.97,1.02,
Serie A,2020-2021,2021-04-03,Napoli,Crotone,4,3,3.45,1.17,
Serie A,2020-2021,2021-04-03,Genoa,Fiorentina,1,1,1.18,0.91,
Serie A,2020-2021,2021-04-03,Benevento,Parma Calcio 1913,2,2,1.39,1.21,
Serie A,2020-2021,2021-04-03,Sassuolo,Roma,2,2,3.38,1.55,
Serie A,2020-2021,2021-04-03,Lazio,Spezia,2,1,2.37,0.94,
Serie A,2020-2021,2021-04-03,Atalanta,Udinese,3,2,2.63,0.74,
Serie A,2020-2021,2021-04-03,Cagliari,Verona,0,2,1.24,1.3,
Serie A,2020-2021,2021-04-03,Torino,Juventus,2,2,1.16,3.3,
Serie A,2020-2021,2021-04-03,Bologna,Inter,0,1,1.27,2.12,
Serie A,2020-2021,2021-04-07,Juventus,Napoli,2,1,1.61,1.36,
Serie A,2020-2021,2021-04-07,Inter,Sassuolo,2,1,1.28,0.87,
Serie A,2020-2021,2021-04-10,Spezia,Crotone,3,2,1.39,1.44,
Serie A,2020-2021,2021-04-10,Parma Calcio 1913,AC Milan,1,3,1.7,1.01,
Serie A,2020-2021,2021-04-10,Udinese,Torino,0,1,1.03,1.54,
Serie A,2020-2021,2021-04-11,Inter,Cagliari,1,0,1.26,0.24,
Serie A,2020-2021,2021-04-11,Juventus,Genoa,3,1,2.83,1.47,
Serie A,2020-2021,2021-04-11,Verona,Lazio,0,1,0.22,0.46,
Serie A,2020-2021,2021-04-11,Sampdoria,Napoli,0,2,0.9,1.9,
Serie A,2020-2021,2021-04-11,Roma,Bologna,1,0,1.37,2.01,
Serie A,2020-2021,2021-04-11,Fiorentina,Atalanta,2,3,1.29,3.08,
Serie A,2020-2021,2021-04-12,Benevento,Sassuolo,0,1,0.39,1.28,
Serie A,2020-2021,2021-04-17,Crotone,Udinese,1,2,1.57,0.83,
Serie A,2020-2021,2021-04-17,Sampdoria,Verona,3,1,1.94,1.32,
Serie A,2020-2021,2021-04-17,Sassuolo,Fiorentina,3,1,2.28,0.78,
Serie A,2020-2021,2021-04-17,Cagliari,Parma Calcio 1913,4,3,2.36,1.62,
Serie A,2020-2021,2021-04-18,AC Milan,Genoa,2,1,1.22,1.31,
Serie A,2020-2021,2021-04-18,Lazio,Benevento,5,3,3.64,1.4,
Serie A,2020-2021,2021-04-18,Atalanta,Juventus,1,0,0.98,0.8,
Serie A,2020-2021,2021-04-18,Bologna,Spezia,4,1,3.13,0.53,
Serie A,2020-2021,2021-04-18,Torino,Roma,3,1,3.37,1.51,
Serie A,2020-2021,2021-04-18,Napoli,Inter,1,1,0.58,1.02,
Serie A,2020-2021,2021-04-20,Verona,Fiorentina,1,2,1.96,1.14,
Serie A,2020-2021,2021-04-21,AC Milan,Sassuolo,1,2,1.11,2.14,
Serie A,2020-2021,2021-04-21,Genoa,Benevento,2,2,1.28,1.04,
Serie A,2020-2021,2021-04-21,Udinese,Cagliari,0,1,0.76,1.38,
Serie A,2020-2021,2021-04-21,Spezia,Inter,1,1,0.03,2.88,
Serie A,2020-2021,2021-04-21,Juventus,Parma Calcio 1913,3,1,2.5,1.31,
Serie A,2020-2021,2021-04-21,Crotone,Sampdoria,0,1,0.69,2.04,
Serie A,2020-2021,2021-04-21,Bologna,Torino,1,1,0.33,1.86,
Serie A,2020-2021,2021-04-22,Roma,Atalanta,1,1,1.11,2.39,
Serie A,2020-2021,2021-04-22,Napoli,Lazio,5,2,1.59,1.44,
Serie A,2020-2021,2021-04-24,Genoa,Spezia,2,0,2.46,0.93,
Serie A,2020-2021,2021-04-24,Parma Calcio 1913,Crotone,3,4,2.13,2.72,
Serie A,2020-2021,2021-04-24,Sassuolo,Sampdoria,1,0,1.66,0.99,
Serie A,2020-2021,2021-04-25,Benevento,Udinese,2,4,2.52,1.35,
Serie A,2020-2021,2021-04-25,Fiorentina,Juventus,1,1,1.21,1.16,
Serie A,2020-2021,2021-04-25,Inter,Verona,1,0,0.86,1.06,
Serie A,2020-2021,2021-04-25,Cagliari,Roma,3,2,1.26,1.58,
Serie A,2020-2021,2021-04-25,Atalanta,Bologna,5,0,4.46,0.9,
Serie A,2020-2021,2021-04-26,Torino,Napoli,0,2,1.05,3.05,
Serie A,2020-2021,2021-04-26,Lazio,AC Milan,3,0,2.28,1.83,
Serie A,2020-2021,2021-05-01,Verona,Spezia,1,1,2.04,1.18,
Serie A,2020-2021,2021-05-01,Crotone,Inter,0,2,0.76,2.34,
Serie A,2020-2021,2021-05-01,AC Milan,Benevento,2,0,3.45,0.74,
Serie A,2020-2021,2021-05-02,Lazio,Genoa,4,3,2.9,1.12,
Serie A,2020-2021,2021-05-02,Sassuolo,Atalanta,1,1,1.26,1.95,
Serie A,2020-2021,2021-05-02,Napoli,Cagliari,1,1,2.91,1.89,
Serie A,2020-2021,2021-05-02,Bologna,Fiorentina,3,3,1.94,2.01,
Serie A,2020-2021,2021-05-02,Udinese,Juventus,1,2,0.37,2.79,
Serie A,2020-2021,2021-05-02,Sampdoria,Roma,2,0,1.37,1.64,
Serie A,2020-2021,2021-05-03,Torino,Parma Calcio 1913,1,0,1.35,0.4,
Serie A,2020-2021,2021-05-08,Udinese,Bologna,1,1,0.49,2.53,
Serie A,2020-2021,2021-05-08,Spezia,Napoli,1,4,1.27,2.32,
Serie A,2020-2021,2021-05-08,Inter,Sampdoria,5,1,1.96,1.41,
Serie A,2020-2021,2021-05-08,Fiorentina,Lazio,2,0,1.43,0.98,
Serie A,2020-2021,2021-05-09,Genoa,Sassuolo,1,2,0.75,1.92,
Serie A,2020-2021,2021-05-09,Parma Calcio 1913,Atalanta,2,5,1.06,3.17,
Serie A,2020-2021,2021-05-09,Benevento,Cagliari,1,3,1.12,1.95,
Serie A,2020-2021,2021-05-09,Verona,Torino,1,1,1.76,0.86,
Serie A,2020-2021,2021-05-09,Roma,Crotone,5,0,2.34,0.29,
Serie A,2020-2021,2021-05-09,Juventus,AC Milan,0,3,1.1,1.23,
Serie A,2020-2021,2021-05-11,Napoli,Udinese,5,1,3.38,0.19,
Serie A,2020-2021,2021-05-12,Cagliari,Fiorentina,0,0,0.35,0.11,
Serie A,2020-2021,2021-05-12,Atalanta,Benevento,2,0,1.79,0.18,
Serie A,2020-2021,2021-05-12,Bologna,Genoa,0,2,2.31,1.66,
Serie A,2020-2021,2021-05-12,Sassuolo,Juventus,1,3,2.24,1.37,
Serie A,2020-2021,2021-05-12,Torino,AC Milan,0,7,0.86,4.31,
Serie A,2020-2021,2021-05-12,Lazio,Parma Calcio 1913,1,0,1.36,0.57,
Serie A,2020-2021,2021-05-12,Inter,Roma,3,1,2.31,0.96,
Serie A,2020-2021,2021-05-12,Sampdoria,Spezia,2,2,1.84,2.76,
Serie A,2020-2021,2021-05-13,Crotone,Verona,2,1,0.65,0.62,
Serie A,2020-2021,2021-05-15,Genoa,Atalanta,3,4,1.72,2.28,
Serie A,2020-2021,2021-05-15,Spezia,Torino,4,1,2.73,0.94,
Serie A,2020-2021,2021-05-15,Juventus,Inter,3,2,3.17,1.34,
Serie A,2020-2021,2021-05-15,Roma,Lazio,2,0,1.04,0.77,
Serie A,2020-2021,2021-05-16,Fiorentina,Napoli,0,2,0.34,1.91,
Serie A,2020-2021,2021-05-16,Benevento,Crotone,1,1,1.8,1.1,
Serie A,2020-2021,2021-05-16,Udinese,Sampdoria,0,1,0.34,1.4,
Serie A,2020-2021,2021-05-16,Parma Calcio 1913,Sassuolo,1,3,1.0,2.49,
Serie A,2020-2021,2021-05-16,AC Milan,Cagliari,0,0,1.4,0.43,
Serie A,2020-2021,2021-05-17,Verona,Bologna,2,2,1.99,2.04,
Serie A,2020-2021,2021-05-18,Lazio,Torino,0,0,2.15,0.28,
Serie A,2020-2021,2021-05-22,Crotone,Fiorentina,0,0,2.41,0.47,
Serie A,2020-2021,2021-05-22,Cagliari,Genoa,0,1,2.17,1.63,
Serie A,2020-2021,2021-05-22,Sampdoria,Parma Calcio 1913,3,0,1.35,0.72,
Serie A,2020-2021,2021-05-23,Inter,Udinese,5,1,3.53,1.16,
Serie A,2020-2021,2021-05-23,Torino,Benevento,1,1,1.35,0.35,
Serie A,2020-2021,2021-05-23,Bologna,Juventus,1,4,1.06,3.63,
Serie A,2020-2021,2021-05-23,Sassuolo,Lazio,2,0,1.97,0.97,
Serie A,2020-2021,2021-05-23,Atalanta,AC Milan,0,2,0.61,2.06,
Serie A,2020-2021,2021-05-23,Spezia,Roma,2,2,2.87,2.72,
Serie A,2020-2021,2021-05-23,Napoli,Verona,1,1,1.57,0.52,
Serie A,2021-2022,2021-08-21,Verona,Sassuolo,2,3,2.25,1.87,
Serie A,2021-2022,2021-08-21,Inter,Genoa,4,0,2.21,0.97,
Serie A,2021-2022,2021-08-21,Torino,Atalanta,1,2,0.86,1.01,
Serie A,2021-2022,2021-08-21,Empoli,Lazio,1,3,1.13,1.78,
Serie A,2021-2022,2021-08-22,Bologna,Salernitana,3,2,1.73,1.64,
Serie A,2021-2022,2021-08-22,Udinese,Juventus,2,2,2.09,1.49,
Serie A,2021-2022,2021-08-22,Napoli,Venezia,2,0,2.39,0.61,
Serie A,2021-2022,2021-08-22,Roma,Fiorentina,3,1,2.75,0.87,
Serie A,2021-2022,2021-08-23,Cagliari,Spezia,2,2,3.29,1.03,
Serie A,2021-2022,2021-08-23,Sampdoria,AC Milan,0,1,1.25,0.8,
Serie A,2021-2022,2021-08-27,Udinese,Venezia,3,0,3.02,0.91,
Serie A,2021-2022,2021-08-27,Verona,Inter,1,3,0.6,1.84,
Serie A,2021-2022,2021-08-28,Lazio,Spezia,6,1,2.72,0.74,
Serie A,2021-2022,2021-08-28,Atalanta,Bologna,0,0,0.99,0.42,
Serie A,2021-2022,2021-08-28,Fiorentina,Torino,2,1,0.54,0.29,
Serie A,2021-2022,2021-08-28,Juventus,Empoli,0,1,1.82,1.1,
Serie A,2021-2022,2021-08-29,Sassuolo,Sampdoria,0,0,1.23,0.58,
Serie A,2021-2022,2021-08-29,Genoa,Napoli,1,2,0.34,1.15,
Serie A,2021-2022,2021-08-29,AC Milan,Cagliari,4,1,2.67,0.41,
Serie A,2021-2022,2021-08-29,Salernitana,Roma,0,4,0.22,1.89,
Serie A,2021-2022,2021-09-11,Empoli,Venezia,1,2,1.89,2.43,
Serie A,2021-2022,2021-09-11,Napoli,Juventus,2,1,2.19,1.56,
Serie A,2021-2022,2021-09-11,Atalanta,Fiorentina,1,2,2.12,1.81,
Serie A,2021-2022,2021-09-12,Sampdoria,Inter,2,2,1.47,0.97,
Serie A,2021-2022,2021-09-12,Cagliari,Genoa,2,3,1.83,1.25,
Serie A,2021-2022,2021-09-12,Spezia,Udinese,0,1,0.79,0.78,
Serie A,2021-2022,2021-09-12,Torino,Salernitana,4,0,3.0,0.25,
Serie A,2021-2022,2021-09-12,AC Milan,Lazio,2,0,3.48,0.25,
Serie A,2021-2022,2021-09-12,Roma,Sassuolo,2,1,2.33,2.1,
Serie A,2021-2022,2021-09-13,Bologna,Verona,1,0,1.26,0.32,
Serie A,2021-2022,2021-09-17,Sassuolo,Torino,0,1,0.8,2.48,
Serie A,2021-2022,2021-09-18,Genoa,Fiorentina,1,2,1.28,1.12,
Serie A,2021-2022,2021-09-18,Inter,Bologna,6,1,4.28,0.86,
Serie A,2021-2022,2021-09-18,Salernitana,Atalanta,0,1,0.79,1.38,
Serie A,2021-2022,2021-09-19,Empoli,Sampdoria,0,3,0.93,1.35,
Serie A,2021-2022,2021-09-19,Venezia,Spezia,1,2,0.81,0.48,
Serie A,2021-2022,2021-09-19,Verona,Roma,3,2,1.02,0.66,
Serie A,2021-2022,2021-09-19,Lazio,Cagliari,2,2,1.73,1.92,
Serie A,2021-2022,2021-09-19,Juventus,AC Milan,1,1,1.32,1.05,
Serie A,2021-2022,2021-09-20,Udinese,Napoli,0,4,0.24,3.3,
Serie A,2021-2022,2021-09-21,Bologna,Genoa,2,2,2.29,1.7,
Serie A,2021-2022,2021-09-21,Atalanta,Sassuolo,2,1,2.11,0.91,
Serie A,2021-2022,2021-09-21,Fiorentina,Inter,1,3,1.73,2.74,
Serie A,2021-2022,2021-09-22,Salernitana,Verona,2,2,2.69,2.06,
Serie A,2021-2022,2021-09-22,Spezia,Juventus,2,3,1.03,2.55,
Serie A,2021-2022,2021-09-22,Cagliari,Empoli,0,2,0.75,1.15,
Serie A,2021-2022,2021-09-22,AC Milan,Venezia,2,0,2.11,0.58,
Serie A,2021-2022,2021-09-23,Sampdoria,Napoli,0,4,0.57,2.11,
Serie A,2021-2022,2021-09-23,Torino,Lazio,1,1,1.27,0.85,
Serie A,2021-2022,2021-09-23,Roma,Udinese,1,0,1.38,0.81,
Serie A,2021-2022,2021-09-25,Spezia,AC Milan,1,2,0.95,1.74,
Serie A,2021-2022,2021-09-25,Inter,Atalanta,2,2,3.52,1.5,
Serie A,2021-2022,2021-09-25,Genoa,Verona,3,3,1.44,2.07,
Serie A,2021-2022,2021-09-26,Juventus,Sampdoria,3,2,2.63,0.6,
Serie A,2021-2022,2021-09-26,Empoli,Bologna,4,2,1.48,2.5,
Serie A,2021-2022,2021-09-26,Sassuolo,Salernitana,1,0,1.61,1.16,
Serie A,2021-2022,2021-09-26,Udinese,Fiorentina,0,1,0.49,1.14,
Serie A,2021-2022,2021-09-26,Lazio,Roma,3,2,2.48,1.84,
Serie A,2021-2022,2021-09-26,Napoli,Cagliari,2,0,2.06,0.15,
Serie A,2021-2022,2021-09-27,Venezia,Torino,1,1,1.53,0.85,
Serie A,2021-2022,2021-10-01,Cagliari,Venezia,1,1,0.66,0.49,
Serie A,2021-2022,2021-10-02,Salernitana,Genoa,1,0,0.55,1.59,
Serie A,2021-2022,2021-10-02,Torino,Juventus,0,1,0.91,1.9,
Serie A,2021-2022,2021-10-02,Sassuolo,Inter,1,2,1.62,2.04,
Serie A,2021-2022,2021-10-03,Bologna,Lazio,3,0,0.78,0.96,
Serie A,2021-2022,2021-10-03,Verona,Spezia,4,0,0.69,1.58,
Serie A,2021-2022,2021-10-03,Sampdoria,Udinese,3,3,1.53,3.28,
Serie A,2021-2022,2021-10-03,Fiorentina,Napoli,1,2,0.38,1.64,
Serie A,2021-2022,2021-10-03,Roma,Empoli,2,0,1.86,0.44,
Serie A,2021-2022,2021-10-03,Atalanta,AC Milan,2,3,2.63,2.51,
Serie A,2021-2022,2021-10-16,Spezia,Salernitana,2,1,1.68,1.61,
Serie A,2021-2022,2021-10-16,Lazio,Inter,3,1,2.31,1.45,
Serie A,2021-2022,2021-10-16,AC Milan,Verona,3,2,1.52,1.58,
Serie A,2021-2022,2021-10-17,Cagliari,Sampdoria,3,1,1.51,1.79,
Serie A,2021-2022,2021-10-17,Empoli,Atalanta,1,4,0.58,3.84,
Serie A,2021-2022,2021-10-17,Genoa,Sassuolo,2,2,1.38,2.82,
Serie A,2021-2022,2021-10-17,Udinese,Bologna,1,1,1.36,1.5,
Serie A,2021-2022,2021-10-17,Napoli,Torino,1,0,1.33,1.07,
Serie A,2021-2022,2021-10-17,Juventus,Roma,1,0,1.47,1.46,
Serie A,2021-2022,2021-10-18,Venezia,Fiorentina,1,0,0.79,0.43,
Serie A,2021-2022,2021-10-22,Torino,Genoa,3,2,2.24,2.35,
Serie A,2021-2022,2021-10-22,Sampdoria,Spezia,2,1,0.97,1.06,
Serie A,2021-2022,2021-10-23,Salernitana,Empoli,2,4,1.37,2.83,
Serie A,2021-2022,2021-10-23,Sassuolo,Venezia,3,1,2.13,0.51,
Serie A,2021-2022,2021-10-23,Bologna,AC Milan,2,4,0.63,0.91,
Serie A,2021-2022,2021-10-24,Atalanta,Udinese,1,1,0.63,0.67,
Serie A,2021-2022,2021-10-24,Fiorentina,Cagliari,3,0,3.12,0.12,
Serie A,2021-2022,2021-10-24,Verona,Lazio,4,1,3.54,1.42,
Serie A,2021-2022,2021-10-24,Roma,Napoli,0,0,1.63,0.59,
Serie A,2021-2022,2021-10-24,Inter,Juventus,1,1,0.96,1.34,
Serie A,2021-2022,2021-10-26,Spezia,Genoa,1,1,2.41,1.07,
Serie A,2021-2022,2021-10-26,Venezia,Salernitana,1,2,0.62,1.52,
Serie A,2021-2022,2021-10-26,AC Milan,Torino,1,0,1.12,0.49,
Serie A,2021-2022,2021-10-27,Juventus,Sassuolo,1,2,1.15,1.13,
Serie A,2021-2022,2021-10-27,Sampdoria,Atalanta,1,3,0.98,1.99,
Serie A,2021-2022,2021-10-27,Udinese,Verona,1,1,0.94,0.84,
Serie A,2021-2022,2021-10-27,Cagliari,Roma,1,2,1.32,2.5,
Serie A,2021-2022,2021-10-27,Empoli,Inter,0,2,0.54,3.08,
Serie A,2021-2022,2021-10-27,Lazio,Fiorentina,1,0,0.64,0.52,
Serie A,2021-2022,2021-10-28,Napoli,Bologna,3,0,2.68,0.25,
Serie A,2021-2022,2021-10-30,Atalanta,Lazio,2,2,0.72,1.44,
Serie A,2021-2022,2021-10-30,Verona,Juventus,2,1,1.58,1.79,
Serie A,2021-2022,2021-10-30,Torino,Sampdoria,3,0,2.62,0.25,
Serie A,2021-2022,2021-10-31,Inter,Udinese,2,0,2.06,0.3,
Serie A,2021-2022,2021-10-31,Fiorentina,Spezia,3,0,2.82,0.09,
Serie A,2021-2022,2021-10-31,Genoa,Venezia,0,0,0.72,0.49,
Serie A,2021-2022,2021-10-31,Sassuolo,Empoli,1,2,1.24,1.48,
Serie A,2021-2022,2021-10-31,Salernitana,Napoli,0,1,0.41,1.54,
Serie A,2021-2022,2021-10-31,Roma,AC Milan,1,2,1.26,1.86,
Serie A,2021-2022,2021-11-01,Bologna,Cagliari,2,0,1.74,0.4,
Serie A,2021-2022,2021-11-05,Empoli,Genoa,2,2,0.75,1.7,
Serie A,2021-2022,2021-11-06,Spezia,Torino,1,0,0.33,0.42,
Serie A,2021-2022,2021-11-06,Juventus,Fiorentina,1,0,0.98,0.32,
Serie A,2021-2022,2021-11-06,Cagliari,Atalanta,1,2,0.51,3.54,
Serie A,2021-2022,2021-11-07,Venezia,Roma,3,2,3.23,2.77,
Serie A,2021-2022,2021-11-07,Sampdoria,Bologna,1,2,1.06,1.86,
Serie A,2021-2022,2021-11-07,Udinese,Sassuolo,3,2,1.59,0.69,
Serie A,2021-2022,2021-11-07,Lazio,Salernitana,3,0,1.68,0.24,
Serie A,2021-2022,2021-11-07,Napoli,Verona,1,1,0.8,1.23,
Serie A,2021-2022,2021-11-07,AC Milan,Inter,1,1,1.16,2.35,
Serie A,2021-2022,2021-11-20,Atalanta,Spezia,5,2,2.58,0.93,
Serie A,2021-2022,2021-11-20,Lazio,Juventus,0,2,0.25,2.77,
Serie A,2021-2022,2021-11-20,Fiorentina,AC Milan,4,3,1.51,1.57,
Serie A,2021-2022,2021-11-21,Sassuolo,Cagliari,2,2,3.48,1.23,
Serie A,2021-2022,2021-11-21,Bologna,Venezia,0,1,1.0,1.02,
Serie A,2021-2022,2021-11-21,Salernitana,Sampdoria,0,2,0.98,1.53,
Serie A,2021-2022,2021-11-21,Inter,Napoli,3,2,2.2,0.94,
Serie A,2021-2022,2021-11-21,Genoa,Roma,0,2,0.1,2.34,
Serie A,2021-2022,2021-11-22,Verona,Empoli,2,1,1.3,1.56,
Serie A,2021-2022,2021-11-22,Torino,Udinese,2,1,1.94,1.0,
Serie A,2021-2022,2021-11-26,Cagliari,Salernitana,1,1,1.72,0.24,
Serie A,2021-2022,2021-11-27,Empoli,Fiorentina,2,1,2.14,2.4,
Serie A,2021-2022,2021-11-27,Sampdoria,Verona,3,1,0.75,0.7,
Serie A,2021-2022,2021-11-27,Juventus,Atalanta,0,1,0.82,0.57,
Serie A,2021-2022,2021-11-27,Venezia,Inter,0,2,0.19,2.6,
Serie A,2021-2022,2021-11-28,Udinese,Genoa,0,0,0.78,0.6,
Serie A,2021-2022,2021-11-28,AC Milan,Sassuolo,1,3,0.88,1.18,
Serie A,2021-2022,2021-11-28,Spezia,Bologna,0,1,0.64,2.55,
Serie A,2021-2022,2021-11-28,Roma,Torino,1,0,0.96,0.8,
Serie A,2021-2022,2021-11-28,Napoli,Lazio,4,0,1.2,0.27,
Serie A,2021-2022,2021-11-30,Atalanta,Venezia,4,0,2.9,0.52,
Serie A,2021-2022,2021-11-30,Fiorentina,Sampdoria,3,1,2.87,0.63,
Serie A,2021-2022,2021-11-30,Verona,Cagliari,0,0,1.16,0.58,
Serie A,2021-2022,2021-11-30,Salernitana,Juventus,0,2,0.46,2.54,
Serie A,2021-2022,2021-12-01,Bologna,Roma,1,0,0.22,0.91,
Serie A,2021-2022,2021-12-01,Inter,Spezia,2,0,2.85,0.25,
Serie A,2021-2022,2021-12-01,Genoa,AC Milan,0,3,0.36,1.1,
Serie A,2021-2022,2021-12-01,Sassuolo,Napoli,2,2,0.31,0.92,
Serie A,2021-2022,2021-12-02,Torino,Empoli,2,2,1.38,0.97,
Serie A,2021-2022,2021-12-02,Lazio,Udinese,4,4,1.46,2.04,
Serie A,2021-2022,2021-12-04,AC Milan,Salernitana,2,0,2.58,0.19,
Serie A,2021-2022,2021-12-04,Roma,Inter,0,3,0.53,1.67,
Serie A,2021-2022,2021-12-04,Napoli,Atalanta,2,3,1.12,1.53,
Serie A,2021-2022,2021-12-05,Bologna,Fiorentina,2,3,0.59,1.21,
Serie A,2021-2022,2021-12-05,Spezia,Sassuolo,2,2,2.36,1.45,
Serie A,2021-2022,2021-12-05,Venezia,Verona,3,4,1.49,2.09,
Serie A,2021-2022,2021-12-05,Sampdoria,Lazio,1,3,1.15,1.15,
Serie A,2021-2022,2021-12-05,Juventus,Genoa,2,0,3.01,0.0,
Serie A,2021-2022,2021-12-06,Empoli,Udinese,3,1,2.03,2.09,
Serie A,2021-2022,2021-12-06,Cagliari,Torino,1,1,1.21,1.9,
Serie A,2021-2022,2021-12-10,Genoa,Sampdoria,1,3,1.01,2.03,
Serie A,2021-2022,2021-12-11,Fiorentina,Salernitana,4,0,2.74,0.92,
Serie A,2021-2022,2021-12-11,Venezia,Juventus,1,1,0.43,1.54,
Serie A,2021-2022,2021-12-11,Udinese,AC Milan,1,1,2.28,1.15,
Serie A,2021-2022,2021-12-12,Torino,Bologna,2,1,2.13,0.95,
Serie A,2021-2022,2021-12-12,Verona,Atalanta,1,2,1.0,1.02,
Serie A,2021-2022,2021-12-12,Napoli,Empoli,0,1,1.62,0.64,
Serie A,2021-2022,2021-12-12,Sassuolo,Lazio,2,1,0.89,0.73,
Serie A,2021-2022,2021-12-12,Inter,Cagliari,4,0,3.64,0.22,
Serie A,2021-2022,2021-12-13,Roma,Spezia,2,0,2.3,0.61,
Serie A,2021-2022,2021-12-17,Lazio,Genoa,3,1,2.07,0.17,
Serie A,2021-2022,2021-12-17,Salernitana,Inter,0,5,1.09,3.31,
Serie A,2021-2022,2021-12-18,Atalanta,Roma,1,4,1.47,2.0,
Serie A,2021-2022,2021-12-18,Bologna,Juventus,0,2,0.84,1.4,
Serie A,2021-2022,2021-12-18,Cagliari,Udinese,0,4,0.18,0.52,
Serie A,2021-2022,2021-12-19,Fiorentina,Sassuolo,2,2,2.27,1.0,
Serie A,2021-2022,2021-12-19,Spezia,Empoli,1,1,1.37,1.22,
Serie A,2021-2022,2021-12-19,Sampdoria,Venezia,1,1,1.81,0.81,
Serie A,2021-2022,2021-12-19,Torino,Verona,1,0,0.86,0.26,
Serie A,2021-2022,2021-12-19,AC Milan,Napoli,0,1,0.37,0.99,
Serie A,2021-2022,2021-12-21,Genoa,Atalanta,0,0,0.02,1.42,
Serie A,2021-2022,2021-12-21,Juventus,Cagliari,2,0,2.24,1.13,
Serie A,2021-2022,2021-12-22,Sassuolo,Bologna,0,3,0.78,1.49,
Serie A,2021-2022,2021-12-22,Venezia,Lazio,1,3,0.76,1.55,
Serie A,2021-2022,2021-12-22,Verona,Fiorentina,1,1,0.95,1.29,
Serie A,2021-2022,2021-12-22,Inter,Torino,1,0,1.03,0.54,
Serie A,2021-2022,2021-12-22,Roma,Sampdoria,1,1,1.45,1.18,
Serie A,2021-2022,2021-12-22,Empoli,AC Milan,2,4,1.66,1.96,
Serie A,2021-2022,2021-12-22,Napoli,Spezia,0,1,1.45,0.36,
Serie A,2021-2022,2022-01-06,Sampdoria,Cagliari,1,2,0.73,2.19,
Serie A,2021-2022,2022-01-06,Lazio,Empoli,3,3,3.09,2.15,
Serie A,2021-2022,2022-01-06,Spezia,Verona,1,2,1.32,2.16,
Serie A,2021-2022,2022-01-06,Sassuolo,Genoa,1,1,2.16,0.21,
Serie A,2021-2022,2022-01-06,AC Milan,Roma,3,1,3.02,0.86,
Serie A,2021-2022,2022-01-06,Juventus,Napoli,1,1,1.08,0.88,
Serie A,2021-2022,2022-01-09,Venezia,AC Milan,0,3,0.51,3.87,
Serie A,2021-2022,2022-01-09,Empoli,Sassuolo,1,5,1.03,4.05,
Serie A,2021-2022,2022-01-09,Napoli,Sampdoria,1,0,1.43,0.37,
Serie A,2021-2022,2022-01-09,Udinese,Atalanta,2,6,0.73,3.66,
Serie A,2021-2022,2022-01-09,Genoa,Spezia,0,1,0.96,1.76,
Serie A,2021-2022,2022-01-09,Roma,Juventus,3,4,2.53,1.45,
Serie A,2021-2022,2022-01-09,Verona,Salernitana,1,2,1.38,1.28,
Serie A,2021-2022,2022-01-09,Inter,Lazio,2,1,2.15,0.75,
Serie A,2021-2022,2022-01-10,Torino,Fiorentina,4,0,2.52,0.47,
Serie A,2021-2022,2022-01-11,Cagliari,Bologna,2,1,1.47,0.69,
Serie A,2021-2022,2022-01-15,Sampdoria,Torino,1,2,1.29,1.31,
Serie A,2021-2022,2022-01-15,Salernitana,Lazio,0,3,0.23,1.74,
Serie A,2021-2022,2022-01-15,Juventus,Udinese,2,0,1.71,0.55,
Serie A,2021-2022,2022-01-16,Sassuolo,Verona,2,4,0.86,4.12,
Serie A,2021-2022,2022-01-16,Venezia,Empoli,1,1,1.04,1.12,
Serie A,2021-2022,2022-01-16,Roma,Cagliari,1,0,2.01,0.64,
Serie A,2021-2022,2022-01-16,Atalanta,Inter,0,0,1.52,1.51,
Serie A,2021-2022,2022-01-17,Bologna,Napoli,0,2,0.8,2.2,
Serie A,2021-2022,2022-01-17,AC Milan,Spezia,1,2,2.85,1.57,
Serie A,2021-2022,2022-01-17,Fiorentina,Genoa,6,0,3.76,0.08,
Serie A,2021-2022,2022-01-21,Verona,Bologna,2,1,2.05,0.42,
Serie A,2021-2022,2022-01-22,Genoa,Udinese,0,0,1.73,0.06,
Serie A,2021-2022,2022-01-22,Inter,Venezia,2,1,2.87,0.22,
Serie A,2021-2022,2022-01-22,Lazio,Atalanta,0,0,0.27,0.31,
Serie A,2021-2022,2022-01-23,Cagliari,Fiorentina,1,1,2.42,2.56,
Serie A,2021-2022,2022-01-23,Napoli,Salernitana,4,1,4.55,0.08,
Serie A,2021-2022,2022-01-23,Spezia,Sampdoria,1,0,0.53,0.44,
Serie A,2021-2022,2022-01-23,Torino,Sassuolo,1,1,3.25,0.63,
Serie A,2021-2022,2022-01-23,Empoli,Roma,2,4,1.23,2.18,
Serie A,2021-2022,2022-01-23,AC Milan,Juventus,0,0,0.71,0.35,
Serie A,2021-2022,2022-02-05,Roma,Genoa,0,0,1.46,0.54,
Serie A,2021-2022,2022-02-05,Inter,AC Milan,1,2,1.06,1.17,
Serie A,2021-2022,2022-02-05,Fiorentina,Lazio,0,3,0.71,2.49,
Serie A,2021-2022,2022-02-06,Atalanta,Cagliari,1,2,0.98,1.63,
Serie A,2021-2022,2022-02-06,Bologna,Empoli,0,0,0.55,1.88,
Serie A,2021-2022,2022-02-06,Sampdoria,Sassuolo,4,0,2.42,1.33,
Serie A,2021-2022,2022-02-06,Venezia,Napoli,0,2,0.39,1.8,
Serie A,2021-2022,2022-02-06,Udinese,Torino,2,0,1.18,0.23,
Serie A,2021-2022,2022-02-06,Juventus,Verona,2,0,1.38,0.43,
Serie A,2021-2022,2022-02-07,Salernitana,Spezia,2,2,0.42,2.0,
Serie A,2021-2022,2022-02-12,Lazio,Bologna,3,0,2.16,0.98,
Serie A,2021-2022,2022-02-12,Napoli,Inter,1,1,1.88,0.77,
Serie A,2021-2022,2022-02-12,Torino,Venezia,1,2,0.55,0.47,
Serie A,2021-2022,2022-02-13,AC Milan,Sampdoria,1,0,1.59,0.17,
Serie A,2021-2022,2022-02-13,Empoli,Cagliari,1,1,0.62,0.83,
Serie A,2021-2022,2022-02-13,Genoa,Salernitana,1,1,2.59,0.97,
Serie A,2021-2022,2022-02-13,Verona,Udinese,4,0,0.62,1.01,
Serie A,2021-2022,2022-02-13,Sassuolo,Roma,2,2,1.08,1.74,
Serie A,2021-2022,2022-02-13,Atalanta,Juventus,1,1,2.46,1.04,
Serie A,2021-2022,2022-02-14,Spezia,Fiorentina,1,2,0.49,2.36,
Serie A,2021-2022,2022-02-18,Juventus,Torino,1,1,0.77,0.85,
Serie A,2021-2022,2022-02-19,Sampdoria,Empoli,2,0,0.57,1.32,
Serie A,2021-2022,2022-02-19,Roma,Verona,2,2,0.31,0.82,
Serie A,2021-2022,2022-02-19,Salernitana,AC Milan,2,2,0.6,1.2,
Serie A,2021-2022,2022-02-20,Fiorentina,Atalanta,1,0,0.71,0.4,
Serie A,2021-2022,2022-02-20,Venezia,Genoa,1,1,1.1,1.77,
Serie A,2021-2022,2022-02-20,Inter,Sassuolo,0,2,3.35,1.94,
Serie A,2021-2022,2022-02-20,Udinese,Lazio,1,1,1.85,1.34,
Serie A,2021-2022,2022-02-21,Cagliari,Napoli,1,1,2.25,1.45,
Serie A,2021-2022,2022-02-21,Bologna,Spezia,2,1,2.01,0.26,
Serie A,2021-2022,2022-02-25,AC Milan,Udinese,1,1,0.78,0.7,
Serie A,2021-2022,2022-02-25,Genoa,Inter,0,0,0.77,1.16,
Serie A,2021-2022,2022-02-26,Salernitana,Bologna,1,1,1.32,0.61,
Serie A,2021-2022,2022-02-26,Empoli,Juventus,2,3,1.37,2.14,
Serie A,2021-2022,2022-02-26,Sassuolo,Fiorentina,2,1,1.73,2.14,
Serie A,2021-2022,2022-02-27,Torino,Cagliari,1,2,1.37,1.7,
Serie A,2021-2022,2022-02-27,Verona,Venezia,3,1,3.53,0.97,
Serie A,2021-2022,2022-02-27,Spezia,Roma,0,1,0.36,4.56,
Serie A,2021-2022,2022-02-27,Lazio,Napoli,1,2,1.43,0.85,
Serie A,2021-2022,2022-02-28,Atalanta,Sampdoria,4,0,2.69,0.48,
Serie A,2021-2022,2022-03-04,Inter,Salernitana,5,0,4.69,0.84,
Serie A,2021-2022,2022-03-05,Udinese,Sampdoria,2,1,2.57,0.66,
Serie A,2021-2022,2022-03-05,Roma,Atalanta,1,0,1.75,1.06,
Serie A,2021-2022,2022-03-05,Cagliari,Lazio,0,3,0.6,2.68,
Serie A,2021-2022,2022-03-06,Genoa,Empoli,0,0,1.26,0.32,
Serie A,2021-2022,2022-03-06,Bologna,Torino,0,0,0.24,0.75,
Serie A,2021-2022,2022-03-06,Fiorentina,Verona,1,1,1.54,0.97,
Serie A,2021-2022,2022-03-06,Venezia,Sassuolo,1,4,3.1,3.71,
Serie A,2021-2022,2022-03-06,Juventus,Spezia,1,0,1.42,0.98,
Serie A,2021-2022,2022-03-06,Napoli,AC Milan,0,1,0.38,1.3,
Serie A,2021-2022,2022-03-12,Salernitana,Sassuolo,2,2,1.64,1.59,
Serie A,2021-2022,2022-03-12,Spezia,Cagliari,2,0,2.3,0.49,
Serie A,2021-2022,2022-03-12,Sampdoria,Juventus,1,3,1.39,1.44,
Serie A,2021-2022,2022-03-12,AC Milan,Empoli,1,0,0.87,0.7,
Serie A,2021-2022,2022-03-13,Fiorentina,Bologna,1,0,2.74,0.97,
Serie A,2021-2022,2022-03-13,Verona,Napoli,1,2,0.87,2.07,
Serie A,2021-2022,2022-03-13,Atalanta,Genoa,0,0,1.17,0.73,
Serie A,2021-2022,2022-03-13,Udinese,Roma,1,1,0.93,1.08,
Serie A,2021-2022,2022-03-13,Torino,Inter,1,1,2.3,2.66,
Serie A,2021-2022,2022-03-14,Lazio,Venezia,1,0,1.46,0.4,
Serie A,2021-2022,2022-03-18,Sassuolo,Spezia,4,1,2.44,0.28,
Serie A,2021-2022,2022-03-18,Genoa,Torino,1,0,0.95,0.52,
Serie A,2021-2022,2022-03-19,Napoli,Udinese,2,1,1.28,0.77,
Serie A,2021-2022,2022-03-19,Inter,Fiorentina,1,1,1.0,1.05,
Serie A,2021-2022,2022-03-19,Cagliari,AC Milan,0,1,0.75,2.42,
Serie A,2021-2022,2022-03-20,Venezia,Sampdoria,0,2,1.65,1.4,
Serie A,2021-2022,2022-03-20,Empoli,Verona,1,1,0.93,1.54,
Serie A,2021-2022,2022-03-20,Juventus,Salernitana,2,0,2.41,0.44,
Serie A,2021-2022,2022-03-20,Roma,Lazio,3,0,2.48,0.36,
Serie A,2021-2022,2022-03-20,Bologna,Atalanta,0,1,1.6,1.58,
Serie A,2021-2022,2022-04-02,Spezia,Venezia,1,0,1.14,0.53,
Serie A,2021-2022,2022-04-02,Lazio,Sassuolo,2,1,2.09,1.71,
Serie A,2021-2022,2022-04-02,Salernitana,Torino,0,1,1.08,1.45,
Serie A,2021-2022,2022-04-03,Fiorentina,Empoli,1,0,1.72,0.21,
Serie A,2021-2022,2022-04-03,Atalanta,Napoli,1,3,1.67,1.85,
Serie A,2021-2022,2022-04-03,Udinese,Cagliari,5,1,5.37,0.26,
Serie A,2021-2022,2022-04-03,Sampdoria,Roma,0,1,0.45,1.18,
Serie A,2021-2022,2022-04-03,Juventus,Inter,0,1,1.9,1.05,
Serie A,2021-2022,2022-04-04,Verona,Genoa,1,0,1.21,0.71,
Serie A,2021-2022,2022-04-04,AC Milan,Bologna,0,0,1.84,0.79,
Serie A,2021-2022,2022-04-09,Empoli,Spezia,0,0,0.89,1.52,
Serie A,2021-2022,2022-04-09,Inter,Verona,2,0,2.68,0.92,
Serie A,2021-2022,2022-04-09,Cagliari,Juventus,1,2,0.21,1.58,
Serie A,2021-2022,2022-04-10,Genoa,Lazio,1,4,0.58,2.16,
Serie A,2021-2022,2022-04-10,Napoli,Fiorentina,2,3,1.45,0.89,
Serie A,2021-2022,2022-04-10,Sassuolo,Atalanta,2,1,1.66,1.86,
Serie A,2021-2022,2022-04-10,Venezia,Udinese,1,2,1.18,3.08,
Serie A,2021-2022,2022-04-10,Roma,Salernitana,2,1,1.96,0.54,
Serie A,2021-2022,2022-04-10,Torino,AC Milan,0,0,0.64,0.69,
Serie A,2021-2022,2022-04-11,Bologna,Sampdoria,2,0,2.56,0.57,
Serie A,2021-2022,2022-04-15,Spezia,Inter,1,3,0.41,2.74,
Serie A,2021-2022,2022-04-15,AC Milan,Genoa,2,0,1.82,0.25,
Serie A,2021-2022,2022-04-16,Cagliari,Sassuolo,1,0,1.91,0.29,
Serie A,2021-2022,2022-04-16,Sampdoria,Salernitana,1,2,0.9,0.51,
Serie A,2021-2022,2022-04-16,Udinese,Empoli,4,1,1.12,1.96,
Serie A,2021-2022,2022-04-16,Fiorentina,Venezia,1,0,3.79,0.13,
Serie A,2021-2022,2022-04-16,Juventus,Bologna,1,1,2.24,0.99,
Serie A,2021-2022,2022-04-16,Lazio,Torino,1,1,0.99,0.98,
Serie A,2021-2022,2022-04-18,Napoli,Roma,1,1,1.3,1.35,
Serie A,2021-2022,2022-04-18,Atalanta,Verona,1,2,1.27,3.75,
Serie A,2021-2022,2022-04-20,Udinese,Salernitana,0,1,0.48,1.09,
Serie A,2021-2022,2022-04-23,Torino,Spezia,2,1,2.69,0.99,
Serie A,2021-2022,2022-04-23,Venezia,Atalanta,1,3,0.7,3.55,
Serie A,2021-2022,2022-04-23,Inter,Roma,3,1,1.79,1.23,
Serie A,2021-2022,2022-04-23,Verona,Sampdoria,1,1,1.43,0.91,
Serie A,2021-2022,2022-04-24,Salernitana,Fiorentina,2,1,1.32,0.51,
Serie A,2021-2022,2022-04-24,Bologna,Udinese,2,2,0.93,1.71,
Serie A,2021-2022,2022-04-24,Empoli,Napoli,3,2,1.8,1.31,
Serie A,2021-2022,2022-04-24,Genoa,Cagliari,1,0,0.73,0.92,
Serie A,2021-2022,2022-04-24,Lazio,AC Milan,1,2,0.75,2.45,
Serie A,2021-2022,2022-04-25,Sassuolo,Juventus,1,2,1.38,0.54,
Serie A,2021-2022,2022-04-27,Fiorentina,Udinese,0,4,2.81,3.33,
Serie A,2021-2022,2022-04-27,Bologna,Inter,2,1,1.38,2.44,
Serie A,2021-2022,2022-04-27,Atalanta,Torino,4,4,2.63,2.44,
Serie A,2021-2022,2022-04-30,Cagliari,Verona,1,2,0.7,1.59,
Serie A,2021-2022,2022-04-30,Napoli,Sassuolo,6,1,3.24,1.15,
Serie A,2021-2022,2022-04-30,Sampdoria,Genoa,1,0,1.55,1.55,
Serie A,2021-2022,2022-04-30,Spezia,Lazio,3,4,1.6,3.14,
Serie A,2021-2022,2022-05-01,Juventus,Venezia,2,1,2.28,0.75,
Serie A,2021-2022,2022-05-01,Empoli,Torino,1,3,0.72,3.03,
Serie A,2021-2022,2022-05-01,AC Milan,Fiorentina,1,0,1.55,0.52,
Serie A,2021-2022,2022-05-01,Udinese,Inter,1,2,1.23,2.52,
Serie A,2021-2022,2022-05-01,Roma,Bologna,0,0,0.99,1.45,
Serie A,2021-2022,2022-05-02,Atalanta,Salernitana,1,1,1.48,1.44,
Serie A,2021-2022,2022-05-05,Salernitana,Venezia,2,1,1.98,1.32,
Serie A,2021-2022,2022-05-06,Inter,Empoli,4,2,5.56,0.68,
Serie A,2021-2022,2022-05-06,Genoa,Juventus,2,1,3.11,1.96,
Serie A,2021-2022,2022-05-07,Torino,Napoli,0,1,0.57,1.58,
Serie A,2021-2022,2022-05-07,Sassuolo,Udinese,1,1,1.51,2.43,
Serie A,2021-2022,2022-05-07,Lazio,Sampdoria,2,0,2.36,0.73,
Serie A,2021-2022,2022-05-08,Spezia,Atalanta,1,3,1.1,2.42,
Serie A,2021-2022,2022-05-08,Venezia,Bologna,4,3,2.47,2.43,
Serie A,2021-2022,2022-05-08,Salernitana,Cagliari,1,1,1.63,0.38,
Serie A,2021-2022,2022-05-08,Verona,AC Milan,1,3,1.08,3.13,
Serie A,2021-2022,2022-05-09,Fiorentina,Roma,2,0,1.7,0.58,
Serie A,2021-2022,2022-05-14,Empoli,Salernitana,1,1,1.77,3.34,
Serie A,2021-2022,2022-05-14,Verona,Torino,0,1,0.69,1.74,
Serie A,2021-2022,2022-05-14,Udinese,Spezia,2,3,1.4,2.65,
Serie A,2021-2022,2022-05-14,Roma,Venezia,1,1,3.02,0.34,
Serie A,2021-2022,2022-05-15,Bologna,Sassuolo,1,3,1.65,2.61,
Serie A,2021-2022,2022-05-15,Napoli,Genoa,3,0,2.35,1.03,
Serie A,2021-2022,2022-05-15,AC Milan,Atalanta,2,0,1.53,0.78,
Serie A,2021-2022,2022-05-15,Cagliari,Inter,1,3,0.67,2.63,
Serie A,2021-2022,2022-05-16,Sampdoria,Fiorentina,4,1,1.77,1.57,
Serie A,2021-2022,2022-05-16,Juventus,Lazio,2,2,0.77,0.84,
Serie A,2021-2022,2022-05-20,Torino,Roma,0,3,0.52,2.72,
Serie A,2021-2022,2022-05-21,Genoa,Bologna,0,1,0.92,1.07,
Serie A,2021-2022,2022-05-21,Atalanta,Empoli,0,1,3.28,0.29,
Serie A,2021-2022,2022-05-21,Fiorentina,Juventus,2,0,1.39,0.07,
Serie A,2021-2022,2022-05-21,Lazio,Verona,3,3,3.46,1.97,
Serie A,2021-2022,2022-05-22,Spezia,Napoli,0,3,1.7,1.78,
Serie A,2021-2022,2022-05-22,Inter,Sampdoria,3,0,2.96,0.84,
Serie A,2021-2022,2022-05-22,Sassuolo,AC Milan,0,3,0.29,4.01,
Serie A,2021-2022,2022-05-22,Salernitana,Udinese,0,4,2.38,2.36,
Serie A,2021-2022,2022-05-22,Venezia,Cagliari,0,0,0.67,1.58,
Serie A,2022-2023,2022-08-13,AC Milan,Udinese,4,2,2.68,0.44,
Serie A,2022-2023,2022-08-13,Sampdoria,Atalanta,0,2,0.62,2.29,
Serie A,2022-2023,2022-08-13,Monza,Torino,1,2,1.03,3.14,
Serie A,2022-2023,2022-08-13,Lecce,Inter,1,2,0.75,2.53,
Serie A,2022-2023,2022-08-14,Lazio,Bologna,2,1,0.71,1.6,
Serie A,2022-2023,2022-08-14,Fiorentina,Cremonese,3,2,2.01,1.77,
Serie A,2022-2023,2022-08-14,Spezia,Empoli,1,0,0.86,0.99,
Serie A,2022-2023,2022-08-14,Salernitana,Roma,0,1,0.51,2.98,
Serie A,2022-2023,2022-08-15,Verona,Napoli,2,5,1.13,2.8,
Serie A,2022-2023,2022-08-15,Juventus,Sassuolo,3,0,2.24,0.88,
Serie A,2022-2023,2022-08-20,Torino,Lazio,0,0,1.0,0.71,
Serie A,2022-2023,2022-08-20,Udinese,Salernitana,0,0,1.43,1.5,
Serie A,2022-2023,2022-08-20,Inter,Spezia,3,0,2.63,0.48,
Serie A,2022-2023,2022-08-20,Sassuolo,Lecce,1,0,0.8,0.7,
Serie A,2022-2023,2022-08-21,Napoli,Monza,4,0,3.26,0.12,
Serie A,2022-2023,2022-08-21,Empoli,Fiorentina,0,0,0.76,0.8,
Serie A,2022-2023,2022-08-21,Bologna,Verona,1,1,1.13,2.47,
Serie A,2022-2023,2022-08-21,Atalanta,AC Milan,1,1,0.54,1.54,
Serie A,2022-2023,2022-08-22,Roma,Cremonese,1,0,2.91,0.51,
Serie A,2022-2023,2022-08-22,Sampdoria,Juventus,0,0,0.95,0.81,
Serie A,2022-2023,2022-08-26,Monza,Udinese,1,2,0.99,2.26,
Serie A,2022-2023,2022-08-26,Lazio,Inter,3,1,1.0,1.63,
Serie A,2022-2023,2022-08-27,Juventus,Roma,1,1,0.63,0.96,
Serie A,2022-2023,2022-08-27,Cremonese,Torino,1,2,0.82,2.71,
Serie A,2022-2023,2022-08-27,AC Milan,Bologna,2,0,2.84,0.51,
Serie A,2022-2023,2022-08-27,Spezia,Sassuolo,2,2,1.18,2.84,
Serie A,2022-2023,2022-08-28,Salernitana,Sampdoria,4,0,1.76,1.67,
Serie A,2022-2023,2022-08-28,Verona,Atalanta,0,1,0.37,0.84,
Serie A,2022-2023,2022-08-28,Lecce,Empoli,1,1,0.81,0.38,
Serie A,2022-2023,2022-08-28,Fiorentina,Napoli,0,0,0.38,1.69,
Serie A,2022-2023,2022-08-30,Sassuolo,AC Milan,0,0,1.06,0.91,
Serie A,2022-2023,2022-08-30,Roma,Monza,3,0,2.67,0.56,
Serie A,2022-2023,2022-08-30,Inter,Cremonese,3,1,2.8,1.07,
Serie A,2022-2023,2022-08-31,Empoli,Verona,1,1,0.78,0.59,
Serie A,2022-2023,2022-08-31,Sampdoria,Lazio,1,1,0.74,1.61,
Serie A,2022-2023,2022-08-31,Udinese,Fiorentina,1,0,0.88,0.44,
Serie A,2022-2023,2022-08-31,Napoli,Lecce,1,1,2.0,1.02,
Serie A,2022-2023,2022-08-31,Juventus,Spezia,2,0,1.77,0.18,
Serie A,2022-2023,2022-09-01,Atalanta,Torino,3,1,2.87,0.4,
Serie A,2022-2023,2022-09-01,Bologna,Salernitana,1,1,1.96,1.2,
Serie A,2022-2023,2022-09-03,Fiorentina,Juventus,1,1,1.83,1.08,
Serie A,2022-2023,2022-09-03,AC Milan,Inter,3,2,1.64,2.08,
Serie A,2022-2023,2022-09-03,Lazio,Napoli,1,2,0.3,2.02,
Serie A,2022-2023,2022-09-04,Cremonese,Sassuolo,0,0,0.42,1.71,
Serie A,2022-2023,2022-09-04,Spezia,Bologna,2,2,1.06,1.02,
Serie A,2022-2023,2022-09-04,Verona,Sampdoria,2,1,2.34,0.8,
Serie A,2022-2023,2022-09-04,Udinese,Roma,4,0,1.28,0.86,
Serie A,2022-2023,2022-09-05,Monza,Atalanta,0,2,0.94,1.95,
Serie A,2022-2023,2022-09-05,Salernitana,Empoli,2,2,1.81,0.98,
Serie A,2022-2023,2022-09-05,Torino,Lecce,1,0,1.02,0.45,
Serie A,2022-2023,2022-09-10,Napoli,Spezia,1,0,1.95,0.66,
Serie A,2022-2023,2022-09-10,Inter,Torino,1,0,1.54,0.59,
Serie A,2022-2023,2022-09-10,Sampdoria,AC Milan,1,2,0.92,1.66,
Serie A,2022-2023,2022-09-11,Atalanta,Cremonese,1,1,0.64,0.62,
Serie A,2022-2023,2022-09-11,Bologna,Fiorentina,2,1,1.25,1.18,
Serie A,2022-2023,2022-09-11,Lecce,Monza,1,1,1.47,0.08,
Serie A,2022-2023,2022-09-11,Sassuolo,Udinese,1,3,0.35,2.21,
Serie A,2022-2023,2022-09-11,Lazio,Verona,2,0,1.85,0.4,
Serie A,2022-2023,2022-09-11,Juventus,Salernitana,2,2,1.84,2.07,
Serie A,2022-2023,2022-09-12,Empoli,Roma,1,2,1.15,3.84,
Serie A,2022-2023,2022-09-16,Salernitana,Lecce,1,2,1.08,1.31,
Serie A,2022-2023,2022-09-17,Bologna,Empoli,0,1,1.78,1.66,
Serie A,2022-2023,2022-09-17,Spezia,Sampdoria,2,1,1.03,1.01,
Serie A,2022-2023,2022-09-17,Torino,Sassuolo,0,1,0.67,0.48,
Serie A,2022-2023,2022-09-18,Udinese,Inter,3,1,1.3,0.99,
Serie A,2022-2023,2022-09-18,Cremonese,Lazio,0,4,0.99,3.62,
Serie A,2022-2023,2022-09-18,Fiorentina,Verona,2,0,2.83,0.61,
Serie A,2022-2023,2022-09-18,Monza,Juventus,1,0,2.53,1.21,
Serie A,2022-2023,2022-09-18,Roma,Atalanta,0,1,3.28,0.14,
Serie A,2022-2023,2022-09-18,AC Milan,Napoli,1,2,2.25,1.18,
Serie A,2022-2023,2022-10-01,Napoli,Torino,3,1,1.18,0.74,
Serie A,2022-2023,2022-10-01,Inter,Roma,1,2,0.76,1.04,
Serie A,2022-2023,2022-10-01,Empoli,AC Milan,1,3,1.01,2.61,
Serie A,2022-2023,2022-10-02,Lazio,Spezia,4,0,3.03,0.85,
Serie A,2022-2023,2022-10-02,Lecce,Cremonese,1,1,0.95,1.56,
Serie A,2022-2023,2022-10-02,Sampdoria,Monza,0,3,0.08,1.23,
Serie A,2022-2023,2022-10-02,Sassuolo,Salernitana,5,0,3.22,0.57,
Serie A,2022-2023,2022-10-02,Atalanta,Fiorentina,1,0,1.64,0.64,
Serie A,2022-2023,2022-10-02,Juventus,Bologna,3,0,2.51,0.33,
Serie A,2022-2023,2022-10-03,Verona,Udinese,1,2,0.28,2.18,
Serie A,2022-2023,2022-10-08,Sassuolo,Inter,1,2,1.1,2.82,
Serie A,2022-2023,2022-10-08,AC Milan,Juventus,2,0,2.3,0.67,
Serie A,2022-2023,2022-10-08,Bologna,Sampdoria,1,1,0.67,0.82,
Serie A,2022-2023,2022-10-09,Torino,Empoli,1,1,2.74,0.15,
Serie A,2022-2023,2022-10-09,Monza,Spezia,2,0,0.76,0.53,
Serie A,2022-2023,2022-10-09,Salernitana,Verona,2,1,0.98,0.95,
Serie A,2022-2023,2022-10-09,Udinese,Atalanta,2,2,1.11,1.98,
Serie A,2022-2023,2022-10-09,Cremonese,Napoli,1,4,0.76,4.47,
Serie A,2022-2023,2022-10-09,Roma,Lecce,2,1,3.62,0.33,
Serie A,2022-2023,2022-10-10,Fiorentina,Lazio,0,4,2.6,2.2,
Serie A,2022-2023,2022-10-15,Empoli,Monza,1,0,2.17,0.83,
Serie A,2022-2023,2022-10-15,Torino,Juventus,0,1,0.52,2.34,
Serie A,2022-2023,2022-10-15,Atalanta,Sassuolo,2,1,2.59,0.54,
Serie A,2022-2023,2022-10-16,Inter,Salernitana,2,0,1.81,0.25,
Serie A,2022-2023,2022-10-16,Lazio,Udinese,0,0,0.69,0.69,
Serie A,2022-2023,2022-10-16,Spezia,Cremonese,2,2,1.09,2.46,
Serie A,2022-2023,2022-10-16,Napoli,Bologna,3,2,4.48,1.05,
Serie A,2022-2023,2022-10-16,Verona,AC Milan,1,2,1.94,1.74,
Serie A,2022-2023,2022-10-17,Sampdoria,Roma,0,1,0.26,2.6,
Serie A,2022-2023,2022-10-17,Lecce,Fiorentina,1,1,1.62,0.36,
Serie A,2022-2023,2022-10-21,Juventus,Empoli,4,0,3.79,0.51,
Serie A,2022-2023,2022-10-22,Salernitana,Spezia,1,0,1.91,0.69,
Serie A,2022-2023,2022-10-22,AC Milan,Monza,4,1,1.23,1.33,
Serie A,2022-2023,2022-10-22,Fiorentina,Inter,3,4,1.27,2.52,
Serie A,2022-2023,2022-10-23,Udinese,Torino,1,2,1.41,1.18,
Serie A,2022-2023,2022-10-23,Bologna,Lecce,2,0,2.12,0.34,
Serie A,2022-2023,2022-10-23,Atalanta,Lazio,0,2,0.87,0.91,
Serie A,2022-2023,2022-10-23,Roma,Napoli,0,1,0.21,0.87,
Serie A,2022-2023,2022-10-24,Cremonese,Sampdoria,0,1,1.73,1.2,
Serie A,2022-2023,2022-10-24,Sassuolo,Verona,2,1,1.46,1.61,
Serie A,2022-2023,2022-10-29,Napoli,Sassuolo,4,0,2.46,1.03,
Serie A,2022-2023,2022-10-29,Lecce,Juventus,0,1,0.17,0.51,
Serie A,2022-2023,2022-10-29,Inter,Sampdoria,3,0,2.53,0.33,
Serie A,2022-2023,2022-10-30,Empoli,Atalanta,0,2,0.66,3.4,
Serie A,2022-2023,2022-10-30,Cremonese,Udinese,0,0,0.64,1.47,
Serie A,2022-2023,2022-10-30,Spezia,Fiorentina,1,2,1.61,1.53,
Serie A,2022-2023,2022-10-30,Lazio,Salernitana,1,3,1.98,1.42,
Serie A,2022-2023,2022-10-30,Torino,AC Milan,2,1,0.91,1.06,
Serie A,2022-2023,2022-10-31,Verona,Roma,1,3,0.29,3.03,
Serie A,2022-2023,2022-10-31,Monza,Bologna,1,2,1.09,1.17,
Serie A,2022-2023,2022-11-04,Udinese,Lecce,1,1,1.65,0.84,
Serie A,2022-2023,2022-11-05,Empoli,Sassuolo,1,0,0.96,0.72,
Serie A,2022-2023,2022-11-05,Salernitana,Cremonese,2,2,1.58,1.61,
Serie A,2022-2023,2022-11-05,Atalanta,Napoli,1,2,2.79,1.76,
Serie A,2022-2023,2022-11-05,AC Milan,Spezia,2,1,3.41,1.45,
Serie A,2022-2023,2022-11-06,Bologna,Torino,2,1,2.45,1.01,
Serie A,2022-2023,2022-11-06,Monza,Verona,2,0,0.74,0.25,
Serie A,2022-2023,2022-11-06,Sampdoria,Fiorentina,0,2,0.8,1.24,
Serie A,2022-2023,2022-11-06,Roma,Lazio,0,1,0.38,0.54,
Serie A,2022-2023,2022-11-06,Juventus,Inter,2,0,1.55,1.52,
Serie A,2022-2023,2022-11-08,Napoli,Empoli,2,0,1.9,0.21,
Serie A,2022-2023,2022-11-08,Spezia,Udinese,1,1,2.37,0.51,
Serie A,2022-2023,2022-11-08,Cremonese,AC Milan,0,0,0.19,1.3,
Serie A,2022-2023,2022-11-09,Lecce,Atalanta,2,1,1.79,1.28,
Serie A,2022-2023,2022-11-09,Sassuolo,Roma,1,1,1.25,0.76,
Serie A,2022-2023,2022-11-09,Fiorentina,Salernitana,2,1,2.53,0.54,
Serie A,2022-2023,2022-11-09,Inter,Bologna,6,1,2.78,0.66,
Serie A,2022-2023,2022-11-09,Torino,Sampdoria,2,0,0.48,0.61,
Serie A,2022-2023,2022-11-10,Verona,Juventus,0,1,1.15,0.88,
Serie A,2022-2023,2022-11-10,Lazio,Monza,1,0,1.31,0.58,
Serie A,2022-2023,2022-11-11,Empoli,Cremonese,2,0,2.65,1.35,
Serie A,2022-2023,2022-11-12,Napoli,Udinese,3,2,1.53,1.01,
Serie A,2022-2023,2022-11-12,Sampdoria,Lecce,0,2,0.85,1.07,
Serie A,2022-2023,2022-11-12,Bologna,Sassuolo,3,0,0.76,0.79,
Serie A,2022-2023,2022-11-13,Atalanta,Inter,2,3,2.06,1.93,
Serie A,2022-2023,2022-11-13,Verona,Spezia,1,2,2.17,0.75,
Serie A,2022-2023,2022-11-13,Monza,Salernitana,3,0,3.08,0.22,
Serie A,2022-2023,2022-11-13,Roma,Torino,1,1,1.35,0.85,
Serie A,2022-2023,2022-11-13,AC Milan,Fiorentina,2,1,1.97,0.86,
Serie A,2022-2023,2022-11-13,Juventus,Lazio,3,0,1.7,0.39,
Serie A,2022-2023,2023-01-04,Salernitana,AC Milan,1,2,0.68,3.81,
Serie A,2022-2023,2023-01-04,Sassuolo,Sampdoria,1,2,1.45,0.85,
Serie A,2022-2023,2023-01-04,Spezia,Atalanta,2,2,1.39,1.81,
Serie A,2022-2023,2023-01-04,Torino,Verona,1,1,0.47,1.41,
Serie A,2022-2023,2023-01-04,Lecce,Lazio,2,1,1.18,0.71,
Serie A,2022-2023,2023-01-04,Roma,Bologna,1,0,2.08,0.75,
Serie A,2022-2023,2023-01-04,Cremonese,Juventus,0,1,0.7,1.61,
Serie A,2022-2023,2023-01-04,Fiorentina,Monza,1,1,1.49,1.54,
Serie A,2022-2023,2023-01-04,Inter,Napoli,1,0,1.47,1.09,
Serie A,2022-2023,2023-01-04,Udinese,Empoli,1,1,1.32,0.66,
Serie A,2022-2023,2023-01-07,Fiorentina,Sassuolo,2,1,3.09,1.75,
Serie A,2022-2023,2023-01-07,Juventus,Udinese,1,0,2.59,0.31,
Serie A,2022-2023,2023-01-07,Monza,Inter,2,2,1.42,1.62,
Serie A,2022-2023,2023-01-08,Salernitana,Torino,1,1,0.58,2.38,
Serie A,2022-2023,2023-01-08,Lazio,Empoli,2,2,1.31,0.6,
Serie A,2022-2023,2023-01-08,Spezia,Lecce,0,0,0.66,0.96,
Serie A,2022-2023,2023-01-08,Sampdoria,Napoli,0,2,0.38,3.42,
Serie A,2022-2023,2023-01-08,AC Milan,Roma,2,2,1.09,1.11,
Serie A,2022-2023,2023-01-09,Verona,Cremonese,2,0,1.93,0.81,
Serie A,2022-2023,2023-01-09,Bologna,Atalanta,1,2,0.39,0.69,
Serie A,2022-2023,2023-01-13,Napoli,Juventus,5,1,2.24,0.96,
Serie A,2022-2023,2023-01-14,Cremonese,Monza,2,3,0.46,2.49,
Serie A,2022-2023,2023-01-14,Lecce,AC Milan,2,2,1.83,1.51,
Serie A,2022-2023,2023-01-14,Inter,Verona,1,0,0.61,0.18,
Serie A,2022-2023,2023-01-15,Sassuolo,Lazio,0,2,0.7,2.79,
Serie A,2022-2023,2023-01-15,Torino,Spezia,0,1,0.94,1.56,
Serie A,2022-2023,2023-01-15,Udinese,Bologna,1,2,2.45,1.97,
Serie A,2022-2023,2023-01-15,Atalanta,Salernitana,8,2,3.22,0.54,
Serie A,2022-2023,2023-01-15,Roma,Fiorentina,2,0,1.22,0.38,
Serie A,2022-2023,2023-01-16,Empoli,Sampdoria,1,0,1.96,1.18,
Serie A,2022-2023,2023-01-21,Verona,Lecce,2,0,0.63,0.84,
Serie A,2022-2023,2023-01-21,Salernitana,Napoli,0,2,0.48,1.82,
Serie A,2022-2023,2023-01-21,Fiorentina,Torino,0,1,1.03,0.77,
Serie A,2022-2023,2023-01-22,Sampdoria,Udinese,0,1,1.61,1.57,
Serie A,2022-2023,2023-01-22,Monza,Sassuolo,1,1,0.97,1.71,
Serie A,2022-2023,2023-01-22,Spezia,Roma,0,2,0.23,1.94,
Serie A,2022-2023,2023-01-22,Juventus,Atalanta,3,3,1.92,1.17,
Serie A,2022-2023,2023-01-23,Bologna,Cremonese,1,1,0.85,1.8,
Serie A,2022-2023,2023-01-23,Inter,Empoli,0,1,1.4,0.85,
Serie A,2022-2023,2023-01-24,Lazio,AC Milan,4,0,2.81,1.04,
Serie A,2022-2023,2023-01-27,Bologna,Spezia,2,0,1.87,0.49,
Serie A,2022-2023,2023-01-27,Lecce,Salernitana,1,2,1.39,0.77,
Serie A,2022-2023,2023-01-28,Empoli,Torino,2,2,0.79,1.26,
Serie A,2022-2023,2023-01-28,Cremonese,Inter,1,2,0.72,2.38,
Serie A,2022-2023,2023-01-28,Atalanta,Sampdoria,2,0,1.83,0.96,
Serie A,2022-2023,2023-01-29,AC Milan,Sassuolo,2,5,0.5,2.07,
Serie A,2022-2023,2023-01-29,Juventus,Monza,0,2,1.38,1.37,
Serie A,2022-2023,2023-01-29,Lazio,Fiorentina,1,1,1.26,1.27,
Serie A,2022-2023,2023-01-29,Napoli,Roma,2,1,1.0,0.84,
Serie A,2022-2023,2023-01-30,Udinese,Verona,1,1,2.48,0.49,
Serie A,2022-2023,2023-02-04,Cremonese,Lecce,0,2,0.6,1.56,
Serie A,2022-2023,2023-02-04,Roma,Empoli,2,0,2.28,1.42,
Serie A,2022-2023,2023-02-04,Sassuolo,Atalanta,1,0,1.11,0.3,
Serie A,2022-2023,2023-02-05,Spezia,Napoli,0,3,0.41,1.8,
Serie A,2022-2023,2023-02-05,Torino,Udinese,1,0,1.4,0.46,
Serie A,2022-2023,2023-02-05,Fiorentina,Bologna,1,2,1.34,1.82,
Serie A,2022-2023,2023-02-05,Inter,AC Milan,1,0,0.76,0.21,
Serie A,2022-2023,2023-02-06,Verona,Lazio,1,1,1.21,0.76,
Serie A,2022-2023,2023-02-06,Monza,Sampdoria,2,2,2.17,1.51,
Serie A,2022-2023,2023-02-07,Salernitana,Juventus,0,3,0.52,2.9,
Serie A,2022-2023,2023-02-10,AC Milan,Torino,1,0,1.73,0.76,
Serie A,2022-2023,2023-02-11,Empoli,Spezia,2,2,1.31,1.86,
Serie A,2022-2023,2023-02-11,Lecce,Roma,1,1,0.39,1.91,
Serie A,2022-2023,2023-02-11,Lazio,Atalanta,0,2,0.75,3.35,
Serie A,2022-2023,2023-02-12,Udinese,Sassuolo,2,2,1.27,0.37,
Serie A,2022-2023,2023-02-12,Bologna,Monza,0,1,0.44,0.77,
Serie A,2022-2023,2023-02-12,Juventus,Fiorentina,1,0,1.49,0.66,
Serie A,2022-2023,2023-02-12,Napoli,Cremonese,3,0,1.89,0.16,
Serie A,2022-2023,2023-02-13,Verona,Salernitana,1,0,1.41,0.83,
Serie A,2022-2023,2023-02-13,Sampdoria,Inter,0,0,0.48,1.53,
Serie A,2022-2023,2023-02-17,Sassuolo,Napoli,0,2,0.83,2.17,
Serie A,2022-2023,2023-02-18,Sampdoria,Bologna,1,2,2.6,0.71,
Serie A,2022-2023,2023-02-18,Monza,AC Milan,0,1,0.41,2.87,
Serie A,2022-2023,2023-02-18,Inter,Udinese,3,1,2.74,0.64,
Serie A,2022-2023,2023-02-19,Atalanta,Lecce,1,2,1.41,0.52,
Serie A,2022-2023,2023-02-19,Fiorentina,Empoli,1,1,2.16,0.63,
Serie A,2022-2023,2023-02-19,Salernitana,Lazio,0,2,0.34,3.09,
Serie A,2022-2023,2023-02-19,Spezia,Juventus,0,2,0.84,1.41,
Serie A,2022-2023,2023-02-19,Roma,Verona,1,0,1.22,0.58,
Serie A,2022-2023,2023-02-20,Torino,Cremonese,2,2,2.41,0.49,
Serie A,2022-2023,2023-02-25,Empoli,Napoli,0,2,0.38,2.54,
Serie A,2022-2023,2023-02-25,Lecce,Sassuolo,0,1,1.19,1.08,
Serie A,2022-2023,2023-02-26,Bologna,Inter,1,0,1.07,1.15,
Serie A,2022-2023,2023-02-26,Salernitana,Monza,3,0,2.59,1.26,
Serie A,2022-2023,2023-02-26,Udinese,Spezia,2,2,2.83,2.06,
Serie A,2022-2023,2023-02-26,AC Milan,Atalanta,2,0,2.09,0.1,
Serie A,2022-2023,2023-02-27,Verona,Fiorentina,0,3,1.8,1.91,
Serie A,2022-2023,2023-02-27,Lazio,Sampdoria,1,0,1.58,0.37,
Serie A,2022-2023,2023-02-28,Cremonese,Roma,2,1,0.99,0.65,
Serie A,2022-2023,2023-02-28,Juventus,Torino,4,2,1.52,0.97,
Serie A,2022-2023,2023-03-03,Napoli,Lazio,0,1,0.77,0.23,
Serie A,2022-2023,2023-03-04,Monza,Empoli,2,1,0.97,0.96,
Serie A,2022-2023,2023-03-04,Atalanta,Udinese,0,0,1.48,0.24,
Serie A,2022-2023,2023-03-04,Fiorentina,AC Milan,2,1,2.05,0.68,
Serie A,2022-2023,2023-03-05,Spezia,Verona,0,0,1.17,0.96,
Serie A,2022-2023,2023-03-05,Sampdoria,Salernitana,0,0,0.55,0.65,
Serie A,2022-2023,2023-03-05,Inter,Lecce,2,0,0.94,0.48,
Serie A,2022-2023,2023-03-05,Roma,Juventus,1,0,0.53,0.72,
Serie A,2022-2023,2023-03-06,Sassuolo,Cremonese,3,2,1.05,1.26,
Serie A,2022-2023,2023-03-06,Torino,Bologna,1,0,1.03,0.42,
Serie A,2022-2023,2023-03-10,Spezia,Inter,2,1,0.98,3.47,
Serie A,2022-2023,2023-03-11,Empoli,Udinese,0,1,1.16,1.06,
Serie A,2022-2023,2023-03-11,Napoli,Atalanta,2,0,1.4,0.2,
Serie A,2022-2023,2023-03-11,Bologna,Lazio,0,0,1.09,0.56,
Serie A,2022-2023,2023-03-12,Lecce,Torino,0,2,0.34,1.12,
Serie A,2022-2023,2023-03-12,Cremonese,Fiorentina,0,2,1.44,1.19,
Serie A,2022-2023,2023-03-12,Verona,Monza,1,1,0.58,1.07,
Serie A,2022-2023,2023-03-12,Roma,Sassuolo,3,4,1.23,3.41,
Serie A,2022-2023,2023-03-12,Juventus,Sampdoria,4,2,2.84,0.49,
Serie A,2022-2023,2023-03-13,AC Milan,Salernitana,1,1,2.71,0.68,
Serie A,2022-2023,2023-03-17,Sassuolo,Spezia,1,0,2.08,0.77,
Serie A,2022-2023,2023-03-17,Atalanta,Empoli,2,1,3.55,1.33,
Serie A,2022-2023,2023-03-18,Monza,Cremonese,1,1,1.11,0.72,
Serie A,2022-2023,2023-03-18,Salernitana,Bologna,2,2,0.71,0.36,
Serie A,2022-2023,2023-03-18,Udinese,AC Milan,3,1,2.17,1.83,
Serie A,2022-2023,2023-03-19,Sampdoria,Verona,3,1,1.63,1.25,
Serie A,2022-2023,2023-03-19,Fiorentina,Lecce,1,0,1.3,0.35,
Serie A,2022-2023,2023-03-19,Torino,Napoli,0,4,1.42,2.67,
Serie A,2022-2023,2023-03-19,Lazio,Roma,1,0,0.73,0.77,
Serie A,2022-2023,2023-03-19,Inter,Juventus,0,1,1.07,0.46,
Serie A,2022-2023,2023-04-01,Cremonese,Atalanta,1,3,1.42,3.0,
Serie A,2022-2023,2023-04-01,Inter,Fiorentina,0,1,3.14,1.32,
Serie A,2022-2023,2023-04-01,Juventus,Verona,1,0,1.63,0.41,
Serie A,2022-2023,2023-04-02,Bologna,Udinese,3,0,1.3,0.77,
Serie A,2022-2023,2023-04-02,Spezia,Salernitana,1,1,1.68,1.07,
Serie A,2022-2023,2023-04-02,Monza,Lazio,0,2,1.55,0.5,
Serie A,2022-2023,2023-04-02,Roma,Sampdoria,3,0,3.16,0.25,
Serie A,2022-2023,2023-04-02,Napoli,AC Milan,0,4,1.18,2.65,
Serie A,2022-2023,2023-04-03,Empoli,Lecce,1,0,1.79,0.15,
Serie A,2022-2023,2023-04-03,Sassuolo,Torino,1,1,1.38,1.87,
Serie A,2022-2023,2023-04-07,Salernitana,Inter,1,1,0.86,2.98,
Serie A,2022-2023,2023-04-07,Lecce,Napoli,1,2,0.81,1.05,
Serie A,2022-2023,2023-04-07,AC Milan,Empoli,0,0,2.24,0.1,
Serie A,2022-2023,2023-04-08,Udinese,Monza,2,2,1.59,1.45,
Serie A,2022-2023,2023-04-08,Fiorentina,Spezia,1,1,0.92,1.05,
Serie A,2022-2023,2023-04-08,Atalanta,Bologna,0,2,1.36,1.49,
Serie A,2022-2023,2023-04-08,Sampdoria,Cremonese,2,3,2.63,1.12,
Serie A,2022-2023,2023-04-08,Verona,Sassuolo,2,1,0.27,1.67,
Serie A,2022-2023,2023-04-08,Torino,Roma,0,1,0.26,1.11,
Serie A,2022-2023,2023-04-08,Lazio,Juventus,2,1,1.19,2.18,
Serie A,2022-2023,2023-04-14,Cremonese,Empoli,1,0,1.07,0.86,
Serie A,2022-2023,2023-04-14,Spezia,Lazio,0,3,0.73,3.08,
Serie A,2022-2023,2023-04-15,Bologna,AC Milan,1,1,0.77,1.41,
Serie A,2022-2023,2023-04-15,Napoli,Verona,0,0,0.33,0.36,
Serie A,2022-2023,2023-04-15,Inter,Monza,0,1,1.89,0.88,
Serie A,2022-2023,2023-04-16,Lecce,Sampdoria,1,1,3.04,0.67,
Serie A,2022-2023,2023-04-16,Torino,Salernitana,1,1,1.72,0.5,
Serie A,2022-2023,2023-04-16,Sassuolo,Juventus,1,0,1.13,0.65,
Serie A,2022-2023,2023-04-16,Roma,Udinese,3,0,2.42,1.13,
Serie A,2022-2023,2023-04-17,Fiorentina,Atalanta,1,1,2.07,0.72,
Serie A,2022-2023,2023-04-21,Verona,Bologna,2,1,1.59,1.55,
Serie A,2022-2023,2023-04-22,Salernitana,Sassuolo,3,0,1.32,0.55,
Serie A,2022-2023,2023-04-22,Lazio,Torino,0,1,0.85,0.81,
Serie A,2022-2023,2023-04-22,Sampdoria,Spezia,1,1,1.77,2.41,
Serie A,2022-2023,2023-04-23,Empoli,Inter,0,3,0.64,1.17,
Serie A,2022-2023,2023-04-23,Udinese,Cremonese,3,0,1.62,1.0,
Serie A,2022-2023,2023-04-23,Monza,Fiorentina,3,2,1.77,1.24,
Serie A,2022-2023,2023-04-23,AC Milan,Lecce,2,0,0.96,1.03,
Serie A,2022-2023,2023-04-23,Juventus,Napoli,0,1,0.28,1.73,
Serie A,2022-2023,2023-04-24,Atalanta,Roma,3,1,1.15,1.53,
Serie A,2022-2023,2023-04-28,Lecce,Udinese,1,0,1.67,0.44,
Serie A,2022-2023,2023-04-28,Spezia,Monza,0,2,1.47,1.14,
Serie A,2022-2023,2023-04-29,Roma,AC Milan,1,1,1.18,1.37,
Serie A,2022-2023,2023-04-29,Torino,Atalanta,1,2,0.66,0.73,
Serie A,2022-2023,2023-04-30,Inter,Lazio,3,1,2.83,0.94,
Serie A,2022-2023,2023-04-30,Cremonese,Verona,1,1,0.55,0.86,
Serie A,2022-2023,2023-04-30,Sassuolo,Empoli,2,1,2.29,0.79,
Serie A,2022-2023,2023-04-30,Napoli,Salernitana,1,1,1.93,0.25,
Serie A,2022-2023,2023-04-30,Fiorentina,Sampdoria,5,0,2.04,0.32,
Serie A,2022-2023,2023-04-30,Bologna,Juventus,1,1,1.95,2.45,
Serie A,2022-2023,2023-05-03,Atalanta,Spezia,3,2,0.89,0.82,
Serie A,2022-2023,2023-05-03,Juventus,Lecce,2,1,1.71,1.32,
Serie A,2022-2023,2023-05-03,Salernitana,Fiorentina,3,3,1.0,1.69,
Serie A,2022-2023,2023-05-03,Sampdoria,Torino,0,2,0.25,2.16,
Serie A,2022-2023,2023-05-03,Verona,Inter,0,6,0.65,3.17,
Serie A,2022-2023,2023-05-03,Lazio,Sassuolo,2,0,1.99,0.67,
Serie A,2022-2023,2023-05-03,AC Milan,Cremonese,1,1,2.01,1.03,
Serie A,2022-2023,2023-05-03,Monza,Roma,1,1,0.41,1.29,
Serie A,2022-2023,2023-05-04,Empoli,Bologna,3,1,1.46,1.83,
Serie A,2022-2023,2023-05-04,Udinese,Napoli,1,1,0.32,0.35,
Serie A,2022-2023,2023-05-06,AC Milan,Lazio,2,0,1.42,0.9,
Serie A,2022-2023,2023-05-06,Roma,Inter,0,2,0.88,1.22,
Serie A,2022-2023,2023-05-06,Cremonese,Spezia,2,0,0.76,0.78,
Serie A,2022-2023,2023-05-07,Atalanta,Juventus,0,2,0.9,1.43,
Serie A,2022-2023,2023-05-07,Torino,Monza,1,1,0.77,0.69,
Serie A,2022-2023,2023-05-07,Napoli,Fiorentina,1,0,1.9,1.15,
Serie A,2022-2023,2023-05-07,Lecce,Verona,0,1,0.55,0.59,
Serie A,2022-2023,2023-05-08,Empoli,Salernitana,2,1,2.48,0.47,
Serie A,2022-2023,2023-05-08,Udinese,Sampdoria,2,0,1.05,0.58,
Serie A,2022-2023,2023-05-08,Sassuolo,Bologna,1,1,0.31,0.29,
Serie A,2022-2023,2023-05-12,Lazio,Lecce,2,2,1.35,1.21,
Serie A,2022-2023,2023-05-13,Salernitana,Atalanta,1,0,0.78,1.39,
Serie A,2022-2023,2023-05-13,Spezia,AC Milan,2,0,1.62,0.88,
Serie A,2022-2023,2023-05-13,Inter,Sassuolo,4,2,1.49,2.2,
Serie A,2022-2023,2023-05-14,Verona,Torino,0,1,0.41,2.47,
Serie A,2022-2023,2023-05-14,Fiorentina,Udinese,2,0,2.34,0.22,
Serie A,2022-2023,2023-05-14,Monza,Napoli,2,0,1.38,1.11,
Serie A,2022-2023,2023-05-14,Bologna,Roma,0,0,0.3,1.36,
Serie A,2022-2023,2023-05-14,Juventus,Cremonese,2,0,1.8,0.06,
Serie A,2022-2023,2023-05-15,Sampdoria,Empoli,1,1,1.12,1.14,
Serie A,2022-2023,2023-05-19,Sassuolo,Monza,1,2,1.39,1.72,
Serie A,2022-2023,2023-05-20,Cremonese,Bologna,1,5,0.99,2.9,
Serie A,2022-2023,2023-05-20,Atalanta,Verona,3,1,0.97,1.17,
Serie A,2022-2023,2023-05-20,AC Milan,Sampdoria,5,1,4.81,0.35,
Serie A,2022-2023,2023-05-21,Lecce,Spezia,0,0,0.2,0.71,
Serie A,2022-2023,2023-05-21,Torino,Fiorentina,1,1,0.82,0.7,
Serie A,2022-2023,2023-05-21,Napoli,Inter,3,1,1.85,0.73,
Serie A,2022-2023,2023-05-21,Udinese,Lazio,0,1,0.43,2.09,
Serie A,2022-2023,2023-05-22,Roma,Salernitana,2,2,1.28,1.07,
Serie A,2022-2023,2023-05-22,Empoli,Juventus,4,1,3.54,2.2,
Serie A,2022-2023,2023-05-26,Sampdoria,Sassuolo,2,2,2.22,3.05,
Serie A,2022-2023,2023-05-27,Salernitana,Udinese,3,2,0.98,2.4,
Serie A,2022-2023,2023-05-27,Spezia,Torino,0,4,1.06,1.47,
Serie A,2022-2023,2023-05-27,Fiorentina,Roma,2,1,3.0,1.27,
Serie A,2022-2023,2023-05-27,Inter,Atalanta,3,2,2.49,0.73,
Serie A,2022-2023,2023-05-28,Verona,Empoli,1,1,1.13,1.12,
Serie A,2022-2023,2023-05-28,Bologna,Napoli,2,2,1.94,2.02,
Serie A,2022-2023,2023-05-28,Monza,Lecce,0,1,0.95,1.11,
Serie A,2022-2023,2023-05-28,Lazio,Cremonese,3,2,2.45,0.38,
Serie A,2022-2023,2023-05-28,Juventus,AC Milan,0,1,0.59,0.66,
Serie A,2022-2023,2023-06-02,Sassuolo,Fiorentina,1,3,1.03,2.07,
Serie A,2022-2023,2023-06-03,Torino,Inter,0,1,1.42,0.88,
Serie A,2022-2023,2023-06-03,Cremonese,Salernitana,2,0,1.58,0.4,
Serie A,2022-2023,2023-06-03,Empoli,Lazio,0,2,0.27,1.56,
Serie A,2022-2023,2023-06-04,Napoli,Sampdoria,2,0,1.92,0.65,
Serie A,2022-2023,2023-06-04,Atalanta,Monza,5,2,3.66,1.41,
Serie A,2022-2023,2023-06-04,Lecce,Bologna,2,3,1.21,0.78,
Serie A,2022-2023,2023-06-04,AC Milan,Verona,3,1,2.26,0.87,
Serie A,2022-2023,2023-06-04,Roma,Spezia,2,1,2.28,1.11,
Serie A,2022-2023,2023-06-04,Udinese,Juventus,0,1,0.96,1.47,
Serie A,2023-2024,2023-08-19,Empoli,Verona,0,1,0.84,0.69,
Serie A,2023-2024,2023-08-19,Frosinone,Napoli,1,3,0.87,1.31,
Serie A,2023-2024,2023-08-19,Inter,Monza,2,0,2.5,0.58,
Serie A,2023-2024,2023-08-19,Genoa,Fiorentina,1,4,0.8,1.12,
Serie A,2023-2024,2023-08-20,Roma,Salernitana,2,2,2.01,0.36,
Serie A,2023-2024,2023-08-20,Sassuolo,Atalanta,0,2,0.38,1.5,
Serie A,2023-2024,2023-08-20,Udinese,Juventus,0,3,1.21,1.86,
Serie A,2023-2024,2023-08-20,Lecce,Lazio,2,1,1.75,2.22,
Serie A,2023-2024,2023-08-21,Torino,Cagliari,0,0,1.03,0.44,
Serie A,2023-2024,2023-08-21,Bologna,AC Milan,0,2,1.17,1.15,
Serie A,2023-2024,2023-08-26,Frosinone,Atalanta,2,1,0.76,1.44,
Serie A,2023-2024,2023-08-26,Monza,Empoli,2,0,2.05,1.14,
Serie A,2023-2024,2023-08-26,AC Milan,Torino,4,1,3.25,0.56,
Serie A,2023-2024,2023-08-26,Verona,Roma,2,1,0.9,2.0,
Serie A,2023-2024,2023-08-27,Fiorentina,Lecce,2,2,1.51,0.49,
Serie A,2023-2024,2023-08-27,Juventus,Bologna,1,1,0.92,0.69,
Serie A,2023-2024,2023-08-27,Lazio,Genoa,0,1,0.94,0.7,
Serie A,2023-2024,2023-08-27,Napoli,Sassuolo,2,0,3.53,0.15,
Serie A,2023-2024,2023-08-28,Salernitana,Udinese,1,1,0.56,0.55,
Serie A,2023-2024,2023-08-28,Cagliari,Inter,0,2,0.48,1.25,
Serie A,2023-2024,2023-09-01,Sassuolo,Verona,3,1,2.62,0.56,
Serie A,2023-2024,2023-09-01,Roma,AC Milan,1,2,0.41,1.63,
Serie A,2023-2024,2023-09-02,Udinese,Frosinone,0,0,2.08,2.42,
Serie A,2023-2024,2023-09-02,Bologna,Cagliari,2,1,2.83,0.54,
Serie A,2023-2024,2023-09-02,Atalanta,Monza,3,0,1.96,0.37,
Serie A,2023-2024,2023-09-02,Napoli,Lazio,1,2,1.04,1.05,
Serie A,2023-2024,2023-09-03,Torino,Genoa,1,0,0.48,0.1,
Serie A,2023-2024,2023-09-03,Inter,Fiorentina,4,0,5.21,0.35,
Serie A,2023-2024,2023-09-03,Empoli,Juventus,0,2,0.3,3.05,
Serie A,2023-2024,2023-09-03,Lecce,Salernitana,2,0,1.84,1.05,
Serie A,2023-2024,2023-09-16,Juventus,Lazio,3,1,2.67,0.7,
Serie A,2023-2024,2023-09-16,Inter,AC Milan,5,1,2.95,0.99,
Serie A,2023-2024,2023-09-16,Genoa,Napoli,2,2,1.33,0.98,
Serie A,2023-2024,2023-09-17,Cagliari,Udinese,0,0,2.2,0.84,
Serie A,2023-2024,2023-09-17,Frosinone,Sassuolo,4,2,2.97,1.93,
Serie A,2023-2024,2023-09-17,Monza,Lecce,1,1,3.3,0.9,
Serie A,2023-2024,2023-09-17,Fiorentina,Atalanta,3,2,1.45,0.63,
Serie A,2023-2024,2023-09-17,Roma,Empoli,7,0,2.49,0.17,
Serie A,2023-2024,2023-09-18,Salernitana,Torino,0,3,0.69,1.55,
Serie A,2023-2024,2023-09-18,Verona,Bologna,0,0,0.41,0.9,
Serie A,2023-2024,2023-09-22,Salernitana,Frosinone,1,1,0.83,0.99,
Serie A,2023-2024,2023-09-22,Lecce,Genoa,1,0,1.01,0.53,
Serie A,2023-2024,2023-09-23,AC Milan,Verona,1,0,0.92,0.85,
Serie A,2023-2024,2023-09-23,Sassuolo,Juventus,4,2,1.74,1.37,
Serie A,2023-2024,2023-09-23,Lazio,Monza,1,1,1.02,1.81,
Serie A,2023-2024,2023-09-24,Empoli,Inter,0,1,0.33,1.64,
Serie A,2023-2024,2023-09-24,Atalanta,Cagliari,2,0,1.68,1.0,
Serie A,2023-2024,2023-09-24,Udinese,Fiorentina,0,2,2.4,0.28,
Serie A,2023-2024,2023-09-24,Bologna,Napoli,0,0,0.18,1.85,
Serie A,2023-2024,2023-09-24,Torino,Roma,1,1,1.11,1.11,
Serie A,2023-2024,2023-09-26,Juventus,Lecce,1,0,1.65,0.07,
Serie A,2023-2024,2023-09-27,Cagliari,AC Milan,1,3,0.68,2.11,
Serie A,2023-2024,2023-09-27,Empoli,Salernitana,1,0,2.29,0.48,
Serie A,2023-2024,2023-09-27,Verona,Atalanta,0,1,0.33,1.38,
Serie A,2023-2024,2023-09-27,Inter,Sassuolo,1,2,1.02,1.02,
Serie A,2023-2024,2023-09-27,Lazio,Torino,2,0,0.77,0.21,
Serie A,2023-2024,2023-09-27,Napoli,Udinese,4,1,3.71,0.82,
Serie A,2023-2024,2023-09-28,Monza,Bologna,0,0,1.03,1.04,
Serie A,2023-2024,2023-09-28,Frosinone,Fiorentina,1,1,0.98,1.45,
Serie A,2023-2024,2023-09-28,Genoa,Roma,4,1,1.6,1.3,
Serie A,2023-2024,2023-09-30,Lecce,Napoli,0,4,0.61,2.72,
Serie A,2023-2024,2023-09-30,AC Milan,Lazio,2,0,2.69,0.5,
Serie A,2023-2024,2023-09-30,Salernitana,Inter,0,4,0.62,2.56,
Serie A,2023-2024,2023-10-01,Bologna,Empoli,3,0,3.29,1.05,
Serie A,2023-2024,2023-10-01,Udinese,Genoa,2,2,1.53,0.83,
Serie A,2023-2024,2023-10-01,Atalanta,Juventus,0,0,1.98,0.2,
Serie A,2023-2024,2023-10-01,Roma,Frosinone,2,0,0.83,0.79,
Serie A,2023-2024,2023-10-02,Torino,Verona,0,0,0.62,0.27,
Serie A,2023-2024,2023-10-02,Sassuolo,Monza,0,1,1.49,1.85,
Serie A,2023-2024,2023-10-02,Fiorentina,Cagliari,3,0,1.53,0.81,
Serie A,2023-2024,2023-10-06,Empoli,Udinese,0,0,1.0,1.24,
Serie A,2023-2024,2023-10-06,Lecce,Sassuolo,1,1,1.52,1.75,
Serie A,2023-2024,2023-10-07,Inter,Bologna,2,2,0.71,1.05,
Serie A,2023-2024,2023-10-07,Juventus,Torino,2,0,2.41,0.59,
Serie A,2023-2024,2023-10-07,Genoa,AC Milan,0,1,0.35,0.9,
Serie A,2023-2024,2023-10-08,Monza,Salernitana,3,0,3.74,1.0,
Serie A,2023-2024,2023-10-08,Frosinone,Verona,2,1,1.92,0.51,
Serie A,2023-2024,2023-10-08,Lazio,Atalanta,3,2,1.65,1.0,
Serie A,2023-2024,2023-10-08,Cagliari,Roma,1,4,1.76,3.33,
Serie A,2023-2024,2023-10-08,Napoli,Fiorentina,1,3,1.77,1.77,
Serie A,2023-2024,2023-10-21,Verona,Napoli,1,3,0.87,2.66,
Serie A,2023-2024,2023-10-21,Torino,Inter,0,3,0.6,2.44,
Serie A,2023-2024,2023-10-21,Sassuolo,Lazio,0,2,0.32,2.94,
Serie A,2023-2024,2023-10-22,Roma,Monza,1,0,2.53,0.42,
Serie A,2023-2024,2023-10-22,Bologna,Frosinone,2,1,1.63,1.43,
Serie A,2023-2024,2023-10-22,Salernitana,Cagliari,2,2,1.33,1.5,
Serie A,2023-2024,2023-10-22,Atalanta,Genoa,2,0,1.97,1.04,
Serie A,2023-2024,2023-10-22,AC Milan,Juventus,0,1,0.24,1.81,
Serie A,2023-2024,2023-10-23,Udinese,Lecce,1,1,2.58,0.81,
Serie A,2023-2024,2023-10-23,Fiorentina,Empoli,0,2,0.76,1.79,
Serie A,2023-2024,2023-10-27,Genoa,Salernitana,1,0,0.41,0.78,
Serie A,2023-2024,2023-10-28,Sassuolo,Bologna,1,1,0.86,0.83,
Serie A,2023-2024,2023-10-28,Lecce,Torino,0,1,0.46,1.33,
Serie A,2023-2024,2023-10-28,Juventus,Verona,1,0,3.65,0.32,
Serie A,2023-2024,2023-10-29,Cagliari,Frosinone,4,3,4.07,1.3,
Serie A,2023-2024,2023-10-29,Monza,Udinese,1,1,0.4,1.06,
Serie A,2023-2024,2023-10-29,Inter,Roma,1,0,2.25,0.5,
Serie A,2023-2024,2023-10-29,Napoli,AC Milan,2,2,1.5,2.37,
Serie A,2023-2024,2023-10-30,Empoli,Atalanta,0,3,0.27,2.19,
Serie A,2023-2024,2023-10-30,Lazio,Fiorentina,1,0,2.36,0.39,
Serie A,2023-2024,2023-11-03,Bologna,Lazio,1,0,0.7,0.46,
Serie A,2023-2024,2023-11-04,Salernitana,Napoli,0,2,0.32,1.68,
Serie A,2023-2024,2023-11-04,Atalanta,Inter,1,2,1.36,1.4,
Serie A,2023-2024,2023-11-04,AC Milan,Udinese,0,1,1.28,2.1,
Serie A,2023-2024,2023-11-05,Verona,Monza,1,3,1.13,1.39,
Serie A,2023-2024,2023-11-05,Cagliari,Genoa,2,1,1.27,0.67,
Serie A,2023-2024,2023-11-05,Roma,Lecce,2,1,2.55,1.2,
Serie A,2023-2024,2023-11-05,Fiorentina,Juventus,0,1,0.68,0.86,
Serie A,2023-2024,2023-11-06,Frosinone,Empoli,2,1,0.8,1.87,
Serie A,2023-2024,2023-11-06,Torino,Sassuolo,2,1,3.43,0.5,
Serie A,2023-2024,2023-11-10,Sassuolo,Salernitana,2,2,2.47,0.95,
Serie A,2023-2024,2023-11-10,Genoa,Verona,1,0,2.04,0.25,
Serie A,2023-2024,2023-11-11,Lecce,AC Milan,2,2,1.99,2.22,
Serie A,2023-2024,2023-11-11,Juventus,Cagliari,2,1,3.04,0.48,
Serie A,2023-2024,2023-11-11,Monza,Torino,1,1,1.17,0.82,
Serie A,2023-2024,2023-11-12,Napoli,Empoli,0,1,1.06,0.39,
Serie A,2023-2024,2023-11-12,Udinese,Atalanta,1,1,1.21,0.58,
Serie A,2023-2024,2023-11-12,Fiorentina,Bologna,2,1,1.57,2.31,
Serie A,2023-2024,2023-11-12,Lazio,Roma,0,0,0.4,0.32,
Serie A,2023-2024,2023-11-12,Inter,Frosinone,2,0,3.28,0.59,
Serie A,2023-2024,2023-11-25,Salernitana,Lazio,2,1,1.4,1.84,
Serie A,2023-2024,2023-11-25,Atalanta,Napoli,1,2,0.88,2.51,
Serie A,2023-2024,2023-11-25,AC Milan,Fiorentina,1,0,1.78,1.69,
Serie A,2023-2024,2023-11-26,Cagliari,Monza,1,1,1.59,0.8,
Serie A,2023-2024,2023-11-26,Frosinone,Genoa,2,1,0.99,1.83,
Serie A,2023-2024,2023-11-26,Empoli,Sassuolo,3,4,1.48,2.98,
Serie A,2023-2024,2023-11-26,Roma,Udinese,3,1,1.26,0.53,
Serie A,2023-2024,2023-11-26,Juventus,Inter,1,1,0.49,0.69,
Serie A,2023-2024,2023-11-27,Verona,Lecce,2,2,1.95,1.52,
Serie A,2023-2024,2023-11-27,Bologna,Torino,2,0,1.35,0.57,
Serie A,2023-2024,2023-12-01,Monza,Juventus,1,2,0.66,2.96,
Serie A,2023-2024,2023-12-02,Genoa,Empoli,1,1,0.83,0.75,
Serie A,2023-2024,2023-12-02,Lazio,Cagliari,1,0,2.5,0.61,
Serie A,2023-2024,2023-12-02,AC Milan,Frosinone,3,1,1.01,0.73,
Serie A,2023-2024,2023-12-03,Lecce,Bologna,1,1,1.66,1.52,
Serie A,2023-2024,2023-12-03,Fiorentina,Salernitana,3,0,3.07,0.78,
Serie A,2023-2024,2023-12-03,Udinese,Verona,3,3,2.15,1.57,
Serie A,2023-2024,2023-12-03,Sassuolo,Roma,1,2,0.92,2.0,
Serie A,2023-2024,2023-12-03,Napoli,Inter,0,3,0.79,2.59,
Serie A,2023-2024,2023-12-04,Torino,Atalanta,3,0,1.64,0.35,
Serie A,2023-2024,2023-12-08,Juventus,Napoli,1,0,0.66,1.01,
Serie A,2023-2024,2023-12-09,Verona,Lazio,1,1,0.79,1.01,
Serie A,2023-2024,2023-12-09,Atalanta,AC Milan,3,2,3.1,1.01,
Serie A,2023-2024,2023-12-09,Inter,Udinese,4,0,3.34,0.85,
Serie A,2023-2024,2023-12-10,Frosinone,Torino,0,0,1.51,1.06,
Serie A,2023-2024,2023-12-10,Monza,Genoa,1,0,0.67,1.75,
Serie A,2023-2024,2023-12-10,Salernitana,Bologna,1,2,0.6,1.67,
Serie A,2023-2024,2023-12-10,Roma,Fiorentina,1,1,0.7,0.98,
Serie A,2023-2024,2023-12-11,Empoli,Lecce,1,1,1.89,0.99,
Serie A,2023-2024,2023-12-11,Cagliari,Sassuolo,2,1,1.24,1.29,
Serie A,2023-2024,2023-12-15,Genoa,Juventus,1,1,0.84,2.1,
Serie A,2023-2024,2023-12-16,Lecce,Frosinone,2,1,0.73,1.84,
Serie A,2023-2024,2023-12-16,Napoli,Cagliari,2,1,3.03,1.84,
Serie A,2023-2024,2023-12-16,Torino,Empoli,1,0,2.11,0.29,
Serie A,2023-2024,2023-12-17,AC Milan,Monza,3,0,2.27,1.43,
Serie A,2023-2024,2023-12-17,Fiorentina,Verona,1,0,0.33,2.93,
Serie A,2023-2024,2023-12-17,Udinese,Sassuolo,2,2,0.75,2.9,
Serie A,2023-2024,2023-12-17,Bologna,Roma,2,0,0.78,0.57,
Serie A,2023-2024,2023-12-17,Lazio,Inter,0,2,1.64,1.69,
Serie A,2023-2024,2023-12-18,Atalanta,Salernitana,4,1,2.35,0.98,
Serie A,2023-2024,2023-12-22,Empoli,Lazio,0,2,0.66,1.95,
Serie A,2023-2024,2023-12-22,Sassuolo,Genoa,1,2,2.17,1.37,
Serie A,2023-2024,2023-12-22,Monza,Fiorentina,0,1,0.66,1.96,
Serie A,2023-2024,2023-12-22,Salernitana,AC Milan,2,2,1.14,2.94,
Serie A,2023-2024,2023-12-23,Frosinone,Juventus,1,2,0.5,1.28,
Serie A,2023-2024,2023-12-23,Torino,Udinese,1,1,0.67,0.92,
Serie A,2023-2024,2023-12-23,Bologna,Atalanta,1,0,0.99,1.59,
Serie A,2023-2024,2023-12-23,Inter,Lecce,2,0,3.29,1.13,
Serie A,2023-2024,2023-12-23,Verona,Cagliari,2,0,0.99,1.21,
Serie A,2023-2024,2023-12-23,Roma,Napoli,2,0,2.07,0.44,
Serie A,2023-2024,2023-12-29,Fiorentina,Torino,1,0,0.89,0.44,
Serie A,2023-2024,2023-12-29,Napoli,Monza,0,0,2.37,1.1,
Serie A,2023-2024,2023-12-29,Genoa,Inter,1,1,0.41,1.86,
Serie A,2023-2024,2023-12-29,Lazio,Frosinone,3,1,1.75,1.13,
Serie A,2023-2024,2023-12-30,Atalanta,Lecce,1,0,1.49,1.39,
Serie A,2023-2024,2023-12-30,Cagliari,Empoli,0,0,1.44,0.22,
Serie A,2023-2024,2023-12-30,Udinese,Bologna,3,0,1.53,0.77,
Serie A,2023-2024,2023-12-30,Verona,Salernitana,0,1,0.81,0.77,
Serie A,2023-2024,2023-12-30,AC Milan,Sassuolo,1,0,1.5,0.4,
Serie A,2023-2024,2023-12-30,Juventus,Roma,1,0,1.63,0.4,
Serie A,2023-2024,2024-01-05,Bologna,Genoa,1,1,1.36,0.15,
Serie A,2023-2024,2024-01-06,Inter,Verona,2,1,2.12,1.36,
Serie A,2023-2024,2024-01-06,Frosinone,Monza,2,3,1.15,1.45,
Serie A,2023-2024,2024-01-06,Lecce,Cagliari,1,1,1.61,0.99,
Serie A,2023-2024,2024-01-06,Sassuolo,Fiorentina,1,0,0.7,1.49,
Serie A,2023-2024,2024-01-07,Empoli,AC Milan,0,3,0.95,1.51,
Serie A,2023-2024,2024-01-07,Udinese,Lazio,1,2,0.61,0.5,
Serie A,2023-2024,2024-01-07,Torino,Napoli,3,0,2.13,1.15,
Serie A,2023-2024,2024-01-07,Salernitana,Juventus,1,2,0.93,1.83,
Serie A,2023-2024,2024-01-07,Roma,Atalanta,1,1,2.58,1.11,
Serie A,2023-2024,2024-01-13,Genoa,Torino,0,0,0.58,0.31,
Serie A,2023-2024,2024-01-13,Napoli,Salernitana,2,1,2.73,0.15,
Serie A,2023-2024,2024-01-13,Verona,Empoli,2,1,1.25,0.72,
Serie A,2023-2024,2024-01-13,Monza,Inter,1,5,1.07,4.73,
Serie A,2023-2024,2024-01-14,Lazio,Lecce,1,0,1.08,0.97,
Serie A,2023-2024,2024-01-14,Cagliari,Bologna,2,1,0.49,0.74,
Serie A,2023-2024,2024-01-14,Fiorentina,Udinese,2,2,1.67,1.17,
Serie A,2023-2024,2024-01-14,AC Milan,Roma,3,1,1.57,1.24,
Serie A,2023-2024,2024-01-15,Atalanta,Frosinone,5,0,4.92,0.43,
Serie A,2023-2024,2024-01-16,Juventus,Sassuolo,3,0,1.23,0.3,
Serie A,2023-2024,2024-01-20,Roma,Verona,2,1,1.45,1.1,
Serie A,2023-2024,2024-01-20,Udinese,AC Milan,2,3,0.81,2.43,
Serie A,2023-2024,2024-01-21,Frosinone,Cagliari,3,1,2.93,0.6,
Serie A,2023-2024,2024-01-21,Empoli,Monza,3,0,1.78,0.87,
Serie A,2023-2024,2024-01-21,Salernitana,Genoa,1,2,1.15,1.11,
Serie A,2023-2024,2024-01-21,Lecce,Juventus,0,3,0.49,2.48,
Serie A,2023-2024,2024-01-26,Cagliari,Torino,1,2,1.98,2.42,
Serie A,2023-2024,2024-01-27,Atalanta,Udinese,2,0,1.32,0.62,
Serie A,2023-2024,2024-01-27,Juventus,Empoli,1,1,0.99,0.7,
Serie A,2023-2024,2024-01-27,AC Milan,Bologna,2,2,3.6,2.07,
Serie A,2023-2024,2024-01-28,Genoa,Lecce,2,1,2.09,2.3,
Serie A,2023-2024,2024-01-28,Verona,Frosinone,1,1,2.3,1.67,
Serie A,2023-2024,2024-01-28,Monza,Sassuolo,1,0,0.42,0.73,
Serie A,2023-2024,2024-01-28,Lazio,Napoli,0,0,0.41,0.17,
Serie A,2023-2024,2024-01-28,Fiorentina,Inter,0,1,1.89,0.62,
Serie A,2023-2024,2024-01-29,Salernitana,Roma,1,2,1.43,1.49,
Serie A,2023-2024,2024-02-02,Lecce,Fiorentina,3,2,2.32,1.08,
Serie A,2023-2024,2024-02-03,Udinese,Monza,0,0,0.78,0.12,
Serie A,2023-2024,2024-02-03,Empoli,Genoa,0,0,0.58,0.58,
Serie A,2023-2024,2024-02-03,Frosinone,AC Milan,2,3,1.07,2.01,
Serie A,2023-2024,2024-02-03,Bologna,Sassuolo,4,2,0.89,0.9,
Serie A,2023-2024,2024-02-04,Torino,Salernitana,0,0,0.74,0.08,
Serie A,2023-2024,2024-02-04,Napoli,Verona,2,1,1.98,1.18,
Serie A,2023-2024,2024-02-04,Atalanta,Lazio,3,1,2.88,1.3,
Serie A,2023-2024,2024-02-04,Inter,Juventus,1,0,1.64,0.6,
Serie A,2023-2024,2024-02-05,Roma,Cagliari,4,0,3.36,0.5,
Serie A,2023-2024,2024-02-09,Salernitana,Empoli,1,3,0.8,2.15,
Serie A,2023-2024,2024-02-10,Cagliari,Lazio,1,3,0.69,1.6,
Serie A,2023-2024,2024-02-10,Roma,Inter,2,4,1.01,1.24,
Serie A,2023-2024,2024-02-10,Sassuolo,Torino,1,1,0.8,1.11,
Serie A,2023-2024,2024-02-11,Fiorentina,Frosinone,5,1,3.18,1.29,
Serie A,2023-2024,2024-02-11,Bologna,Lecce,4,0,1.78,1.11,
Serie A,2023-2024,2024-02-11,Monza,Verona,0,0,0.83,0.58,
Serie A,2023-2024,2024-02-11,Genoa,Atalanta,1,4,0.91,2.85,
Serie A,2023-2024,2024-02-11,AC Milan,Napoli,1,0,1.37,0.5,
Serie A,2023-2024,2024-02-12,Juventus,Udinese,0,1,2.02,1.13,
Serie A,2023-2024,2024-02-14,Bologna,Fiorentina,2,0,2.65,0.97,
Serie A,2023-2024,2024-02-16,Torino,Lecce,2,0,1.53,0.42,
Serie A,2023-2024,2024-02-16,Inter,Salernitana,4,0,4.49,0.05,
Serie A,2023-2024,2024-02-17,Napoli,Genoa,1,1,1.19,0.29,
Serie A,2023-2024,2024-02-17,Verona,Juventus,2,2,0.62,1.81,
Serie A,2023-2024,2024-02-17,Atalanta,Sassuolo,3,0,5.01,1.81,
Serie A,2023-2024,2024-02-18,Lazio,Bologna,1,2,1.14,1.16,
Serie A,2023-2024,2024-02-18,Udinese,Cagliari,1,1,1.18,0.82,
Serie A,2023-2024,2024-02-18,Empoli,Fiorentina,1,1,0.95,0.92,
Serie A,2023-2024,2024-02-18,Frosinone,Roma,0,3,1.62,1.82,
Serie A,2023-2024,2024-02-18,Monza,AC Milan,4,2,1.62,1.33,
Serie A,2023-2024,2024-02-22,Torino,Lazio,0,2,1.95,0.35,
Serie A,2023-2024,2024-02-23,Bologna,Verona,2,0,2.33,0.7,
Serie A,2023-2024,2024-02-24,Sassuolo,Empoli,2,3,1.6,2.53,
Serie A,2023-2024,2024-02-24,Salernitana,Monza,0,2,0.73,2.61,
Serie A,2023-2024,2024-02-24,Genoa,Udinese,2,0,1.62,0.32,
Serie A,2023-2024,2024-02-25,Juventus,Frosinone,3,2,1.74,0.57,
Serie A,2023-2024,2024-02-25,Cagliari,Napoli,1,1,0.92,1.46,
Serie A,2023-2024,2024-02-25,Lecce,Inter,0,4,0.93,3.07,
Serie A,2023-2024,2024-02-25,AC Milan,Atalanta,1,1,1.39,1.07,
Serie A,2023-2024,2024-02-26,Roma,Torino,3,2,1.52,0.55,
Serie A,2023-2024,2024-02-26,Fiorentina,Lazio,2,1,3.87,0.61,
Serie A,2023-2024,2024-02-28,Sassuolo,Napoli,1,6,0.24,2.8,
Serie A,2023-2024,2024-02-28,Inter,Atalanta,4,0,2.92,0.26,
Serie A,2023-2024,2024-03-01,Lazio,AC Milan,0,1,1.6,0.85,
Serie A,2023-2024,2024-03-02,Udinese,Salernitana,1,1,1.98,0.84,
Serie A,2023-2024,2024-03-02,Monza,Roma,1,4,1.02,1.9,
Serie A,2023-2024,2024-03-02,Torino,Fiorentina,0,0,0.56,0.7,
Serie A,2023-2024,2024-03-03,Verona,Sassuolo,1,0,0.5,0.36,
Serie A,2023-2024,2024-03-03,Frosinone,Lecce,1,1,1.54,1.29,
Serie A,2023-2024,2024-03-03,Empoli,Cagliari,0,1,1.51,0.43,
Serie A,2023-2024,2024-03-03,Atalanta,Bologna,1,2,1.21,1.58,
Serie A,2023-2024,2024-03-03,Napoli,Juventus,2,1,1.78,2.04,
Serie A,2023-2024,2024-03-04,Inter,Genoa,2,1,2.9,1.17,
Serie A,2023-2024,2024-03-08,Napoli,Torino,1,1,1.62,1.13,
Serie A,2023-2024,2024-03-09,Cagliari,Salernitana,4,2,3.42,1.17,
Serie A,2023-2024,2024-03-09,Sassuolo,Frosinone,1,0,0.6,1.39,
Serie A,2023-2024,2024-03-09,Bologna,Inter,0,1,0.67,0.82,
Serie A,2023-2024,2024-03-09,Genoa,Monza,2,3,1.82,1.66,
Serie A,2023-2024,2024-03-10,Lecce,Verona,0,1,1.04,0.56,
Serie A,2023-2024,2024-03-10,AC Milan,Empoli,1,0,0.99,0.42,
Serie A,2023-2024,2024-03-10,Juventus,Atalanta,2,2,1.67,0.47,
Serie A,2023-2024,2024-03-10,Fiorentina,Roma,2,2,2.48,0.78,
Serie A,2023-2024,2024-03-11,Lazio,Udinese,1,2,2.15,1.49,
Serie A,2023-2024,2024-03-15,Empoli,Bologna,0,1,0.87,2.31,
Serie A,2023-2024,2024-03-16,Monza,Cagliari,1,0,1.44,0.44,
Serie A,2023-2024,2024-03-16,Udinese,Torino,0,2,0.38,1.55,
Serie A,2023-2024,2024-03-16,Salernitana,Lecce,0,1,1.45,2.01,
Serie A,2023-2024,2024-03-16,Frosinone,Lazio,2,3,1.9,3.31,
Serie A,2023-2024,2024-03-17,Juventus,Genoa,0,0,1.39,0.18,
Serie A,2023-2024,2024-03-17,Verona,AC Milan,1,3,0.57,2.75,
Serie A,2023-2024,2024-03-17,Roma,Sassuolo,1,0,0.86,0.78,
Serie A,2023-2024,2024-03-17,Inter,Napoli,1,1,1.38,1.36,
Serie A,2023-2024,2024-03-30,Napoli,Atalanta,0,3,1.83,1.56,
Serie A,2023-2024,2024-03-30,Genoa,Frosinone,1,1,1.66,1.01,
Serie A,2023-2024,2024-03-30,Torino,Monza,1,0,1.62,0.56,
Serie A,2023-2024,2024-03-30,Lazio,Juventus,1,0,1.24,0.48,
Serie A,2023-2024,2024-03-30,Fiorentina,AC Milan,1,2,1.7,3.17,
Serie A,2023-2024,2024-04-01,Bologna,Salernitana,3,0,1.85,0.7,
Serie A,2023-2024,2024-04-01,Cagliari,Verona,1,1,0.59,1.09,
Serie A,2023-2024,2024-04-01,Sassuolo,Udinese,1,1,1.48,1.73,
Serie A,2023-2024,2024-04-01,Lecce,Roma,0,0,1.98,1.69,
Serie A,2023-2024,2024-04-01,Inter,Empoli,2,0,2.03,0.56,
Serie A,2023-2024,2024-04-05,Salernitana,Sassuolo,2,2,1.28,1.88,
Serie A,2023-2024,2024-04-06,AC Milan,Lecce,3,0,2.41,0.84,
Serie A,2023-2024,2024-04-06,Roma,Lazio,1,0,0.64,0.48,
Serie A,2023-2024,2024-04-06,Empoli,Torino,3,2,0.49,2.53,
Serie A,2023-2024,2024-04-07,Frosinone,Bologna,0,0,0.57,2.46,
Serie A,2023-2024,2024-04-07,Monza,Napoli,2,4,0.41,2.7,
Serie A,2023-2024,2024-04-07,Verona,Genoa,1,2,0.96,2.01,
Serie A,2023-2024,2024-04-07,Cagliari,Atalanta,2,1,0.72,0.77,
Serie A,2023-2024,2024-04-07,Juventus,Fiorentina,1,0,2.46,0.51,
Serie A,2023-2024,2024-04-08,Udinese,Inter,1,2,0.07,3.41,
Serie A,2023-2024,2024-04-12,Lazio,Salernitana,4,1,2.5,0.54,
Serie A,2023-2024,2024-04-13,Lecce,Empoli,1,0,3.15,0.14,
Serie A,2023-2024,2024-04-13,Torino,Juventus,0,0,0.83,1.26,
Serie A,2023-2024,2024-04-13,Bologna,Monza,0,0,2.77,0.41,
Serie A,2023-2024,2024-04-14,Napoli,Frosinone,2,2,2.73,2.31,
Serie A,2023-2024,2024-04-14,Sassuolo,AC Milan,3,3,1.37,3.05,
Serie A,2023-2024,2024-04-14,Udinese,Roma,1,2,0.94,1.62,
Serie A,2023-2024,2024-04-14,Inter,Cagliari,2,2,1.95,1.11,
Serie A,2023-2024,2024-04-15,Fiorentina,Genoa,1,1,1.79,1.6,
Serie A,2023-2024,2024-04-15,Atalanta,Verona,2,2,1.67,1.1,
Serie A,2023-2024,2024-04-19,Genoa,Lazio,0,1,0.61,0.95,
Serie A,2023-2024,2024-04-19,Cagliari,Juventus,2,2,1.98,0.6,
Serie A,2023-2024,2024-04-20,Empoli,Napoli,1,0,1.25,0.89,
Serie A,2023-2024,2024-04-20,Verona,Udinese,1,0,1.3,1.97,
Serie A,2023-2024,2024-04-21,Sassuolo,Lecce,0,3,0.41,2.37,
Serie A,2023-2024,2024-04-21,Torino,Frosinone,0,0,0.52,0.58,
Serie A,2023-2024,2024-04-21,Salernitana,Fiorentina,0,2,0.33,2.45,
Serie A,2023-2024,2024-04-21,Monza,Atalanta,1,2,0.88,2.2,
Serie A,2023-2024,2024-04-22,Roma,Bologna,1,3,1.83,1.26,
Serie A,2023-2024,2024-04-22,AC Milan,Inter,1,2,2.51,1.63,
Serie A,2023-2024,2024-04-26,Frosinone,Salernitana,3,0,1.75,1.03,
Serie A,2023-2024,2024-04-27,Lecce,Monza,1,1,0.93,1.1,
Serie A,2023-2024,2024-04-27,Juventus,AC Milan,0,0,1.77,0.28,
Serie A,2023-2024,2024-04-27,Lazio,Verona,1,0,1.32,0.63,
Serie A,2023-2024,2024-04-28,Inter,Torino,2,0,1.9,0.46,
Serie A,2023-2024,2024-04-28,Bologna,Udinese,1,1,0.71,0.61,
Serie A,2023-2024,2024-04-28,Napoli,Roma,2,2,3.88,1.79,
Serie A,2023-2024,2024-04-28,Atalanta,Empoli,2,0,2.13,0.59,
Serie A,2023-2024,2024-04-28,Fiorentina,Sassuolo,5,1,4.3,0.27,
Serie A,2023-2024,2024-04-29,Genoa,Cagliari,3,0,1.09,0.78,
Serie A,2023-2024,2024-05-03,Torino,Bologna,0,0,0.79,0.17,
Serie A,2023-2024,2024-05-04,Monza,Lazio,2,2,2.08,1.57,
Serie A,2023-2024,2024-05-04,Sassuolo,Inter,1,0,0.33,1.64,
Serie A,2023-2024,2024-05-05,Cagliari,Lecce,1,1,0.92,1.81,
Serie A,2023-2024,2024-05-05,Empoli,Frosinone,0,0,0.32,0.95,
Serie A,2023-2024,2024-05-05,Verona,Fiorentina,2,1,1.49,1.11,
Serie A,2023-2024,2024-05-05,AC Milan,Genoa,3,3,2.31,0.91,
Serie A,2023-2024,2024-05-05,Roma,Juventus,1,1,1.61,0.95,
Serie A,2023-2024,2024-05-06,Salernitana,Atalanta,1,2,0.5,2.26,
Serie A,2023-2024,2024-05-06,Udinese,Napoli,1,1,0.52,1.12,
Serie A,2023-2024,2024-05-10,Frosinone,Inter,0,5,1.89,2.06,
Serie A,2023-2024,2024-05-11,Napoli,Bologna,0,2,1.48,1.74,
Serie A,2023-2024,2024-05-11,AC Milan,Cagliari,5,1,3.56,1.34,
Serie A,2023-2024,2024-05-12,Lazio,Empoli,2,0,1.61,1.1,
Serie A,2023-2024,2024-05-12,Genoa,Sassuolo,2,1,0.81,1.69,
Serie A,2023-2024,2024-05-12,Verona,Torino,1,2,1.09,0.96,
Serie A,2023-2024,2024-05-12,Juventus,Salernitana,1,1,2.37,0.92,
Serie A,2023-2024,2024-05-12,Atalanta,Roma,2,1,2.86,1.17,
Serie A,2023-2024,2024-05-13,Lecce,Udinese,0,2,0.35,1.64,
Serie A,2023-2024,2024-05-13,Fiorentina,Monza,2,1,2.45,1.2,
Serie A,2023-2024,2024-05-17,Fiorentina,Napoli,2,2,0.57,1.32,
Serie A,2023-2024,2024-05-18,Lecce,Atalanta,0,2,1.03,2.22,
Serie A,2023-2024,2024-05-18,Torino,AC Milan,3,1,1.08,1.64,
Serie A,2023-2024,2024-05-19,Inter,Lazio,1,1,1.61,0.69,
Serie A,2023-2024,2024-05-19,Sassuolo,Cagliari,0,2,0.27,1.47,
Serie A,2023-2024,2024-05-19,Udinese,Empoli,1,1,1.67,0.83,
Serie A,2023-2024,2024-05-19,Monza,Frosinone,0,1,1.25,2.23,
Serie A,2023-2024,2024-05-19,Roma,Genoa,1,0,0.74,0.51,
Serie A,2023-2024,2024-05-20,Salernitana,Verona,1,2,0.9,2.33,
Serie A,2023-2024,2024-05-20,Bologna,Juventus,3,3,1.38,1.27,
Serie A,2023-2024,2024-05-24,Cagliari,Fiorentina,2,3,2.08,2.22,
Serie A,2023-2024,2024-05-24,Genoa,Bologna,2,0,1.58,0.45,
Serie A,2023-2024,2024-05-25,Juventus,Monza,2,0,1.93,1.13,
Serie A,2023-2024,2024-05-25,AC Milan,Salernitana,3,3,2.83,1.8,
Serie A,2023-2024,2024-05-26,Atalanta,Torino,3,0,2.57,1.7,
Serie A,2023-2024,2024-05-26,Napoli,Lecce,0,0,1.83,0.62,
Serie A,2023-2024,2024-05-26,Empoli,Roma,2,1,2.89,1.46,
Serie A,2023-2024,2024-05-26,Frosinone,Udinese,0,1,0.87,0.9,
Serie A,2023-2024,2024-05-26,Verona,Inter,2,2,1.64,3.0,
Serie A,2023-2024,2024-05-26,Lazio,Sassuolo,1,1,1.25,1.12,
Serie A,2023-2024,2024-06-02,Atalanta,Fiorentina,2,3,1.7,1.01,
Serie A,2024-2025,2024-08-17,Genoa,Inter,2,2,2.31,2.01,
Serie A,2024-2025,2024-08-17,Parma Calcio 1913,Fiorentina,1,1,1.84,0.81,
Serie A,2024-2025,2024-08-17,Empoli,Monza,0,0,0.58,0.33,
Serie A,2024-2025,2024-08-17,AC Milan,Torino,2,2,2.1,0.88,
Serie A,2024-2025,2024-08-18,Verona,Napoli,3,0,1.81,0.98,
Serie A,2024-2025,2024-08-18,Bologna,Udinese,1,1,3.31,0.94,
Serie A,2024-2025,2024-08-18,Cagliari,Roma,0,0,1.31,1.3,
Serie A,2024-2025,2024-08-18,Lazio,Venezia,3,1,2.33,0.79,
Serie A,2024-2025,2024-08-19,Lecce,Atalanta,0,4,1.88,2.46,
Serie A,2024-2025,2024-08-19,Juventus,Como,3,0,1.31,0.17,
Serie A,2024-2025,2024-08-24,Parma Calcio 1913,AC Milan,2,1,2.46,2.1,
Serie A,2024-2025,2024-08-24,Udinese,Lazio,2,1,1.12,1.68,
Serie A,2024-2025,2024-08-24,Monza,Genoa,0,1,0.4,0.66,
Serie A,2024-2025,2024-08-24,Inter,Lecce,2,0,2.48,0.34,
Serie A,2024-2025,2024-08-25,Fiorentina,Venezia,0,0,0.66,1.01,
Serie A,2024-2025,2024-08-25,Torino,Atalanta,2,1,2.5,3.09,
Serie A,2024-2025,2024-08-25,Napoli,Bologna,3,0,2.07,0.54,
Serie A,2024-2025,2024-08-25,Roma,Empoli,1,2,2.04,3.08,
Serie A,2024-2025,2024-08-26,Cagliari,Como,1,1,1.04,2.09,
Serie A,2024-2025,2024-08-26,Verona,Juventus,0,3,0.88,1.36,
Serie A,2024-2025,2024-08-30,Venezia,Torino,0,1,0.64,1.81,
Serie A,2024-2025,2024-08-30,Inter,Atalanta,4,0,2.29,1.18,
Serie A,2024-2025,2024-08-31,Lecce,Cagliari,1,0,2.34,2.09,
Serie A,2024-2025,2024-08-31,Bologna,Empoli,1,1,1.36,1.11,
Serie A,2024-2025,2024-08-31,Napoli,Parma Calcio 1913,2,1,2.34,1.9,
Serie A,2024-2025,2024-08-31,Lazio,AC Milan,2,2,2.33,1.34,
Serie A,2024-2025,2024-09-01,Fiorentina,Monza,2,2,2.42,0.49,
Serie A,2024-2025,2024-09-01,Genoa,Verona,0,2,1.35,2.1,
Serie A,2024-2025,2024-09-01,Juventus,Roma,0,0,0.42,0.38,
Serie A,2024-2025,2024-09-01,Udinese,Como,1,0,1.18,1.66,
Serie A,2024-2025,2024-09-14,Como,Bologna,2,2,1.46,1.15,
Serie A,2024-2025,2024-09-14,Empoli,Juventus,0,0,0.6,0.73,
Serie A,2024-2025,2024-09-14,AC Milan,Venezia,4,0,2.19,0.26,
Serie A,2024-2025,2024-09-15,Genoa,Roma,1,1,1.6,2.66,
Serie A,2024-2025,2024-09-15,Atalanta,Fiorentina,3,2,2.45,1.96,
Serie A,2024-2025,2024-09-15,Torino,Lecce,0,0,0.45,1.66,
Serie A,2024-2025,2024-09-15,Cagliari,Napoli,0,4,0.88,1.43,
Serie A,2024-2025,2024-09-15,Monza,Inter,1,1,0.22,1.81,
Serie A,2024-2025,2024-09-16,Parma Calcio 1913,Udinese,2,3,0.88,3.09,
Serie A,2024-2025,2024-09-16,Lazio,Verona,2,1,1.79,0.53,
Serie A,2024-2025,2024-09-20,Cagliari,Empoli,0,2,1.69,1.03,
Serie A,2024-2025,2024-09-20,Verona,Torino,2,3,0.78,1.97,
Serie A,2024-2025,2024-09-21,Venezia,Genoa,2,0,2.34,0.39,
Serie A,2024-2025,2024-09-21,Juventus,Napoli,0,0,0.42,0.23,
Serie A,2024-2025,2024-09-21,Lecce,Parma Calcio 1913,2,2,1.26,2.05,
Serie A,2024-2025,2024-09-22,Fiorentina,Lazio,2,1,2.86,1.14,
Serie A,2024-2025,2024-09-22,Monza,Bologna,1,2,0.71,1.45,
Serie A,2024-2025,2024-09-22,Roma,Udinese,3,0,2.57,0.53,
Serie A,2024-2025,2024-09-22,Inter,AC Milan,1,2,0.94,2.76,
Serie A,2024-2025,2024-09-24,Atalanta,Como,2,3,1.32,0.58,
Serie A,2024-2025,2024-09-27,AC Milan,Lecce,3,0,2.43,0.46,
Serie A,2024-2025,2024-09-28,Udinese,Inter,2,3,0.98,2.3,
Serie A,2024-2025,2024-09-28,Genoa,Juventus,0,3,0.39,2.92,
Serie A,2024-2025,2024-09-28,Bologna,Atalanta,1,1,0.18,2.48,
Serie A,2024-2025,2024-09-29,Torino,Lazio,2,3,0.49,2.25,
Serie A,2024-2025,2024-09-29,Como,Verona,3,2,2.47,1.55,
Serie A,2024-2025,2024-09-29,Roma,Venezia,2,1,1.99,2.03,
Serie A,2024-2025,2024-09-29,Empoli,Fiorentina,0,0,0.45,1.25,
Serie A,2024-2025,2024-09-29,Napoli,Monza,2,0,1.36,0.3,
Serie A,2024-2025,2024-09-30,Parma Calcio 1913,Cagliari,2,3,2.99,3.06,
Serie A,2024-2025,2024-10-04,Napoli,Como,3,1,1.91,0.64,
Serie A,2024-2025,2024-10-04,Verona,Venezia,2,1,2.11,1.44,
Serie A,2024-2025,2024-10-05,Udinese,Lecce,1,0,1.56,0.65,
Serie A,2024-2025,2024-10-05,Atalanta,Genoa,5,1,4.01,0.54,
Serie A,2024-2025,2024-10-05,Inter,Torino,3,2,3.45,1.29,
Serie A,2024-2025,2024-10-06,Juventus,Cagliari,1,1,3.22,1.04,
Serie A,2024-2025,2024-10-06,Lazio,Empoli,2,1,2.05,0.91,
Serie A,2024-2025,2024-10-06,Bologna,Parma Calcio 1913,0,0,0.84,1.09,
Serie A,2024-2025,2024-10-06,Monza,Roma,1,1,1.12,1.48,
Serie A,2024-2025,2024-10-06,Fiorentina,AC Milan,2,1,1.94,2.83,
Serie A,2024-2025,2024-10-19,Genoa,Bologna,2,2,0.45,1.16,
Serie A,2024-2025,2024-10-19,Como,Parma Calcio 1913,1,1,1.29,0.92,
Serie A,2024-2025,2024-10-19,AC Milan,Udinese,1,0,1.2,0.52,
Serie A,2024-2025,2024-10-19,Juventus,Lazio,1,0,1.49,0.06,
Serie A,2024-2025,2024-10-20,Empoli,Napoli,0,1,1.0,1.32,
Serie A,2024-2025,2024-10-20,Venezia,Atalanta,0,2,0.88,1.83,
Serie A,2024-2025,2024-10-20,Lecce,Fiorentina,0,6,0.22,2.22,
Serie A,2024-2025,2024-10-20,Cagliari,Torino,3,2,1.51,1.23,
Serie A,2024-2025,2024-10-20,Roma,Inter,0,1,0.79,0.8,
Serie A,2024-2025,2024-10-21,Verona,Monza,0,3,0.81,1.56,
Serie A,2024-2025,2024-10-25,Udinese,Cagliari,2,0,1.13,0.16,
Serie A,2024-2025,2024-10-25,Torino,Como,1,0,1.56,1.6,
Serie A,2024-2025,2024-10-26,Napoli,Lecce,1,0,2.53,0.57,
Serie A,2024-2025,2024-10-26,Atalanta,Verona,6,1,3.84,0.22,
Serie A,2024-2025,2024-10-27,Parma Calcio 1913,Empoli,1,1,1.44,0.15,
Serie A,2024-2025,2024-10-27,Monza,Venezia,2,2,0.9,0.46,
Serie A,2024-2025,2024-10-27,Lazio,Genoa,3,0,2.98,0.26,
Serie A,2024-2025,2024-10-27,Inter,Juventus,4,4,2.83,2.36,
Serie A,2024-2025,2024-10-27,Fiorentina,Roma,5,1,4.57,0.66,
Serie A,2024-2025,2024-10-29,Cagliari,Bologna,0,2,1.19,0.87,
Serie A,2024-2025,2024-10-29,Lecce,Verona,1,0,1.35,0.21,
Serie A,2024-2025,2024-10-29,AC Milan,Napoli,0,2,0.57,0.96,
Serie A,2024-2025,2024-10-30,Empoli,Inter,0,3,0.32,1.69,
Serie A,2024-2025,2024-10-30,Venezia,Udinese,3,2,2.55,1.31,
Serie A,2024-2025,2024-10-30,Atalanta,Monza,2,0,1.65,0.08,
Serie A,2024-2025,2024-10-30,Juventus,Parma Calcio 1913,2,2,2.78,1.46,
Serie A,2024-2025,2024-10-31,Genoa,Fiorentina,0,1,0.85,0.91,
Serie A,2024-2025,2024-10-31,Como,Lazio,1,5,1.16,2.97,
Serie A,2024-2025,2024-10-31,Roma,Torino,1,0,0.44,0.19,
Serie A,2024-2025,2024-11-02,Bologna,Lecce,1,0,2.06,0.77,
Serie A,2024-2025,2024-11-02,Udinese,Juventus,0,2,0.57,1.56,
Serie A,2024-2025,2024-11-02,Monza,AC Milan,0,1,1.23,2.91,
Serie A,2024-2025,2024-11-03,Napoli,Atalanta,0,3,0.61,1.51,
Serie A,2024-2025,2024-11-03,Torino,Fiorentina,0,1,0.59,0.52,
Serie A,2024-2025,2024-11-03,Verona,Roma,3,2,1.52,2.38,
Serie A,2024-2025,2024-11-03,Inter,Venezia,1,0,3.35,1.14,
Serie A,2024-2025,2024-11-04,Empoli,Como,1,0,0.72,0.42,
Serie A,2024-2025,2024-11-04,Parma Calcio 1913,Genoa,0,1,0.88,1.15,
Serie A,2024-2025,2024-11-04,Lazio,Cagliari,2,1,3.4,0.27,
Serie A,2024-2025,2024-11-07,Genoa,Como,1,1,1.04,1.37,
Serie A,2024-2025,2024-11-08,Lecce,Empoli,1,1,1.42,0.61,
Serie A,2024-2025,2024-11-09,Venezia,Parma Calcio 1913,1,2,1.3,0.95,
Serie A,2024-2025,2024-11-09,Cagliari,AC Milan,3,3,1.9,2.78,
Serie A,2024-2025,2024-11-09,Juventus,Torino,2,0,1.57,0.27,
Serie A,2024-2025,2024-11-10,Atalanta,Udinese,2,1,1.6,0.91,
Serie A,2024-2025,2024-11-10,Roma,Bologna,2,3,1.07,2.17,
Serie A,2024-2025,2024-11-10,Fiorentina,Verona,3,1,2.77,0.54,
Serie A,2024-2025,2024-11-10,Monza,Lazio,0,1,0.75,1.17,
Serie A,2024-2025,2024-11-10,Inter,Napoli,1,1,1.47,1.01,
Serie A,2024-2025,2024-11-23,Verona,Inter,0,5,0.55,2.8,
Serie A,2024-2025,2024-11-23,AC Milan,Juventus,0,0,0.31,0.81,
Serie A,2024-2025,2024-11-23,Parma Calcio 1913,Atalanta,1,3,0.62,3.54,
Serie A,2024-2025,2024-11-24,Genoa,Cagliari,2,2,2.2,2.81,
Serie A,2024-2025,2024-11-24,Como,Fiorentina,0,2,1.27,0.95,
Serie A,2024-2025,2024-11-24,Torino,Monza,1,1,1.45,0.92,
Serie A,2024-2025,2024-11-24,Napoli,Roma,1,0,2.02,0.59,
Serie A,2024-2025,2024-11-24,Lazio,Bologna,3,0,2.6,0.09,
Serie A,2024-2025,2024-11-25,Empoli,Udinese,1,1,0.17,1.09,
Serie A,2024-2025,2024-11-25,Venezia,Lecce,0,1,2.88,0.62,
Serie A,2024-2025,2024-11-29,Cagliari,Verona,1,0,2.65,0.61,
Serie A,2024-2025,2024-11-30,Como,Monza,1,1,1.39,1.76,
Serie A,2024-2025,2024-11-30,AC Milan,Empoli,3,0,2.02,0.4,
Serie A,2024-2025,2024-11-30,Bologna,Venezia,3,0,4.17,0.36,
Serie A,2024-2025,2024-12-01,Udinese,Genoa,0,2,0.16,1.72,
Serie A,2024-2025,2024-12-01,Parma Calcio 1913,Lazio,3,1,1.27,2.42,
Serie A,2024-2025,2024-12-01,Torino,Napoli,0,1,0.44,1.64,
Serie A,2024-2025,2024-12-01,Lecce,Juventus,1,1,1.1,1.04,
Serie A,2024-2025,2024-12-02,Roma,Atalanta,0,2,0.67,1.77,
Serie A,2024-2025,2024-12-06,Inter,Parma Calcio 1913,3,1,3.08,0.27,
Serie A,2024-2025,2024-12-06,Atalanta,AC Milan,2,1,2.63,0.9,
Serie A,2024-2025,2024-12-07,Genoa,Torino,0,0,0.33,0.71,
Serie A,2024-2025,2024-12-07,Juventus,Bologna,2,2,0.86,0.78,
Serie A,2024-2025,2024-12-07,Roma,Lecce,4,1,2.38,0.83,
Serie A,2024-2025,2024-12-08,Fiorentina,Cagliari,1,0,0.41,1.0,
Serie A,2024-2025,2024-12-08,Verona,Empoli,1,4,0.9,1.29,
Serie A,2024-2025,2024-12-08,Venezia,Como,2,2,0.3,0.78,
Serie A,2024-2025,2024-12-08,Napoli,Lazio,0,1,1.14,0.24,
Serie A,2024-2025,2024-12-09,Monza,Udinese,1,2,1.92,1.4,
Serie A,2024-2025,2024-12-13,Empoli,Torino,0,1,0.95,1.36,
Serie A,2024-2025,2024-12-14,Cagliari,Atalanta,0,1,1.91,2.37,
Serie A,2024-2025,2024-12-14,Udinese,Napoli,1,3,1.49,1.96,
Serie A,2024-2025,2024-12-14,Juventus,Venezia,2,2,2.19,0.59,
Serie A,2024-2025,2024-12-15,Lecce,Monza,2,1,1.58,0.79,
Serie A,2024-2025,2024-12-15,Bologna,Fiorentina,1,0,2.32,1.14,
Serie A,2024-2025,2024-12-15,Parma Calcio 1913,Verona,2,3,2.31,3.7,
Serie A,2024-2025,2024-12-15,Como,Roma,2,0,1.12,0.65,
Serie A,2024-2025,2024-12-15,AC Milan,Genoa,0,0,1.28,0.2,
Serie A,2024-2025,2024-12-16,Lazio,Inter,0,6,0.63,2.33,
Serie A,2024-2025,2024-12-20,Verona,AC Milan,0,1,0.65,1.38,
Serie A,2024-2025,2024-12-21,Torino,Bologna,0,2,0.27,1.8,
Serie A,2024-2025,2024-12-21,Genoa,Napoli,1,2,0.71,1.42,
Serie A,2024-2025,2024-12-21,Lecce,Lazio,1,2,1.09,1.95,
Serie A,2024-2025,2024-12-22,Roma,Parma Calcio 1913,5,0,5.56,0.62,
Serie A,2024-2025,2024-12-22,Venezia,Cagliari,2,1,1.55,2.63,
Serie A,2024-2025,2024-12-22,Atalanta,Empoli,3,2,2.08,1.22,
Serie A,2024-2025,2024-12-22,Monza,Juventus,1,2,0.98,2.59,
Serie A,2024-2025,2024-12-23,Fiorentina,Udinese,1,2,1.56,0.86,
Serie A,2024-2025,2024-12-23,Inter,Como,2,0,1.9,0.37,
Serie A,2024-2025,2024-12-28,Empoli,Genoa,1,2,1.43,2.02,
Serie A,2024-2025,2024-12-28,Parma Calcio 1913,Monza,2,1,1.22,2.22,
Serie A,2024-2025,2024-12-28,Cagliari,Inter,0,3,0.3,3.17,
Serie A,2024-2025,2024-12-28,Lazio,Atalanta,1,1,0.56,2.98,
Serie A,2024-2025,2024-12-29,Udinese,Torino,2,2,1.24,0.6,
Serie A,2024-2025,2024-12-29,Napoli,Venezia,1,0,2.56,0.46,
Serie A,2024-2025,2024-12-29,Juventus,Fiorentina,2,2,1.75,1.03,
Serie A,2024-2025,2024-12-29,AC Milan,Roma,1,1,2.26,1.61,
Serie A,2024-2025,2024-12-30,Como,Lecce,2,0,2.26,0.44,
Serie A,2024-2025,2024-12-30,Bologna,Verona,2,3,2.86,0.8,
Serie A,2024-2025,2025-01-04,Venezia,Empoli,1,1,0.46,1.52,
Serie A,2024-2025,2025-01-04,Fiorentina,Napoli,0,3,0.88,1.6,
Serie A,2024-2025,2025-01-04,Verona,Udinese,0,0,0.75,0.66,
Serie A,2024-2025,2025-01-05,Monza,Cagliari,1,2,1.56,0.78,
Serie A,2024-2025,2025-01-05,Lecce,Genoa,0,0,0.55,1.07,
Serie A,2024-2025,2025-01-05,Torino,Parma Calcio 1913,0,0,1.09,0.32,
Serie A,2024-2025,2025-01-05,Roma,Lazio,2,0,1.23,1.32,
Serie A,2024-2025,2025-01-10,Lazio,Como,1,1,1.04,1.9,
Serie A,2024-2025,2025-01-11,Empoli,Lecce,1,3,2.32,1.58,
Serie A,2024-2025,2025-01-11,Udinese,Atalanta,0,0,2.05,0.23,
Serie A,2024-2025,2025-01-11,Torino,Juventus,1,1,0.41,0.95,
Serie A,2024-2025,2025-01-11,AC Milan,Cagliari,1,1,2.43,0.31,
Serie A,2024-2025,2025-01-12,Genoa,Parma Calcio 1913,1,0,1.52,0.51,
Serie A,2024-2025,2025-01-12,Venezia,Inter,0,1,0.67,2.35,
Serie A,2024-2025,2025-01-12,Bologna,Roma,2,2,2.29,1.59,
Serie A,2024-2025,2025-01-12,Napoli,Verona,2,0,1.59,0.23,
Serie A,2024-2025,2025-01-13,Monza,Fiorentina,2,1,0.99,1.61,
Serie A,2024-2025,2025-01-14,Como,AC Milan,1,2,1.64,1.44,
Serie A,2024-2025,2025-01-14,Atalanta,Juventus,1,1,1.58,2.28,
Serie A,2024-2025,2025-01-15,Inter,Bologna,2,2,1.79,0.91,
Serie A,2024-2025,2025-01-17,Roma,Genoa,3,1,1.8,0.49,
Serie A,2024-2025,2025-01-18,Bologna,Monza,3,1,2.34,0.41,
Serie A,2024-2025,2025-01-18,Juventus,AC Milan,2,0,1.57,1.18,
Serie A,2024-2025,2025-01-18,Atalanta,Napoli,2,3,0.71,1.25,
Serie A,2024-2025,2025-01-19,Fiorentina,Torino,1,1,1.82,0.54,
Serie A,2024-2025,2025-01-19,Cagliari,Lecce,4,1,3.36,0.39,
Serie A,2024-2025,2025-01-19,Parma Calcio 1913,Venezia,1,1,1.6,1.18,
Serie A,2024-2025,2025-01-19,Verona,Lazio,0,3,1.49,1.99,
Serie A,2024-2025,2025-01-19,Inter,Empoli,3,1,1.64,0.41,
Serie A,2024-2025,2025-01-20,Como,Udinese,4,1,1.82,0.85,
Serie A,2024-2025,2025-01-24,Torino,Cagliari,2,0,2.23,0.27,
Serie A,2024-2025,2025-01-25,Como,Atalanta,1,2,0.7,1.05,
Serie A,2024-2025,2025-01-25,Napoli,Juventus,2,1,2.34,1.03,
Serie A,2024-2025,2025-01-25,Empoli,Bologna,1,1,0.83,0.9,
Serie A,2024-2025,2025-01-26,AC Milan,Parma Calcio 1913,3,2,2.71,1.86,
Serie A,2024-2025,2025-01-26,Udinese,Roma,1,2,0.81,2.62,
Serie A,2024-2025,2025-01-26,Lecce,Inter,0,4,0.72,2.58,
Serie A,2024-2025,2025-01-26,Lazio,Fiorentina,1,2,2.01,1.2,
Serie A,2024-2025,2025-01-27,Venezia,Verona,1,1,0.71,2.17,
Serie A,2024-2025,2025-01-27,Genoa,Monza,2,0,3.32,0.31,
Serie A,2024-2025,2025-01-31,Parma Calcio 1913,Lecce,1,3,2.0,0.76,
Serie A,2024-2025,2025-02-01,Udinese,Venezia,3,2,0.94,1.36,
Serie A,2024-2025,2025-02-01,Monza,Verona,0,1,0.28,0.85,
Serie A,2024-2025,2025-02-01,Atalanta,Torino,1,1,3.35,0.63,
Serie A,2024-2025,2025-02-01,Bologna,Como,2,0,1.68,0.64,
Serie A,2024-2025,2025-02-02,Juventus,Empoli,4,1,2.01,0.95,
Serie A,2024-2025,2025-02-02,Fiorentina,Genoa,2,1,0.7,1.97,
Serie A,2024-2025,2025-02-02,AC Milan,Inter,1,1,1.04,1.98,
Serie A,2024-2025,2025-02-02,Roma,Napoli,1,1,0.36,0.38,
Serie A,2024-2025,2025-02-03,Cagliari,Lazio,1,2,1.83,1.93,
Serie A,2024-2025,2025-02-06,Fiorentina,Inter,3,0,1.05,0.59,
Serie A,2024-2025,2025-02-07,Como,Juventus,1,2,0.94,1.32,
Serie A,2024-2025,2025-02-08,Empoli,AC Milan,0,2,0.67,1.91,
Serie A,2024-2025,2025-02-08,Verona,Atalanta,0,5,1.79,2.15,
Serie A,2024-2025,2025-02-08,Torino,Genoa,1,1,0.65,0.31,
Serie A,2024-2025,2025-02-09,Cagliari,Parma Calcio 1913,2,1,1.5,1.15,
Serie A,2024-2025,2025-02-09,Lecce,Bologna,0,0,0.84,0.85,
Serie A,2024-2025,2025-02-09,Venezia,Roma,0,1,0.91,2.14,
Serie A,2024-2025,2025-02-09,Lazio,Monza,5,1,4.43,0.87,
Serie A,2024-2025,2025-02-09,Napoli,Udinese,1,1,2.08,1.29,
Serie A,2024-2025,2025-02-10,Inter,Fiorentina,2,1,1.88,1.03,
Serie A,2024-2025,2025-02-14,Bologna,Torino,3,2,3.46,1.65,
Serie A,2024-2025,2025-02-15,Atalanta,Cagliari,0,0,0.47,0.12,
Serie A,2024-2025,2025-02-15,Lazio,Napoli,2,2,0.88,0.56,
Serie A,2024-2025,2025-02-15,AC Milan,Verona,1,0,1.88,0.37,
Serie A,2024-2025,2025-02-16,Fiorentina,Como,0,2,0.43,0.88,
Serie A,2024-2025,2025-02-16,Udinese,Empoli,3,0,2.91,2.47,
Serie A,2024-2025,2025-02-16,Monza,Lecce,0,0,0.28,1.11,
Serie A,2024-2025,2025-02-16,Parma Calcio 1913,Roma,0,1,0.29,1.41,
Serie A,2024-2025,2025-02-16,Juventus,Inter,1,0,1.37,2.09,
Serie A,2024-2025,2025-02-17,Genoa,Venezia,2,0,1.6,0.34,
Serie A,2024-2025,2025-02-21,Lecce,Udinese,0,1,0.48,1.52,
Serie A,2024-2025,2025-02-22,Parma Calcio 1913,Bologna,2,0,1.41,0.7,
Serie A,2024-2025,2025-02-22,Venezia,Lazio,0,0,1.0,0.79,
Serie A,2024-2025,2025-02-22,Torino,AC Milan,2,1,0.56,2.18,
Serie A,2024-2025,2025-02-22,Inter,Genoa,1,0,1.4,1.51,
Serie A,2024-2025,2025-02-23,Como,Napoli,2,1,0.47,1.1,
Serie A,2024-2025,2025-02-23,Verona,Fiorentina,1,0,0.45,1.16,
Serie A,2024-2025,2025-02-23,Empoli,Atalanta,0,5,0.78,2.51,
Serie A,2024-2025,2025-02-23,Cagliari,Juventus,0,1,0.23,2.21,
Serie A,2024-2025,2025-02-24,Roma,Monza,4,0,2.16,0.33,
Serie A,2024-2025,2025-02-27,Bologna,AC Milan,2,1,2.32,1.56,
Serie A,2024-2025,2025-02-28,Fiorentina,Lecce,1,0,1.44,1.12,
Serie A,2024-2025,2025-03-01,Atalanta,Venezia,0,0,3.35,0.36,
Serie A,2024-2025,2025-03-01,Napoli,Inter,1,1,1.73,0.45,
Serie A,2024-2025,2025-03-01,Udinese,Parma Calcio 1913,1,0,2.06,0.62,
Serie A,2024-2025,2025-03-02,Monza,Torino,0,2,0.58,1.43,
Serie A,2024-2025,2025-03-02,Bologna,Cagliari,2,1,2.26,0.68,
Serie A,2024-2025,2025-03-02,Genoa,Empoli,1,1,0.23,1.01,
Serie A,2024-2025,2025-03-02,Roma,Como,2,1,1.6,1.3,
Serie A,2024-2025,2025-03-02,AC Milan,Lazio,1,2,1.29,2.53,
Serie A,2024-2025,2025-03-03,Juventus,Verona,2,0,1.98,0.27,
Serie A,2024-2025,2025-03-07,Cagliari,Genoa,1,1,0.81,1.43,
Serie A,2024-2025,2025-03-08,Como,Venezia,1,1,1.27,1.81,
Serie A,2024-2025,2025-03-08,Parma Calcio 1913,Torino,2,2,1.49,0.72,
Serie A,2024-2025,2025-03-08,Lecce,AC Milan,2,3,1.19,3.28,
Serie A,2024-2025,2025-03-08,Inter,Monza,3,2,3.06,0.78,
Serie A,2024-2025,2025-03-09,Verona,Bologna,1,2,1.28,1.38,
Serie A,2024-2025,2025-03-09,Napoli,Fiorentina,2,1,2.94,1.06,
Serie A,2024-2025,2025-03-09,Empoli,Roma,0,1,0.08,3.0,
Serie A,2024-2025,2025-03-09,Juventus,Atalanta,0,4,0.94,3.94,
Serie A,2024-2025,2025-03-10,Lazio,Udinese,1,1,1.01,1.24,
Serie A,2024-2025,2025-03-14,Genoa,Lecce,2,1,1.06,1.2,
Serie A,2024-2025,2025-03-15,Monza,Parma Calcio 1913,1,1,0.93,0.62,
Serie A,2024-2025,2025-03-15,Udinese,Verona,0,1,0.32,0.54,
Serie A,2024-2025,2025-03-15,AC Milan,Como,2,1,1.73,1.36,
Serie A,2024-2025,2025-03-15,Torino,Empoli,1,0,0.7,1.73,
Serie A,2024-2025,2025-03-16,Venezia,Napoli,0,0,1.05,1.27,
Serie A,2024-2025,2025-03-16,Bologna,Lazio,5,0,2.85,0.6,
Serie A,2024-2025,2025-03-16,Roma,Cagliari,1,0,1.61,1.1,
Serie A,2024-2025,2025-03-16,Fiorentina,Juventus,3,0,0.51,0.6,
Serie A,2024-2025,2025-03-16,Atalanta,Inter,0,2,0.68,2.28,
Serie A,2024-2025,2025-03-29,Como,Empoli,1,1,1.94,1.79,
Serie A,2024-2025,2025-03-29,Venezia,Bologna,0,1,0.68,1.3,
Serie A,2024-2025,2025-03-29,Juventus,Genoa,1,0,1.51,0.26,
Serie A,2024-2025,2025-03-29,Lecce,Roma,0,1,0.69,1.91,
Serie A,2024-2025,2025-03-30,Cagliari,Monza,3,0,1.96,0.96,
Serie A,2024-2025,2025-03-30,Fiorentina,Atalanta,1,0,1.93,0.92,
Serie A,2024-2025,2025-03-30,Inter,Udinese,2,1,2.34,1.34,
Serie A,2024-2025,2025-03-30,Napoli,AC Milan,2,1,0.95,2.26,
Serie A,2024-2025,2025-03-31,Verona,Parma Calcio 1913,0,0,0.77,0.5,
Serie A,2024-2025,2025-03-31,Lazio,Torino,1,1,1.94,0.63,
Serie A,2024-2025,2025-04-04,Genoa,Udinese,1,0,1.65,1.11,
Serie A,2024-2025,2025-04-05,Monza,Como,1,3,1.06,2.27,
Serie A,2024-2025,2025-04-05,Parma Calcio 1913,Inter,2,2,1.66,2.18,
Serie A,2024-2025,2025-04-05,AC Milan,Fiorentina,2,2,2.18,3.05,
Serie A,2024-2025,2025-04-06,Lecce,Venezia,1,1,1.5,0.9,
Serie A,2024-2025,2025-04-06,Empoli,Cagliari,0,0,0.39,0.16,
Serie A,2024-2025,2025-04-06,Torino,Verona,1,1,0.96,1.32,
Serie A,2024-2025,2025-04-06,Atalanta,Lazio,0,1,1.04,0.52,
Serie A,2024-2025,2025-04-06,Roma,Juventus,1,1,1.37,0.99,
Serie A,2024-2025,2025-04-07,Bologna,Napoli,1,1,1.11,1.0,
Serie A,2024-2025,2025-04-11,Udinese,AC Milan,0,4,0.64,2.5,
Serie A,2024-2025,2025-04-12,Venezia,Monza,1,0,1.62,0.59,
Serie A,2024-2025,2025-04-12,Inter,Cagliari,3,1,1.72,0.91,
Serie A,2024-2025,2025-04-12,Juventus,Lecce,2,1,1.96,0.94,
Serie A,2024-2025,2025-04-13,Atalanta,Bologna,2,0,1.16,0.55,
Serie A,2024-2025,2025-04-13,Fiorentina,Parma Calcio 1913,0,0,0.67,0.62,
Serie A,2024-2025,2025-04-13,Verona,Genoa,0,0,1.0,0.11,
Serie A,2024-2025,2025-04-13,Como,Torino,1,0,1.23,1.04,
Serie A,2024-2025,2025-04-13,Lazio,Roma,1,1,1.92,0.22,
Serie A,2024-2025,2025-04-14,Napoli,Empoli,3,0,2.14,1.37,
Serie A,2024-2025,2025-04-19,Lecce,Como,0,3,0.67,1.65,
Serie A,2024-2025,2025-04-19,Monza,Napoli,0,1,0.87,1.67,
Serie A,2024-2025,2025-04-19,Roma,Verona,1,0,1.25,0.33,
Serie A,2024-2025,2025-04-20,Empoli,Venezia,2,2,1.15,1.48,
Serie A,2024-2025,2025-04-20,Bologna,Inter,1,0,1.09,0.66,
Serie A,2024-2025,2025-04-20,AC Milan,Atalanta,0,1,0.5,2.08,
Serie A,2024-2025,2025-04-23,Cagliari,Fiorentina,1,2,0.37,0.7,
Serie A,2024-2025,2025-04-23,Genoa,Lazio,0,2,0.47,1.34,
Serie A,2024-2025,2025-04-23,Parma Calcio 1913,Juventus,1,0,0.78,0.78,
Serie A,2024-2025,2025-04-23,Torino,Udinese,2,0,0.95,0.95,
Serie A,2024-2025,2025-04-27,Como,Genoa,1,0,1.8,1.05,
Serie A,2024-2025,2025-04-27,Venezia,AC Milan,0,2,1.01,1.47,
Serie A,2024-2025,2025-04-27,Fiorentina,Empoli,2,1,0.66,0.47,
Serie A,2024-2025,2025-04-27,Inter,Roma,0,1,1.1,2.8,
Serie A,2024-2025,2025-04-27,Juventus,Monza,2,0,1.15,0.62,
Serie A,2024-2025,2025-04-27,Atalanta,Lecce,1,1,2.46,1.45,
Serie A,2024-2025,2025-04-27,Napoli,Torino,2,0,1.23,0.66,
Serie A,2024-2025,2025-04-28,Udinese,Bologna,0,0,0.39,1.18,
Serie A,2024-2025,2025-04-28,Verona,Cagliari,0,2,0.27,1.87,
Serie A,2024-2025,2025-04-28,Lazio,Parma Calcio 1913,2,2,1.78,1.09,
Serie A,2024-2025,2025-05-02,Torino,Venezia,1,1,1.75,1.07,
Serie A,2024-2025,2025-05-03,Cagliari,Udinese,1,2,0.95,1.92,
Serie A,2024-2025,2025-05-03,Parma Calcio 1913,Como,0,1,2.75,1.33,
Serie A,2024-2025,2025-05-03,Lecce,Napoli,0,1,0.28,0.85,
Serie A,2024-2025,2025-05-03,Inter,Verona,1,0,1.6,0.3,
Serie A,2024-2025,2025-05-04,Empoli,Lazio,0,1,0.18,1.13,
Serie A,2024-2025,2025-05-04,Monza,Atalanta,0,4,0.83,3.05,
Serie A,2024-2025,2025-05-04,Roma,Fiorentina,1,0,1.0,0.76,
Serie A,2024-2025,2025-05-04,Bologna,Juventus,1,1,0.39,0.68,
Serie A,2024-2025,2025-05-05,Genoa,AC Milan,1,2,0.55,1.3,
Serie A,2024-2025,2025-05-09,AC Milan,Bologna,3,1,1.55,0.36,
Serie A,2024-2025,2025-05-10,Como,Cagliari,3,1,1.93,1.22,
Serie A,2024-2025,2025-05-10,Lazio,Juventus,1,1,1.51,1.18,
Serie A,2024-2025,2025-05-10,Empoli,Parma Calcio 1913,2,1,0.99,0.4,
Serie A,2024-2025,2025-05-11,Udinese,Monza,1,2,1.46,1.63,
Serie A,2024-2025,2025-05-11,Verona,Lecce,1,1,0.48,1.25,
Serie A,2024-2025,2025-05-11,Torino,Inter,0,2,1.77,2.49,
Serie A,2024-2025,2025-05-11,Napoli,Genoa,2,2,2.35,0.65,
Serie A,2024-2025,2025-05-12,Venezia,Fiorentina,2,1,2.26,0.99,
Serie A,2024-2025,2025-05-12,Atalanta,Roma,2,1,2.88,0.57,
Serie A,2024-2025,2025-05-18,Genoa,Atalanta,2,3,1.44,1.57,
Serie A,2024-2025,2025-05-18,Cagliari,Venezia,3,0,2.75,0.77,
Serie A,2024-2025,2025-05-18,Fiorentina,Bologna,3,2,1.43,1.52,
Serie A,2024-2025,2025-05-18,Verona,Como,1,1,1.55,1.12,
Serie A,2024-2025,2025-05-18,Inter,Lazio,2,2,1.59,2.33,
Serie A,2024-2025,2025-05-18,Lecce,Torino,1,0,0.97,0.48,
Serie A,2024-2025,2025-05-18,Monza,Empoli,1,3,1.03,1.96,
Serie A,2024-2025,2025-05-18,Parma Calcio 1913,Napoli,0,0,0.3,0.38,
Serie A,2024-2025,2025-05-18,Roma,AC Milan,3,1,1.58,1.79,
Serie A,2024-2025,2025-05-18,Juventus,Udinese,2,0,2.61,0.36,
Serie A,2024-2025,2025-05-23,Como,Inter,0,2,1.49,2.28,
Serie A,2024-2025,2025-05-23,Napoli,Cagliari,2,0,2.16,0.1,
Serie A,2024-2025,2025-05-24,Bologna,Genoa,1,3,0.63,1.17,
Serie A,2024-2025,2025-05-24,AC Milan,Monza,2,0,1.99,0.52,
Serie A,2024-2025,2025-05-25,Venezia,Juventus,2,3,1.01,1.67,
Serie A,2024-2025,2025-05-25,Atalanta,Parma Calcio 1913,2,3,1.9,2.83,
Serie A,2024-2025,2025-05-25,Empoli,Verona,1,2,1.23,0.83,
Serie A,2024-2025,2025-05-25,Lazio,Lecce,0,1,1.74,0.71,
Serie A,2024-2025,2025-05-25,Torino,Roma,0,2,0.38,2.64,
Serie A,2024-2025,2025-05-25,Udinese,Fiorentina,2,3,1.62,3.06,
Serie A,2025-2026,2025-08-23,Genoa,Lecce,0,0,0.57,0.55,
Serie A,2025-2026,2025-08-23,Sassuolo,Napoli,0,2,0.3,1.55,
Serie A,2025-2026,2025-08-23,AC Milan,Cremonese,1,2,2.08,0.36,
Serie A,2025-2026,2025-08-23,Roma,Bologna,1,0,1.48,0.44,
Serie A,2025-2026,2025-08-24,Cagliari,Fiorentina,1,1,1.52,1.14,
Serie A,2025-2026,2025-08-24,Como,Lazio,2,0,1.28,0.2,
Serie A,2025-2026,2025-08-24,Atalanta,Pisa,1,1,2.05,1.03,
Serie A,2025-2026,2025-08-24,Juventus,Parma Calcio 1913,2,0,2.74,0.82,
Serie A,2025-2026,2025-08-25,Udinese,Verona,1,1,1.05,0.8,
Serie A,2025-2026,2025-08-25,Inter,Torino,5,0,2.61,0.82,
Serie A,2025-2026,2025-08-29,Cremonese,Sassuolo,3,2,3.53,1.33,
Serie A,2025-2026,2025-08-29,Lecce,AC Milan,0,2,0.48,2.13,
Serie A,2025-2026,2025-08-30,Bologna,Como,1,0,1.52,0.52,
Serie A,2025-2026,2025-08-30,Parma Calcio 1913,Atalanta,1,1,0.75,1.2,
Serie A,2025-2026,2025-08-30,Pisa,Roma,0,1,0.66,0.95,
Serie A,2025-2026,2025-08-30,Napoli,Cagliari,1,0,1.73,0.64,
Serie A,2025-2026,2025-08-31,Genoa,Juventus,0,1,0.59,1.55,
Serie A,2025-2026,2025-08-31,Torino,Fiorentina,0,0,1.05,1.19,
Serie A,2025-2026,2025-08-31,Inter,Udinese,1,2,1.67,1.2,
Serie A,2025-2026,2025-08-31,Lazio,Verona,4,0,3.97,0.6,
Serie A,2025-2026,2025-09-13,Cagliari,Parma Calcio 1913,2,0,1.77,1.96,
Serie A,2025-2026,2025-09-13,Juventus,Inter,4,3,0.77,1.02,
Serie A,2025-2026,2025-09-13,Fiorentina,Napoli,1,3,1.39,3.55,
Serie A,2025-2026,2025-09-14,Roma,Torino,0,1,1.03,0.81,
Serie A,2025-2026,2025-09-14,Pisa,Udinese,0,1,1.28,1.73,
Serie A,2025-2026,2025-09-14,Atalanta,Lecce,4,1,2.62,0.53,
Serie A,2025-2026,2025-09-14,Sassuolo,Lazio,1,0,1.22,0.86,
Serie A,2025-2026,2025-09-14,AC Milan,Bologna,1,0,1.16,0.2,
Serie A,2025-2026,2025-09-15,Verona,Cremonese,0,0,1.89,0.17,
Serie A,2025-2026,2025-09-15,Como,Genoa,1,1,1.56,2.54,
Serie A,2025-2026,2025-09-19,Lecce,Cagliari,1,2,1.14,2.21,
Serie A,2025-2026,2025-09-20,Bologna,Genoa,2,1,1.79,0.79,
Serie A,2025-2026,2025-09-20,Verona,Juventus,1,1,1.66,0.47,
Serie A,2025-2026,2025-09-20,Udinese,AC Milan,0,3,0.3,1.7,
Serie A,2025-2026,2025-09-21,Lazio,Roma,0,1,0.67,1.23,
Serie A,2025-2026,2025-09-21,Torino,Atalanta,0,3,1.31,1.68,
Serie A,2025-2026,2025-09-21,Cremonese,Parma Calcio 1913,0,0,0.17,0.9,
Serie A,2025-2026,2025-09-21,Fiorentina,Como,1,2,0.42,2.1,
Serie A,2025-2026,2025-09-21,Inter,Sassuolo,2,1,3.12,0.85,
Serie A,2025-2026,2025-09-22,Napoli,Pisa,3,2,1.19,2.52,
Serie A,2025-2026,2025-09-27,Como,Cremonese,1,1,1.44,0.56,
Serie A,2025-2026,2025-09-27,Juventus,Atalanta,1,1,1.84,0.89,
Serie A,2025-2026,2025-09-27,Cagliari,Inter,0,2,0.48,3.95,
Serie A,2025-2026,2025-09-28,Sassuolo,Udinese,3,1,2.31,1.19,
Serie A,2025-2026,2025-09-28,Pisa,Fiorentina,0,0,0.58,0.84,
Serie A,2025-2026,2025-09-28,Roma,Verona,2,0,1.31,1.35,
Serie A,2025-2026,2025-09-28,Lecce,Bologna,2,2,2.09,1.59,
Serie A,2025-2026,2025-09-28,AC Milan,Napoli,2,1,0.95,2.24,
Serie A,2025-2026,2025-09-29,Parma Calcio 1913,Torino,2,1,1.44,0.66,
Serie A,2025-2026,2025-09-29,Genoa,Lazio,0,3,1.48,3.54,
Serie A,2025-2026,2025-10-03,Verona,Sassuolo,0,1,0.81,1.51,
Serie A,2025-2026,2025-10-04,Lazio,Torino,3,3,1.45,2.18,
Serie A,2025-2026,2025-10-04,Parma Calcio 1913,Lecce,0,1,1.09,0.62,
Serie A,2025-2026,2025-10-04,Inter,Cremonese,4,1,4.65,0.62,
Serie A,2025-2026,2025-10-04,Atalanta,Como,1,1,1.74,0.96,
Serie A,2025-2026,2025-10-05,Udinese,Cagliari,1,1,2.99,0.79,
Serie A,2025-2026,2025-10-05,Bologna,Pisa,4,0,3.7,0.03,
Serie A,2025-2026,2025-10-05,Fiorentina,Roma,1,2,1.12,1.23,
Serie A,2025-2026,2025-10-05,Napoli,Genoa,2,1,1.88,0.69,
Serie A,2025-2026,2025-10-05,Juventus,AC Milan,0,0,0.57,1.56,
Serie A,2025-2026,2025-10-18,Lecce,Sassuolo,0,0,0.67,0.77,
Serie A,2025-2026,2025-10-18,Pisa,Verona,0,0,0.57,1.65,
Serie A,2025-2026,2025-10-18,Torino,Napoli,1,0,1.91,1.72,
Serie A,2025-2026,2025-10-18,Roma,Inter,0,1,2.15,0.96,
Serie A,2025-2026,2025-10-19,Como,Juventus,2,0,1.69,0.96,
Serie A,2025-2026,2025-10-19,Cagliari,Bologna,0,2,0.37,1.16,
Serie A,2025-2026,2025-10-19,Genoa,Parma Calcio 1913,0,0,2.22,0.05,
Serie A,2025-2026,2025-10-19,Atalanta,Lazio,0,0,2.38,0.22,
Serie A,2025-2026,2025-10-19,AC Milan,Fiorentina,2,1,2.02,0.97,
Serie A,2025-2026,2025-10-20,Cremonese,Udinese,1,1,1.23,0.96,
Serie A,2025-2026,2025-10-24,AC Milan,Pisa,2,2,1.97,1.23,
Serie A,2025-2026,2025-10-25,Udinese,Lecce,3,2,1.52,0.37,
Serie A,2025-2026,2025-10-25,Parma Calcio 1913,Como,0,0,1.57,0.39,
Serie A,2025-2026,2025-10-25,Napoli,Inter,3,1,1.19,2.07,
Serie A,2025-2026,2025-10-25,Cremonese,Atalanta,1,1,0.97,1.62,
Serie A,2025-2026,2025-10-26,Torino,Genoa,2,1,1.82,1.98,
Serie A,2025-2026,2025-10-26,Verona,Cagliari,2,2,2.04,0.84,
Serie A,2025-2026,2025-10-26,Sassuolo,Roma,0,1,0.95,2.26,
Serie A,2025-2026,2025-10-26,Fiorentina,Bologna,2,2,3.88,0.88,
Serie A,2025-2026,2025-10-26,Lazio,Juventus,1,0,0.91,1.25,
Serie A,2025-2026,2025-10-28,Lecce,Napoli,0,1,1.03,0.92,
Serie A,2025-2026,2025-10-28,Atalanta,AC Milan,1,1,1.28,0.63,
Serie A,2025-2026,2025-10-29,Como,Verona,3,1,1.74,1.7,
Serie A,2025-2026,2025-10-29,Juventus,Udinese,3,1,3.31,0.6,
Serie A,2025-2026,2025-10-29,Roma,Parma Calcio 1913,2,1,1.16,1.18,
Serie A,2025-2026,2025-10-29,Bologna,Torino,0,0,0.33,0.8,
Serie A,2025-2026,2025-10-29,Genoa,Cremonese,0,2,1.35,1.58,
Serie A,2025-2026,2025-10-29,Inter,Fiorentina,3,0,2.87,0.74,
Serie A,2025-2026,2025-10-30,Cagliari,Sassuolo,1,2,0.85,0.94,
Serie A,2025-2026,2025-10-30,Pisa,Lazio,0,0,0.78,0.66,
Serie A,2025-2026,2025-11-01,Udinese,Atalanta,1,0,0.71,0.27,
Serie A,2025-2026,2025-11-01,Napoli,Como,0,0,0.76,1.17,
Serie A,2025-2026,2025-11-01,Cremonese,Juventus,1,2,0.61,2.61,
Serie A,2025-2026,2025-11-02,Verona,Inter,1,2,0.37,1.15,
Serie A,2025-2026,2025-11-02,Fiorentina,Lecce,0,1,1.39,1.32,
Serie A,2025-2026,2025-11-02,Torino,Pisa,2,2,1.22,1.9,
Serie A,2025-2026,2025-11-02,Parma Calcio 1913,Bologna,1,3,0.62,3.52,
Serie A,2025-2026,2025-11-02,AC Milan,Roma,1,0,3.76,1.95,
Serie A,2025-2026,2025-11-03,Sassuolo,Genoa,1,2,1.32,1.83,
Serie A,2025-2026,2025-11-03,Lazio,Cagliari,2,0,0.59,1.48,
Serie A,2025-2026,2025-11-07,Pisa,Cremonese,1,0,1.45,1.23,
Serie A,2025-2026,2025-11-08,Como,Cagliari,0,0,1.05,0.62,
Serie A,2025-2026,2025-11-08,Lecce,Verona,0,0,0.56,0.69,
Serie A,2025-2026,2025-11-08,Juventus,Torino,0,0,1.94,0.41,
Serie A,2025-2026,2025-11-08,Parma Calcio 1913,AC Milan,2,2,1.45,2.05,
Serie A,2025-2026,2025-11-09,Atalanta,Sassuolo,0,3,0.71,2.2,
Serie A,2025-2026,2025-11-09,Bologna,Napoli,2,0,1.64,0.2,
Serie A,2025-2026,2025-11-09,Genoa,Fiorentina,2,2,1.59,1.33,
Serie A,2025-2026,2025-11-09,Roma,Udinese,2,0,1.76,0.93,
Serie A,2025-2026,2025-11-09,Inter,Lazio,2,0,1.74,0.55,
Serie A,2025-2026,2025-11-22,Cagliari,Genoa,3,3,1.37,1.62,
Serie A,2025-2026,2025-11-22,Udinese,Bologna,0,3,1.89,2.88,
Serie A,2025-2026,2025-11-22,Fiorentina,Juventus,1,1,0.66,1.65,
Serie A,2025-2026,2025-11-22,Napoli,Atalanta,3,1,2.03,0.83,
Serie A,2025-2026,2025-11-23,Verona,Parma Calcio 1913,1,2,0.94,1.52,
Serie A,2025-2026,2025-11-23,Cremonese,Roma,1,3,1.26,1.73,
Serie A,2025-2026,2025-11-23,Lazio,Lecce,2,0,1.49,0.54,
Serie A,2025-2026,2025-11-23,Inter,AC Milan,0,1,1.74,0.86,
Serie A,2025-2026,2025-11-24,Torino,Como,1,5,1.43,3.38,
Serie A,2025-2026,2025-11-24,Sassuolo,Pisa,2,2,2.21,1.39,
Serie A,2025-2026,2025-11-28,Como,Sassuolo,2,0,1.73,1.13,
Serie A,2025-2026,2025-11-29,Genoa,Verona,2,1,1.65,2.61,
Serie A,2025-2026,2025-11-29,Parma Calcio 1913,Udinese,0,2,1.04,1.87,
Serie A,2025-2026,2025-11-29,Juventus,Cagliari,2,1,1.53,0.89,
Serie A,2025-2026,2025-11-29,AC Milan,Lazio,1,0,1.48,0.9,
Serie A,2025-2026,2025-11-30,Lecce,Torino,2,1,0.95,2.06,
Serie A,2025-2026,2025-11-30,Pisa,Inter,0,2,1.81,2.05,
Serie A,2025-2026,2025-11-30,Atalanta,Fiorentina,2,0,2.29,2.02,
Serie A,2025-2026,2025-11-30,Roma,Napoli,0,1,0.61,1.33,
Serie A,2025-2026,2025-12-01,Bologna,Cremonese,1,3,2.12,2.34,
Serie A,2025-2026,2025-12-06,Sassuolo,Fiorentina,3,1,1.64,1.21,
Serie A,2025-2026,2025-12-06,Inter,Como,4,0,2.27,0.94,
Serie A,2025-2026,2025-12-06,Verona,Atalanta,3,1,1.6,1.77,
Serie A,2025-2026,2025-12-07,Cremonese,Lecce,2,0,2.08,1.38,
Serie A,2025-2026,2025-12-07,Cagliari,Roma,1,0,1.4,0.45,
Serie A,2025-2026,2025-12-07,Lazio,Bologna,1,1,1.24,1.23,
Serie A,2025-2026,2025-12-07,Napoli,Juventus,2,1,2.17,0.24,
Serie A,2025-2026,2025-12-08,Pisa,Parma Calcio 1913,0,1,1.57,1.5,
Serie A,2025-2026,2025-12-08,Udinese,Genoa,1,2,1.49,1.54,
Serie A,2025-2026,2025-12-08,Torino,AC Milan,2,3,1.01,2.1,
Serie A,2025-2026,2025-12-12,Lecce,Pisa,1,0,2.8,0.3,
Serie A,2025-2026,2025-12-13,Torino,Cremonese,1,0,1.95,0.7,
Serie A,2025-2026,2025-12-13,Parma Calcio 1913,Lazio,0,1,1.08,1.77,
Serie A,2025-2026,2025-12-13,Atalanta,Cagliari,2,1,3.09,0.57,
Serie A,2025-2026,2025-12-14,AC Milan,Sassuolo,2,2,1.83,1.03,
Serie A,2025-2026,2025-12-14,Fiorentina,Verona,1,2,2.42,1.54,
Serie A,2025-2026,2025-12-14,Udinese,Napoli,1,0,1.84,0.93,
Serie A,2025-2026,2025-12-14,Genoa,Inter,1,2,0.9,2.04,
Serie A,2025-2026,2025-12-14,Bologna,Juventus,0,1,0.97,2.07,
Serie A,2025-2026,2025-12-15,Roma,Como,1,0,1.66,0.64,
Serie A,2025-2026,2025-12-20,Lazio,Cremonese,0,0,0.43,0.71,
Serie A,2025-2026,2025-12-20,Juventus,Roma,2,1,3.1,1.28,
Serie A,2025-2026,2025-12-21,Cagliari,Pisa,2,2,1.2,2.03,
Serie A,2025-2026,2025-12-21,Sassuolo,Torino,0,1,0.58,2.0,
Serie A,2025-2026,2025-12-21,Fiorentina,Udinese,5,1,3.25,0.79,
Serie A,2025-2026,2025-12-21,Genoa,Atalanta,0,1,0.97,1.77,
Serie A,2025-2026,2025-12-27,Parma Calcio 1913,Fiorentina,1,0,1.26,1.25,
Serie A,2025-2026,2025-12-27,Lecce,Como,0,3,1.15,2.33,
Serie A,2025-2026,2025-12-27,Torino,Cagliari,1,2,2.46,0.99,
Serie A,2025-2026,2025-12-27,Udinese,Lazio,1,1,0.81,0.85,
Serie A,2025-2026,2025-12-27,Pisa,Juventus,0,2,0.64,1.29,
Serie A,2025-2026,2025-12-28,AC Milan,Verona,3,0,2.88,0.33,
Serie A,2025-2026,2025-12-28,Cremonese,Napoli,0,2,0.28,2.85,
Serie A,2025-2026,2025-12-28,Bologna,Sassuolo,1,1,0.94,1.52,
Serie A,2025-2026,2025-12-28,Atalanta,Inter,0,1,1.17,1.63,
Serie A,2025-2026,2025-12-29,Roma,Genoa,3,1,1.86,0.51,
Serie A,2025-2026,2026-01-02,Cagliari,AC Milan,0,1,0.31,0.89,
Serie A,2025-2026,2026-01-03,Como,Udinese,1,0,2.38,0.24,
Serie A,2025-2026,2026-01-03,Genoa,Pisa,1,1,0.57,1.55,
Serie A,2025-2026,2026-01-03,Sassuolo,Parma Calcio 1913,1,1,1.01,1.18,
Serie A,2025-2026,2026-01-03,Juventus,Lecce,1,1,3.59,0.18,
Serie A,2025-2026,2026-01-03,Atalanta,Roma,1,0,2.74,1.01,
Serie A,2025-2026,2026-01-04,Lazio,Napoli,0,2,0.41,2.43,
Serie A,2025-2026,2026-01-04,Fiorentina,Cremonese,1,0,2.21,0.75,
Serie A,2025-2026,2026-01-04,Verona,Torino,0,3,0.26,1.7,
Serie A,2025-2026,2026-01-04,Inter,Bologna,3,1,4.27,0.78,
Serie A,2025-2026,2026-01-06,Pisa,Como,0,3,1.71,2.1,
Serie A,2025-2026,2026-01-06,Lecce,Roma,0,2,0.6,1.89,
Serie A,2025-2026,2026-01-06,Sassuolo,Juventus,0,3,0.2,2.91,
Serie A,2025-2026,2026-01-07,Bologna,Atalanta,0,2,1.12,1.33,
Serie A,2025-2026,2026-01-07,Napoli,Verona,2,2,1.57,1.29,
Serie A,2025-2026,2026-01-07,Lazio,Fiorentina,2,2,2.71,1.52,
Serie A,2025-2026,2026-01-07,Parma Calcio 1913,Inter,0,2,0.26,3.09,
Serie A,2025-2026,2026-01-07,Torino,Udinese,1,2,1.67,2.32,
Serie A,2025-2026,2026-01-08,Cremonese,Cagliari,2,2,2.25,1.78,
Serie A,2025-2026,2026-01-08,AC Milan,Genoa,1,1,2.12,1.44,
Serie A,2025-2026,2026-01-10,Como,Bologna,1,1,1.14,1.55,
Serie A,2025-2026,2026-01-10,Udinese,Pisa,2,2,2.18,1.43,
Serie A,2025-2026,2026-01-10,Roma,Sassuolo,2,0,2.96,0.86,
Serie A,2025-2026,2026-01-10,Atalanta,Torino,2,0,2.55,0.95,
Serie A,2025-2026,2026-01-11,Lecce,Parma Calcio 1913,1,2,0.84,1.46,
Serie A,2025-2026,2026-01-11,Fiorentina,AC Milan,1,1,2.38,2.05,
Serie A,2025-2026,2026-01-11,Verona,Lazio,0,1,0.58,0.64,
Serie A,2025-2026,2026-01-11,Inter,Napoli,2,2,1.66,1.38,
Serie A,2025-2026,2026-01-12,Genoa,Cagliari,3,0,1.26,1.01,
Serie A,2025-2026,2026-01-12,Juventus,Cremonese,5,0,3.23,1.11,
Serie A,2025-2026,2026-01-14,Napoli,Parma Calcio 1913,0,0,1.3,0.23,
Serie A,2025-2026,2026-01-14,Inter,Lecce,1,0,1.92,0.47,
Serie A,2025-2026,2026-01-15,Verona,Bologna,2,3,1.69,0.69,
Serie A,2025-2026,2026-01-15,Como,AC Milan,1,3,1.87,1.39,
Serie A,2025-2026,2026-01-16,Pisa,Atalanta,1,1,1.64,1.77,
Serie A,2025-2026,2026-01-17,Udinese,Inter,0,1,0.13,2.17,
Serie A,2025-2026,2026-01-17,Napoli,Sassuolo,1,0,0.61,1.12,
Serie A,2025-2026,2026-01-17,Cagliari,Juventus,1,0,0.18,0.87,
Serie A,2025-2026,2026-01-18,Parma Calcio 1913,Genoa,0,0,0.46,1.07,
Serie A,2025-2026,2026-01-18,Bologna,Fiorentina,1,2,1.34,1.65,
Serie A,2025-2026,2026-01-18,Torino,Roma,0,2,0.39,2.03,
Serie A,2025-2026,2026-01-18,AC Milan,Lecce,1,0,3.17,0.18,
Serie A,2025-2026,2026-01-19,Cremonese,Verona,0,0,0.45,0.49,
Serie A,2025-2026,2026-01-19,Lazio,Como,0,3,0.47,2.28,
Serie A,2025-2026,2026-01-23,Inter,Pisa,6,2,6.24,0.45,
Serie A,2025-2026,2026-01-24,Como,Torino,6,0,3.15,0.33,
Serie A,2025-2026,2026-01-24,Fiorentina,Cagliari,1,2,2.09,1.28,
Serie A,2025-2026,2026-01-24,Lecce,Lazio,0,0,0.6,0.72,
Serie A,2025-2026,2026-01-25,Sassuolo,Cremonese,1,0,1.38,0.85,
Serie A,2025-2026,2026-01-25,Atalanta,Parma Calcio 1913,4,0,5.02,1.87,
Serie A,2025-2026,2026-01-25,Genoa,Bologna,3,2,0.71,0.59,
Serie A,2025-2026,2026-01-25,Juventus,Napoli,3,0,1.55,0.42,
Serie A,2025-2026,2026-01-25,Roma,AC Milan,1,1,2.14,0.58,
Serie A,2025-2026,2026-01-26,Verona,Udinese,1,3,0.57,1.94,
Serie A,2025-2026,2026-01-30,Lazio,Genoa,3,2,2.07,1.83,
Serie A,2025-2026,2026-01-31,Pisa,Sassuolo,1,3,0.77,2.2,
Serie A,2025-2026,2026-01-31,Napoli,Fiorentina,2,1,2.4,1.81,
Serie A,2025-2026,2026-01-31,Cagliari,Verona,4,0,1.98,0.37,
Serie A,2025-2026,2026-02-01,Torino,Lecce,1,0,2.48,0.47,
Serie A,2025-2026,2026-02-01,Como,Atalanta,0,0,5.97,0.79,
Serie A,2025-2026,2026-02-01,Cremonese,Inter,0,2,0.51,2.18,
Serie A,2025-2026,2026-02-01,Parma Calcio 1913,Juventus,1,4,0.6,3.52,
Serie A,2025-2026,2026-02-02,Udinese,Roma,1,0,0.64,0.67,
Serie A,2025-2026,2026-02-03,Bologna,AC Milan,0,3,0.44,3.36,
Serie A,2025-2026,2026-02-06,Verona,Pisa,0,0,0.08,1.26,
Serie A,2025-2026,2026-02-07,Genoa,Napoli,2,3,1.32,1.9,
Serie A,2025-2026,2026-02-07,Fiorentina,Torino,2,2,1.27,1.01,
Serie A,2025-2026,2026-02-08,Bologna,Parma Calcio 1913,0,1,1.65,0.19,
Serie A,2025-2026,2026-02-08,Lecce,Udinese,2,1,2.19,0.9,
Serie A,2025-2026,2026-02-08,Sassuolo,Inter,0,5,0.72,2.75,
Serie A,2025-2026,2026-02-08,Juventus,Lazio,2,2,2.86,0.81,
Serie A,2025-2026,2026-02-09,Atalanta,Cremonese,2,1,3.12,0.91,
Serie A,2025-2026,2026-02-09,Roma,Cagliari,2,0,2.2,0.61,
Serie A,2025-2026,2026-02-13,Pisa,AC Milan,1,2,0.94,2.16,
Serie A,2025-2026,2026-02-14,Como,Fiorentina,1,2,0.9,1.3,
Serie A,2025-2026,2026-02-14,Lazio,Atalanta,0,2,1.54,1.82,
Serie A,2025-2026,2026-02-14,Inter,Juventus,3,2,2.48,1.29,
Serie A,2025-2026,2026-02-15,Udinese,Sassuolo,1,2,0.49,1.25,
Serie A,2025-2026,2026-02-15,Cremonese,Genoa,0,0,1.35,1.34,
Serie A,2025-2026,2026-02-15,Parma Calcio 1913,Verona,2,1,2.17,0.86,
Serie A,2025-2026,2026-02-15,Torino,Bologna,1,2,0.39,1.71,
Serie A,2025-2026,2026-02-15,Napoli,Roma,2,2,0.52,1.95,
Serie A,2025-2026,2026-02-16,Cagliari,Lecce,0,2,1.47,1.76,
Serie A,2025-2026,2026-02-18,AC Milan,Como,1,1,1.17,1.65,
Serie A,2025-2026,2026-02-20,Sassuolo,Verona,3,0,1.59,0.62,
Serie A,2025-2026,2026-02-21,Juventus,Como,0,2,1.01,1.43,
Serie A,2025-2026,2026-02-21,Lecce,Inter,0,2,0.13,2.64,
Serie A,2025-2026,2026-02-21,Cagliari,Lazio,0,0,0.77,0.52,
Serie A,2025-2026,2026-02-22,Genoa,Torino,3,0,2.06,0.53,
Serie A,2025-2026,2026-02-22,Atalanta,Napoli,2,1,0.96,1.06,
Serie A,2025-2026,2026-02-22,AC Milan,Parma Calcio 1913,0,1,1.63,0.76,
Serie A,2025-2026,2026-02-22,Roma,Cremonese,3,0,2.58,0.28,
Serie A,2025-2026,2026-02-23,Fiorentina,Pisa,1,0,1.78,0.43,
Serie A,2025-2026,2026-02-23,Bologna,Udinese,1,0,1.45,0.53,
Serie A,2025-2026,2026-02-27,Parma Calcio 1913,Cagliari,1,1,1.31,0.62,
Serie A,2025-2026,2026-02-28,Como,Lecce,3,1,2.99,0.42,
Serie A,2025-2026,2026-02-28,Verona,Napoli,1,2,0.28,1.21,
Serie A,2025-2026,2026-02-28,Inter,Genoa,2,0,2.19,0.17,
Serie A,2025-2026,2026-03-01,Cremonese,AC Milan,0,2,1.08,3.88,
Serie A,2025-2026,2026-03-01,Sassuolo,Atalanta,2,1,1.81,3.75,
Serie A,2025-2026,2026-03-01,Torino,Lazio,2,0,1.06,1.06,
Serie A,2025-2026,2026-03-01,Roma,Juventus,3,3,2.33,1.86,
Serie A,2025-2026,2026-03-02,Pisa,Bologna,0,1,0.74,0.87,
Serie A,2025-2026,2026-03-02,Udinese,Fiorentina,3,0,2.02,0.59,
Serie A,2025-2026,2026-03-06,Napoli,Torino,2,1,2.32,0.69,
Serie A,2025-2026,2026-03-07,Cagliari,Como,1,2,0.52,0.76,
Serie A,2025-2026,2026-03-07,Atalanta,Udinese,2,2,2.0,0.86,
Serie A,2025-2026,2026-03-07,Juventus,Pisa,4,0,3.17,0.32,
Serie A,2025-2026,2026-03-08,Lecce,Cremonese,2,1,1.77,0.79,
Serie A,2025-2026,2026-03-08,Fiorentina,Parma Calcio 1913,0,0,0.76,0.25,
Serie A,2025-2026,2026-03-08,Bologna,Verona,1,2,0.9,2.03,
Serie A,2025-2026,2026-03-08,Genoa,Roma,2,1,2.56,0.28,
Serie A,2025-2026,2026-03-08,AC Milan,Inter,1,0,0.85,1.44,
Serie A,2025-2026,2026-03-09,Lazio,Sassuolo,2,1,2.49,0.45,
Serie A,2025-2026,2026-03-13,Torino,Parma Calcio 1913,4,1,2.44,0.58,
Serie A,2025-2026,2026-03-14,Inter,Atalanta,1,1,2.03,0.87,
Serie A,2025-2026,2026-03-14,Napoli,Lecce,2,1,1.13,1.23,
Serie A,2025-2026,2026-03-14,Udinese,Juventus,0,1,0.74,3.19,
Serie A,2025-2026,2026-03-15,Verona,Genoa,0,2,0.37,0.53,
Serie A,2025-2026,2026-03-15,Pisa,Cagliari,3,1,2.94,1.52,
Serie A,2025-2026,2026-03-15,Sassuolo,Bologna,0,1,0.43,0.73,
Serie A,2025-2026,2026-03-15,Como,Roma,2,1,2.47,0.9,
Serie A,2025-2026,2026-03-15,Lazio,AC Milan,1,0,0.54,1.16,
Serie A,2025-2026,2026-03-16,Cremonese,Fiorentina,1,4,1.47,1.14,
Serie A,2025-2026,2026-03-20,Cagliari,Napoli,0,1,0.24,2.27,
Serie A,2025-2026,2026-03-20,Genoa,Udinese,0,2,1.3,0.87,
Serie A,2025-2026,2026-03-21,Parma Calcio 1913,Cremonese,0,2,0.29,0.78,
Serie A,2025-2026,2026-03-21,AC Milan,Torino,3,2,1.44,2.37,
Serie A,2025-2026,2026-03-21,Juventus,Sassuolo,1,1,2.25,0.85,
Serie A,2025-2026,2026-03-22,Como,Pisa,5,0,1.82,0.31,
Serie A,2025-2026,2026-03-22,Atalanta,Verona,1,0,1.74,0.77,
Serie A,2025-2026,2026-03-22,Bologna,Lazio,0,2,1.33,2.14,
Serie A,2025-2026,2026-03-22,Roma,Lecce,1,0,1.09,0.81,
Serie A,2025-2026,2026-03-22,Fiorentina,Inter,1,1,1.81,1.4,
Serie A,2025-2026,2026-04-04,Sassuolo,Cagliari,2,1,0.48,1.9,
Serie A,2025-2026,2026-04-04,Verona,Fiorentina,0,1,0.92,0.31,
Serie A,2025-2026,2026-04-04,Lazio,Parma Calcio 1913,1,1,0.27,0.36,
Serie A,2025-2026,2026-04-05,Cremonese,Bologna,1,2,1.4,1.59,
Serie A,2025-2026,2026-04-05,Pisa,Torino,0,1,0.31,1.73,
Serie A,2025-2026,2026-04-05,Inter,Roma,5,2,2.25,0.94,
Serie A,2025-2026,2026-04-06,Udinese,Como,0,0,1.07,0.79,
Serie A,2025-2026,2026-04-06,Lecce,Atalanta,0,3,0.36,2.82,
Serie A,2025-2026,2026-04-06,Juventus,Genoa,2,0,2.6,1.49,
Serie A,2025-2026,2026-04-06,Napoli,AC Milan,1,0,0.87,0.81,
Serie A,2025-2026,2026-04-10,Roma,Pisa,3,0,1.45,1.06,
Serie A,2025-2026,2026-04-11,Cagliari,Cremonese,1,0,1.43,0.27,
Serie A,2025-2026,2026-04-11,Torino,Verona,2,1,1.15,1.68,
Serie A,2025-2026,2026-04-11,AC Milan,Udinese,0,3,1.63,1.57,
Serie A,2025-2026,2026-04-11,Atalanta,Juventus,0,1,1.89,1.19,
Serie A,2025-2026,2026-04-12,Genoa,Sassuolo,2,1,1.39,1.4,
Serie A,2025-2026,2026-04-12,Parma Calcio 1913,Napoli,1,1,0.15,1.31,
Serie A,2025-2026,2026-04-12,Bologna,Lecce,2,0,2.58,0.54,
Serie A,2025-2026,2026-04-12,Como,Inter,3,4,3.29,0.51,
Serie A,2025-2026,2026-04-13,Fiorentina,Lazio,1,0,0.42,1.29,
Serie A,2025-2026,2026-04-17,Sassuolo,Como,2,1,1.35,0.59,
Serie A,2025-2026,2026-04-17,Inter,Cagliari,3,0,2.39,0.48,
Serie A,2025-2026,2026-04-18,Udinese,Parma Calcio 1913,0,1,1.35,1.4,
Serie A,2025-2026,2026-04-18,Napoli,Lazio,0,2,0.52,3.16,
Serie A,2025-2026,2026-04-18,Roma,Atalanta,1,1,1.71,0.66,
Serie A,2025-2026,2026-04-19,Cremonese,Torino,0,0,0.89,0.16,
Serie A,2025-2026,2026-04-19,Verona,AC Milan,0,1,0.71,0.83,
Serie A,2025-2026,2026-04-19,Pisa,Genoa,1,2,1.01,2.19,
Serie A,2025-2026,2026-04-19,Juventus,Bologna,2,0,1.58,0.85,
Serie A,2025-2026,2026-04-20,Lecce,Fiorentina,1,1,1.81,1.26,
Serie A,2025-2026,2026-04-24,Napoli,Cremonese,4,0,3.24,0.47,
Serie A,2025-2026,2026-04-25,Parma Calcio 1913,Pisa,1,0,1.31,1.56,
Serie A,2025-2026,2026-04-25,Bologna,Roma,0,2,0.48,1.66,
Serie A,2025-2026,2026-04-25,Verona,Lecce,0,0,0.25,1.21,
Serie A,2025-2026,2026-04-26,Fiorentina,Sassuolo,0,0,2.19,0.6,
Serie A,2025-2026,2026-04-26,Genoa,Como,0,2,0.67,1.19,
Serie A,2025-2026,2026-04-26,Torino,Inter,2,2,2.43,1.65,
Serie A,2025-2026,2026-04-26,AC Milan,Juventus,0,0,0.62,0.45,
Serie A,2025-2026,2026-04-27,Cagliari,Atalanta,3,2,2.01,1.76,
Serie A,2025-2026,2026-04-27,Lazio,Udinese,3,3,1.77,2.31,
Serie A,2025-2026,2026-05-01,Pisa,Lecce,1,2,2.07,1.36,
Serie A,2025-2026,2026-05-02,Udinese,Torino,2,0,2.17,0.81,
Serie A,2025-2026,2026-05-02,Como,Napoli,0,0,1.8,0.85,
Serie A,2025-2026,2026-05-02,Atalanta,Genoa,0,0,1.66,0.44,
Serie A,2025-2026,2026-05-03,Bologna,Cagliari,0,0,0.68,0.87,
Serie A,2025-2026,2026-05-03,Sassuolo,AC Milan,2,0,2.24,0.29,
Serie A,2025-2026,2026-05-03,Juventus,Verona,1,1,2.69,0.2,
Serie A,2025-2026,2026-05-03,Inter,Parma Calcio 1913,2,0,2.02,0.45,
Serie A,2025-2026,2026-05-04,Cremonese,Lazio,1,2,0.55,0.99,
Serie A,2025-2026,2026-05-04,Roma,Fiorentina,4,0,2.84,0.13,
Serie A,2025-2026,2026-05-08,Torino,Sassuolo,2,1,3.07,2.17,
Serie A,2025-2026,2026-05-09,Cagliari,Udinese,0,2,1.57,2.31,
Serie A,2025-2026,2026-05-09,Lazio,Inter,0,3,0.5,2.18,
Serie A,2025-2026,2026-05-09,Lecce,Juventus,0,1,0.61,1.96,
Serie A,2025-2026,2026-05-10,Verona,Como,0,1,1.29,1.06,
Serie A,2025-2026,2026-05-10,Cremonese,Pisa,3,0,1.27,0.0,
Serie A,2025-2026,2026-05-10,Fiorentina,Genoa,0,0,0.68,0.53,
Serie A,2025-2026,2026-05-10,Parma Calcio 1913,Roma,2,3,0.64,3.02,
Serie A,2025-2026,2026-05-10,AC Milan,Atalanta,2,3,2.28,1.61,
Serie A,2025-2026,2026-05-11,Napoli,Bologna,2,3,1.23,1.12,
Serie A,2025-2026,2026-05-17,Como,Parma Calcio 1913,1,0,2.72,0.48,
Serie A,2025-2026,2026-05-17,Genoa,AC Milan,1,2,1.67,1.55,
Serie A,2025-2026,2026-05-17,Juventus,Fiorentina,0,2,1.96,0.51,
Serie A,2025-2026,2026-05-17,Pisa,Napoli,0,3,0.72,1.42,
Serie A,2025-2026,2026-05-17,Roma,Lazio,2,0,1.32,0.77,
Serie A,2025-2026,2026-05-17,Inter,Verona,1,1,2.84,0.91,
Serie A,2025-2026,2026-05-17,Atalanta,Bologna,0,1,0.87,1.07,
Serie A,2025-2026,2026-05-17,Cagliari,Torino,2,1,1.76,1.33,
Serie A,2025-2026,2026-05-17,Sassuolo,Lecce,2,3,3.05,1.3,
Serie A,2025-2026,2026-05-17,Udinese,Cremonese,0,1,0.27,0.67,
Serie A,2025-2026,2026-05-22,Fiorentina,Atalanta,1,1,1.15,1.59,
Serie A,2025-2026,2026-05-23,Bologna,Inter,3,3,1.6,1.19,
Serie A,2025-2026,2026-05-23,Lazio,Pisa,2,1,1.02,1.17,
Serie A,2025-2026,2026-05-24,Parma Calcio 1913,Sassuolo,1,0,1.51,1.07,
Serie A,2025-2026,2026-05-24,Napoli,Udinese,1,0,1.56,0.52,
Serie A,2025-2026,2026-05-24,Cremonese,Como,1,4,0.98,2.69,
Serie A,2025-2026,2026-05-24,Lecce,Genoa,1,0,2.21,0.78,
Serie A,2025-2026,2026-05-24,AC Milan,Cagliari,1,2,1.76,3.44,
Serie A,2025-2026,2026-05-24,Torino,Juventus,2,2,0.95,2.53,
Serie A,2025-2026,2026-05-24,Verona,Roma,0,2,0.6,3.56,
Ligue 1,2020-2021,2020-08-21,Bordeaux,Nantes,0,0,0.6,0.19,
Ligue 1,2020-2021,2020-08-22,Dijon,Angers,0,1,0.74,2.02,
Ligue 1,2020-2021,2020-08-22,Lille,Rennes,1,1,0.4,1.3,
Ligue 1,2020-2021,2020-08-23,Monaco,Reims,2,2,2.68,1.83,
Ligue 1,2020-2021,2020-08-23,Lorient,Strasbourg,3,1,3.07,0.33,
Ligue 1,2020-2021,2020-08-23,Nimes,Brest,4,0,2.15,0.47,
Ligue 1,2020-2021,2020-08-23,Nice,Lens,2,1,0.18,3.04,
Ligue 1,2020-2021,2020-08-28,Lyon,Dijon,4,1,3.97,0.22,
Ligue 1,2020-2021,2020-08-29,Rennes,Montpellier,2,1,1.79,0.49,
Ligue 1,2020-2021,2020-08-29,Strasbourg,Nice,0,2,0.23,1.21,
Ligue 1,2020-2021,2020-08-30,Reims,Lille,0,1,0.21,0.91,
Ligue 1,2020-2021,2020-08-30,Angers,Bordeaux,0,2,0.51,2.29,
Ligue 1,2020-2021,2020-08-30,Metz,Monaco,0,1,0.63,0.19,
Ligue 1,2020-2021,2020-08-30,Nantes,Nimes,2,1,2.16,0.87,
Ligue 1,2020-2021,2020-08-30,Saint-Etienne,Lorient,2,0,1.39,0.21,
Ligue 1,2020-2021,2020-08-30,Brest,Marseille,2,3,2.13,1.32,
Ligue 1,2020-2021,2020-09-10,Lens,Paris Saint Germain,1,0,1.72,0.34,
Ligue 1,2020-2021,2020-09-11,Bordeaux,Lyon,0,0,0.23,1.8,
Ligue 1,2020-2021,2020-09-12,Montpellier,Nice,3,1,1.7,0.38,
Ligue 1,2020-2021,2020-09-12,Saint-Etienne,Strasbourg,2,0,1.76,1.3,
Ligue 1,2020-2021,2020-09-13,Lille,Metz,1,0,0.81,0.74,
Ligue 1,2020-2021,2020-09-13,Lorient,Lens,2,3,0.92,1.99,
Ligue 1,2020-2021,2020-09-13,Dijon,Brest,0,2,0.3,2.2,
Ligue 1,2020-2021,2020-09-13,Angers,Reims,1,0,2.15,0.32,
Ligue 1,2020-2021,2020-09-13,Nimes,Rennes,2,4,1.01,2.09,
Ligue 1,2020-2021,2020-09-13,Monaco,Nantes,2,1,2.27,1.11,
Ligue 1,2020-2021,2020-09-13,Paris Saint Germain,Marseille,0,1,2.22,0.5,
Ligue 1,2020-2021,2020-09-15,Montpellier,Lyon,2,1,1.75,2.17,
Ligue 1,2020-2021,2020-09-16,Paris Saint Germain,Metz,1,0,2.42,0.98,
Ligue 1,2020-2021,2020-09-17,Marseille,Saint-Etienne,0,2,2.65,1.03,
Ligue 1,2020-2021,2020-09-18,Lyon,Nimes,0,0,1.63,0.71,
Ligue 1,2020-2021,2020-09-19,Lens,Bordeaux,2,1,3.02,0.36,
Ligue 1,2020-2021,2020-09-19,Rennes,Monaco,2,1,0.86,0.82,
Ligue 1,2020-2021,2020-09-20,Nice,Paris Saint Germain,0,3,0.93,3.33,
Ligue 1,2020-2021,2020-09-20,Strasbourg,Dijon,1,0,2.38,0.49,
Ligue 1,2020-2021,2020-09-20,Metz,Reims,2,1,1.71,1.18,
Ligue 1,2020-2021,2020-09-20,Montpellier,Angers,4,1,1.94,0.77,
Ligue 1,2020-2021,2020-09-20,Brest,Lorient,3,2,1.21,1.5,
Ligue 1,2020-2021,2020-09-20,Nantes,Saint-Etienne,2,2,1.34,1.04,
Ligue 1,2020-2021,2020-09-20,Marseille,Lille,1,1,0.87,1.49,
Ligue 1,2020-2021,2020-09-25,Lille,Nantes,2,0,2.09,0.66,
Ligue 1,2020-2021,2020-09-26,Saint-Etienne,Rennes,0,3,0.2,1.37,
Ligue 1,2020-2021,2020-09-26,Marseille,Metz,1,1,0.86,1.11,
Ligue 1,2020-2021,2020-09-27,Bordeaux,Nice,0,0,1.18,0.65,
Ligue 1,2020-2021,2020-09-27,Dijon,Montpellier,2,2,1.61,2.31,
Ligue 1,2020-2021,2020-09-27,Angers,Brest,3,2,1.12,2.36,
Ligue 1,2020-2021,2020-09-27,Monaco,Strasbourg,3,2,1.56,1.41,
Ligue 1,2020-2021,2020-09-27,Nimes,Lens,1,1,0.37,1.37,
Ligue 1,2020-2021,2020-09-27,Lorient,Lyon,1,1,0.3,0.82,
Ligue 1,2020-2021,2020-09-27,Reims,Paris Saint Germain,0,2,0.21,3.94,
Ligue 1,2020-2021,2020-10-02,Paris Saint Germain,Angers,6,1,2.91,0.94,
Ligue 1,2020-2021,2020-10-03,Lens,Saint-Etienne,2,0,2.13,0.09,
Ligue 1,2020-2021,2020-10-03,Nice,Nantes,2,1,1.97,1.14,
Ligue 1,2020-2021,2020-10-04,Montpellier,Nimes,0,1,0.69,0.59,
Ligue 1,2020-2021,2020-10-04,Metz,Lorient,3,1,1.6,0.85,
Ligue 1,2020-2021,2020-10-04,Bordeaux,Dijon,3,0,1.5,0.24,
Ligue 1,2020-2021,2020-10-04,Brest,Monaco,1,0,0.73,1.53,
Ligue 1,2020-2021,2020-10-04,Strasbourg,Lille,0,3,0.84,1.96,
Ligue 1,2020-2021,2020-10-04,Rennes,Reims,2,2,2.09,1.05,
Ligue 1,2020-2021,2020-10-04,Lyon,Marseille,1,1,3.14,0.38,
Ligue 1,2020-2021,2020-10-16,Dijon,Rennes,1,1,1.11,0.77,
Ligue 1,2020-2021,2020-10-16,Nimes,Paris Saint Germain,0,4,0.14,4.12,
Ligue 1,2020-2021,2020-10-17,Reims,Lorient,1,3,0.27,2.81,
Ligue 1,2020-2021,2020-10-17,Marseille,Bordeaux,3,1,0.98,0.51,
Ligue 1,2020-2021,2020-10-18,Strasbourg,Lyon,2,3,1.93,4.16,
Ligue 1,2020-2021,2020-10-18,Angers,Metz,1,1,1.09,1.16,
Ligue 1,2020-2021,2020-10-18,Monaco,Montpellier,1,1,1.8,0.11,
Ligue 1,2020-2021,2020-10-18,Nantes,Brest,3,1,1.91,0.84,
Ligue 1,2020-2021,2020-10-18,Saint-Etienne,Nice,1,3,0.71,2.52,
Ligue 1,2020-2021,2020-10-18,Lille,Lens,4,0,2.9,0.25,
Ligue 1,2020-2021,2020-10-23,Rennes,Angers,1,2,1.22,1.21,
Ligue 1,2020-2021,2020-10-24,Lorient,Marseille,0,1,0.85,0.88,
Ligue 1,2020-2021,2020-10-24,Paris Saint Germain,Dijon,4,0,4.09,1.49,
Ligue 1,2020-2021,2020-10-25,Bordeaux,Nimes,2,0,1.93,0.71,
Ligue 1,2020-2021,2020-10-25,Metz,Saint-Etienne,2,0,0.33,0.63,
Ligue 1,2020-2021,2020-10-25,Montpellier,Reims,0,4,0.14,4.33,
Ligue 1,2020-2021,2020-10-25,Brest,Strasbourg,0,3,0.73,1.29,
Ligue 1,2020-2021,2020-10-25,Nice,Lille,1,1,0.87,0.89,
Ligue 1,2020-2021,2020-10-25,Lyon,Monaco,4,1,3.43,1.89,
Ligue 1,2020-2021,2020-10-31,Rennes,Brest,2,1,1.4,1.04,
Ligue 1,2020-2021,2020-10-31,Nantes,Paris Saint Germain,0,3,1.63,2.73,
Ligue 1,2020-2021,2020-11-01,Saint-Etienne,Montpellier,0,1,0.48,0.94,
Ligue 1,2020-2021,2020-11-01,Angers,Nice,0,3,0.4,2.78,
Ligue 1,2020-2021,2020-11-01,Dijon,Lorient,0,0,0.38,1.15,
Ligue 1,2020-2021,2020-11-01,Nimes,Metz,0,1,0.78,0.86,
Ligue 1,2020-2021,2020-11-01,Reims,Strasbourg,2,1,0.91,1.42,
Ligue 1,2020-2021,2020-11-01,Monaco,Bordeaux,4,0,3.94,0.2,
Ligue 1,2020-2021,2020-11-01,Lille,Lyon,1,1,0.44,0.42,
Ligue 1,2020-2021,2020-11-06,Strasbourg,Marseille,0,1,0.32,0.04,
Ligue 1,2020-2021,2020-11-07,Bordeaux,Montpellier,0,2,0.47,1.59,
Ligue 1,2020-2021,2020-11-07,Paris Saint Germain,Rennes,3,0,1.03,0.86,
Ligue 1,2020-2021,2020-11-08,Brest,Lille,3,2,1.47,2.97,
Ligue 1,2020-2021,2020-11-08,Nimes,Angers,1,5,1.67,2.04,
Ligue 1,2020-2021,2020-11-08,Metz,Dijon,1,1,2.52,2.43,
Ligue 1,2020-2021,2020-11-08,Lens,Reims,4,4,2.04,1.03,
Ligue 1,2020-2021,2020-11-08,Lorient,Nantes,0,2,1.78,1.47,
Ligue 1,2020-2021,2020-11-08,Nice,Monaco,1,2,0.78,1.88,
Ligue 1,2020-2021,2020-11-08,Lyon,Saint-Etienne,2,1,3.31,1.47,
Ligue 1,2020-2021,2020-11-20,Rennes,Bordeaux,0,1,1.95,0.31,
Ligue 1,2020-2021,2020-11-20,Monaco,Paris Saint Germain,3,2,3.28,2.02,
Ligue 1,2020-2021,2020-11-21,Brest,Saint-Etienne,4,1,1.07,1.09,
Ligue 1,2020-2021,2020-11-22,Nantes,Metz,1,1,1.49,1.3,
Ligue 1,2020-2021,2020-11-22,Dijon,Lens,0,1,0.67,1.28,
Ligue 1,2020-2021,2020-11-22,Montpellier,Strasbourg,4,3,2.66,3.39,
Ligue 1,2020-2021,2020-11-22,Reims,Nimes,0,1,1.05,0.96,
Ligue 1,2020-2021,2020-11-22,Angers,Lyon,0,1,0.95,1.12,
Ligue 1,2020-2021,2020-11-22,Lille,Lorient,4,0,3.37,0.46,
Ligue 1,2020-2021,2020-11-25,Lens,Nantes,1,1,0.88,2.17,
Ligue 1,2020-2021,2020-11-27,Strasbourg,Rennes,1,1,0.8,1.99,
Ligue 1,2020-2021,2020-11-28,Marseille,Nantes,3,1,2.75,0.32,
Ligue 1,2020-2021,2020-11-28,Paris Saint Germain,Bordeaux,2,2,2.53,1.14,
Ligue 1,2020-2021,2020-11-29,Lyon,Reims,3,0,1.97,0.33,
Ligue 1,2020-2021,2020-11-29,Lens,Angers,1,3,1.38,2.63,
Ligue 1,2020-2021,2020-11-29,Lorient,Montpellier,0,1,0.34,1.47,
Ligue 1,2020-2021,2020-11-29,Monaco,Nimes,3,0,3.44,0.21,
Ligue 1,2020-2021,2020-11-29,Metz,Brest,0,2,0.7,1.32,
Ligue 1,2020-2021,2020-11-29,Nice,Dijon,1,3,2.4,0.98,
Ligue 1,2020-2021,2020-11-29,Saint-Etienne,Lille,1,1,0.98,0.39,
Ligue 1,2020-2021,2020-12-04,Nimes,Marseille,0,2,0.38,2.17,
Ligue 1,2020-2021,2020-12-05,Rennes,Lens,0,2,0.5,0.93,
Ligue 1,2020-2021,2020-12-05,Montpellier,Paris Saint Germain,1,3,1.98,2.13,
Ligue 1,2020-2021,2020-12-06,Lille,Monaco,2,1,1.39,0.67,
Ligue 1,2020-2021,2020-12-06,Angers,Lorient,2,0,1.91,0.34,
Ligue 1,2020-2021,2020-12-06,Bordeaux,Brest,1,0,2.37,0.17,
Ligue 1,2020-2021,2020-12-06,Dijon,Saint-Etienne,0,0,0.24,0.68,
Ligue 1,2020-2021,2020-12-06,Nantes,Strasbourg,0,4,0.63,3.2,
Ligue 1,2020-2021,2020-12-06,Reims,Nice,0,0,0.51,0.57,
Ligue 1,2020-2021,2020-12-06,Metz,Lyon,1,3,1.24,1.81,
Ligue 1,2020-2021,2020-12-11,Saint-Etienne,Angers,0,0,1.16,0.75,
Ligue 1,2020-2021,2020-12-12,Marseille,Monaco,2,1,1.53,1.71,
Ligue 1,2020-2021,2020-12-12,Lens,Montpellier,2,3,1.39,1.62,
Ligue 1,2020-2021,2020-12-13,Nice,Rennes,0,1,0.79,1.26,
Ligue 1,2020-2021,2020-12-13,Brest,Reims,2,1,2.97,0.56,
Ligue 1,2020-2021,2020-12-13,Lorient,Nimes,3,0,2.82,0.56,
Ligue 1,2020-2021,2020-12-13,Nantes,Dijon,1,1,1.88,1.03,
Ligue 1,2020-2021,2020-12-13,Strasbourg,Metz,2,2,0.79,1.72,
Ligue 1,2020-2021,2020-12-13,Lille,Bordeaux,2,1,1.35,0.8,
Ligue 1,2020-2021,2020-12-13,Paris Saint Germain,Lyon,0,1,0.31,0.83,
Ligue 1,2020-2021,2020-12-16,Angers,Strasbourg,0,2,0.22,0.51,
Ligue 1,2020-2021,2020-12-16,Dijon,Lille,0,2,0.17,1.1,
Ligue 1,2020-2021,2020-12-16,Montpellier,Metz,0,2,0.89,1.64,
Ligue 1,2020-2021,2020-12-16,Nimes,Nice,0,2,0.99,1.98,
Ligue 1,2020-2021,2020-12-16,Reims,Nantes,3,2,1.74,2.08,
Ligue 1,2020-2021,2020-12-16,Rennes,Marseille,2,1,1.17,1.24,
Ligue 1,2020-2021,2020-12-16,Bordeaux,Saint-Etienne,1,2,0.55,2.19,
Ligue 1,2020-2021,2020-12-16,Lyon,Brest,2,2,3.3,1.28,
Ligue 1,2020-2021,2020-12-16,Monaco,Lens,0,3,0.93,0.96,
Ligue 1,2020-2021,2020-12-16,Paris Saint Germain,Lorient,2,0,2.8,1.3,
Ligue 1,2020-2021,2020-12-19,Metz,Lens,2,0,1.16,1.15,
Ligue 1,2020-2021,2020-12-19,Marseille,Reims,1,1,1.51,0.36,
Ligue 1,2020-2021,2020-12-19,Nice,Lyon,1,4,0.76,3.11,
Ligue 1,2020-2021,2020-12-20,Brest,Montpellier,2,2,2.17,0.52,
Ligue 1,2020-2021,2020-12-20,Dijon,Monaco,0,1,1.18,1.13,
Ligue 1,2020-2021,2020-12-20,Nantes,Angers,1,1,0.57,0.94,
Ligue 1,2020-2021,2020-12-20,Strasbourg,Bordeaux,0,2,1.01,1.31,
Ligue 1,2020-2021,2020-12-20,Saint-Etienne,Nimes,2,2,2.94,1.51,
Ligue 1,2020-2021,2020-12-20,Lorient,Rennes,0,3,1.04,1.0,
Ligue 1,2020-2021,2020-12-20,Lille,Paris Saint Germain,0,0,0.39,0.55,
Ligue 1,2020-2021,2020-12-23,Nice,Lorient,2,2,0.66,2.13,
Ligue 1,2020-2021,2020-12-23,Bordeaux,Reims,1,3,1.21,1.3,
Ligue 1,2020-2021,2020-12-23,Lens,Brest,2,1,2.03,1.18,
Ligue 1,2020-2021,2020-12-23,Rennes,Metz,1,0,0.66,0.83,
Ligue 1,2020-2021,2020-12-23,Nimes,Dijon,1,3,0.96,1.6,
Ligue 1,2020-2021,2020-12-23,Montpellier,Lille,2,3,1.19,1.7,
Ligue 1,2020-2021,2020-12-23,Angers,Marseille,2,1,0.78,1.5,
Ligue 1,2020-2021,2020-12-23,Lyon,Nantes,3,0,3.98,1.1,
Ligue 1,2020-2021,2020-12-23,Monaco,Saint-Etienne,2,2,0.68,1.97,
Ligue 1,2020-2021,2020-12-23,Paris Saint Germain,Strasbourg,4,0,3.12,0.42,
Ligue 1,2020-2021,2021-01-06,Lorient,Monaco,2,5,0.61,2.82,
Ligue 1,2020-2021,2021-01-06,Metz,Bordeaux,0,0,0.72,0.67,
Ligue 1,2020-2021,2021-01-06,Nantes,Rennes,0,0,0.6,0.49,
Ligue 1,2020-2021,2021-01-06,Strasbourg,Nimes,5,0,4.65,0.83,
Ligue 1,2020-2021,2021-01-06,Brest,Nice,2,0,1.13,1.37,
Ligue 1,2020-2021,2021-01-06,Lille,Angers,1,2,0.29,0.41,
Ligue 1,2020-2021,2021-01-06,Lyon,Lens,3,2,1.82,0.95,
Ligue 1,2020-2021,2021-01-06,Marseille,Montpellier,3,1,2.52,1.18,
Ligue 1,2020-2021,2021-01-06,Reims,Dijon,0,0,0.88,0.13,
Ligue 1,2020-2021,2021-01-06,Saint-Etienne,Paris Saint Germain,1,1,1.3,1.39,
Ligue 1,2020-2021,2021-01-09,Bordeaux,Lorient,2,1,1.61,1.07,
Ligue 1,2020-2021,2021-01-09,Dijon,Marseille,0,0,0.49,1.8,
Ligue 1,2020-2021,2021-01-09,Lens,Strasbourg,0,1,0.58,1.58,
Ligue 1,2020-2021,2021-01-09,Metz,Nice,1,1,1.26,1.48,
Ligue 1,2020-2021,2021-01-09,Monaco,Angers,3,0,2.31,0.69,
Ligue 1,2020-2021,2021-01-09,Montpellier,Nantes,1,1,0.91,1.31,
Ligue 1,2020-2021,2021-01-09,Nimes,Lille,0,1,0.35,1.01,
Ligue 1,2020-2021,2021-01-09,Paris Saint Germain,Brest,3,0,2.91,0.55,
Ligue 1,2020-2021,2021-01-09,Reims,Saint-Etienne,3,1,1.71,1.29,
Ligue 1,2020-2021,2021-01-09,Rennes,Lyon,2,2,1.15,1.12,
Ligue 1,2020-2021,2021-01-15,Montpellier,Monaco,2,3,0.55,2.89,
Ligue 1,2020-2021,2021-01-16,Marseille,Nimes,1,2,2.16,1.59,
Ligue 1,2020-2021,2021-01-16,Angers,Paris Saint Germain,0,1,0.94,1.49,
Ligue 1,2020-2021,2021-01-17,Brest,Rennes,1,2,1.95,1.5,
Ligue 1,2020-2021,2021-01-17,Nantes,Lens,1,1,1.16,1.36,
Ligue 1,2020-2021,2021-01-17,Nice,Bordeaux,0,3,0.47,3.61,
Ligue 1,2020-2021,2021-01-17,Strasbourg,Saint-Etienne,1,0,2.61,1.25,
Ligue 1,2020-2021,2021-01-17,Lille,Reims,2,1,1.38,0.27,
Ligue 1,2020-2021,2021-01-17,Lyon,Metz,0,1,1.64,1.43,
Ligue 1,2020-2021,2021-01-20,Marseille,Lens,0,1,0.12,1.55,
Ligue 1,2020-2021,2021-01-22,Paris Saint Germain,Montpellier,4,0,4.91,0.16,
Ligue 1,2020-2021,2021-01-23,Lens,Nice,0,1,1.19,0.55,
Ligue 1,2020-2021,2021-01-23,Monaco,Marseille,3,1,1.88,0.46,
Ligue 1,2020-2021,2021-01-24,Bordeaux,Angers,2,1,1.11,1.71,
Ligue 1,2020-2021,2021-01-24,Dijon,Strasbourg,1,1,0.8,2.79,
Ligue 1,2020-2021,2021-01-24,Metz,Nantes,2,0,0.83,0.24,
Ligue 1,2020-2021,2021-01-24,Reims,Brest,1,0,1.19,1.02,
Ligue 1,2020-2021,2021-01-24,Rennes,Lille,0,1,0.55,0.8,
Ligue 1,2020-2021,2021-01-24,Saint-Etienne,Lyon,0,5,0.22,2.2,
Ligue 1,2020-2021,2021-01-27,Lorient,Dijon,3,2,0.9,1.67,
Ligue 1,2020-2021,2021-01-29,Lyon,Bordeaux,2,1,1.3,0.73,
Ligue 1,2020-2021,2021-01-30,Montpellier,Lens,1,2,1.04,1.07,
Ligue 1,2020-2021,2021-01-31,Nice,Saint-Etienne,0,1,0.44,1.59,
Ligue 1,2020-2021,2021-01-31,Angers,Nimes,3,1,1.59,0.94,
Ligue 1,2020-2021,2021-01-31,Brest,Metz,2,4,1.87,1.51,
Ligue 1,2020-2021,2021-01-31,Lorient,Paris Saint Germain,3,2,1.56,2.64,
Ligue 1,2020-2021,2021-01-31,Strasbourg,Reims,0,1,1.0,1.32,
Ligue 1,2020-2021,2021-01-31,Lille,Dijon,1,0,1.91,0.37,
Ligue 1,2020-2021,2021-01-31,Nantes,Monaco,1,2,1.24,1.52,
Ligue 1,2020-2021,2021-02-03,Bordeaux,Lille,0,3,0.75,2.0,
Ligue 1,2020-2021,2021-02-03,Metz,Montpellier,1,1,0.9,1.03,
Ligue 1,2020-2021,2021-02-03,Reims,Angers,0,0,0.56,0.25,
Ligue 1,2020-2021,2021-02-03,Rennes,Lorient,1,1,1.03,0.62,
Ligue 1,2020-2021,2021-02-03,Strasbourg,Brest,2,2,0.61,0.71,
Ligue 1,2020-2021,2021-02-03,Dijon,Lyon,0,1,1.0,2.26,
Ligue 1,2020-2021,2021-02-03,Lens,Marseille,2,2,1.53,1.32,
Ligue 1,2020-2021,2021-02-03,Monaco,Nice,2,1,2.73,0.43,
Ligue 1,2020-2021,2021-02-03,Paris Saint Germain,Nimes,3,0,1.69,1.74,
Ligue 1,2020-2021,2021-02-03,Saint-Etienne,Nantes,1,1,1.5,1.25,
Ligue 1,2020-2021,2021-02-06,Lorient,Reims,1,0,1.12,0.78,
Ligue 1,2020-2021,2021-02-06,Lyon,Strasbourg,3,0,1.6,0.24,
Ligue 1,2020-2021,2021-02-06,Lens,Rennes,0,0,1.09,0.55,
Ligue 1,2020-2021,2021-02-07,Brest,Bordeaux,2,1,2.04,0.64,
Ligue 1,2020-2021,2021-02-07,Montpellier,Dijon,4,2,5.61,1.32,
Ligue 1,2020-2021,2021-02-07,Nice,Angers,3,0,1.31,0.62,
Ligue 1,2020-2021,2021-02-07,Nimes,Monaco,3,4,1.54,1.25,
Ligue 1,2020-2021,2021-02-07,Saint-Etienne,Metz,1,0,0.56,0.33,
Ligue 1,2020-2021,2021-02-07,Nantes,Lille,0,2,0.4,1.79,
Ligue 1,2020-2021,2021-02-07,Marseille,Paris Saint Germain,0,2,0.43,1.23,
Ligue 1,2020-2021,2021-02-13,Paris Saint Germain,Nice,2,1,2.47,1.05,
Ligue 1,2020-2021,2021-02-13,Reims,Lens,1,1,0.68,3.16,
Ligue 1,2020-2021,2021-02-13,Lyon,Montpellier,1,2,3.94,1.76,
Ligue 1,2020-2021,2021-02-14,Monaco,Lorient,2,2,1.94,1.44,
Ligue 1,2020-2021,2021-02-14,Angers,Nantes,1,3,1.72,1.75,
Ligue 1,2020-2021,2021-02-14,Dijon,Nimes,0,2,0.47,1.91,
Ligue 1,2020-2021,2021-02-14,Metz,Strasbourg,1,2,1.47,1.4,
Ligue 1,2020-2021,2021-02-14,Rennes,Saint-Etienne,0,2,0.8,0.35,
Ligue 1,2020-2021,2021-02-14,Lille,Brest,0,0,0.63,0.09,
Ligue 1,2020-2021,2021-02-14,Bordeaux,Marseille,0,0,1.9,0.42,
Ligue 1,2020-2021,2021-02-17,Marseille,Nice,3,2,0.65,1.21,
Ligue 1,2020-2021,2021-02-19,Brest,Lyon,2,3,1.46,3.47,
Ligue 1,2020-2021,2021-02-20,Saint-Etienne,Reims,1,1,1.98,0.35,
Ligue 1,2020-2021,2021-02-20,Nantes,Marseille,1,1,0.78,0.56,
Ligue 1,2020-2021,2021-02-21,Montpellier,Rennes,2,1,2.87,1.42,
Ligue 1,2020-2021,2021-02-21,Lens,Dijon,2,1,1.3,0.89,
Ligue 1,2020-2021,2021-02-21,Nice,Metz,1,2,1.05,1.43,
Ligue 1,2020-2021,2021-02-21,Nimes,Bordeaux,2,0,0.36,0.79,
Ligue 1,2020-2021,2021-02-21,Strasbourg,Angers,0,0,1.42,0.33,
Ligue 1,2020-2021,2021-02-21,Lorient,Lille,1,4,0.23,1.05,
Ligue 1,2020-2021,2021-02-21,Paris Saint Germain,Monaco,0,2,0.95,1.06,
Ligue 1,2020-2021,2021-02-24,Nimes,Lorient,1,0,0.91,0.39,
Ligue 1,2020-2021,2021-02-26,Rennes,Nice,1,2,0.75,1.66,
Ligue 1,2020-2021,2021-02-27,Bordeaux,Metz,1,2,0.98,1.84,
Ligue 1,2020-2021,2021-02-27,Dijon,Paris Saint Germain,0,4,0.25,2.12,
Ligue 1,2020-2021,2021-02-28,Monaco,Brest,2,0,2.19,0.43,
Ligue 1,2020-2021,2021-02-28,Angers,Lens,2,2,1.72,1.08,
Ligue 1,2020-2021,2021-02-28,Lorient,Saint-Etienne,2,1,0.86,1.02,
Ligue 1,2020-2021,2021-02-28,Nimes,Nantes,1,1,0.47,1.49,
Ligue 1,2020-2021,2021-02-28,Reims,Montpellier,0,0,0.34,0.32,
Ligue 1,2020-2021,2021-02-28,Lille,Strasbourg,1,1,0.87,0.97,
Ligue 1,2020-2021,2021-02-28,Marseille,Lyon,1,1,1.36,0.58,
Ligue 1,2020-2021,2021-03-03,Brest,Dijon,3,1,1.56,0.72,
Ligue 1,2020-2021,2021-03-03,Lyon,Rennes,1,0,1.94,0.59,
Ligue 1,2020-2021,2021-03-03,Metz,Angers,0,1,0.69,1.07,
Ligue 1,2020-2021,2021-03-03,Nice,Nimes,2,1,1.51,2.38,
Ligue 1,2020-2021,2021-03-03,Saint-Etienne,Lens,2,3,1.73,1.97,
Ligue 1,2020-2021,2021-03-03,Bordeaux,Paris Saint Germain,0,1,0.81,1.28,
Ligue 1,2020-2021,2021-03-03,Lille,Marseille,2,0,2.23,0.1,
Ligue 1,2020-2021,2021-03-03,Montpellier,Lorient,1,1,0.65,2.05,
Ligue 1,2020-2021,2021-03-03,Nantes,Reims,1,2,1.43,0.62,
Ligue 1,2020-2021,2021-03-03,Strasbourg,Monaco,1,0,0.75,0.73,
Ligue 1,2020-2021,2021-03-10,Marseille,Rennes,1,0,0.75,0.6,
Ligue 1,2020-2021,2021-03-12,Reims,Lyon,1,1,0.73,1.53,
Ligue 1,2020-2021,2021-03-13,Angers,Saint-Etienne,0,1,0.23,0.87,
Ligue 1,2020-2021,2021-03-13,Marseille,Brest,3,1,1.72,0.41,
Ligue 1,2020-2021,2021-03-14,Nimes,Montpellier,1,1,1.83,1.56,
Ligue 1,2020-2021,2021-03-14,Dijon,Bordeaux,1,3,0.97,1.5,
Ligue 1,2020-2021,2021-03-14,Lens,Metz,2,2,2.38,1.46,
Ligue 1,2020-2021,2021-03-14,Lorient,Nice,1,1,2.31,0.51,
Ligue 1,2020-2021,2021-03-14,Rennes,Strasbourg,1,0,1.03,0.59,
Ligue 1,2020-2021,2021-03-14,Monaco,Lille,0,0,0.61,0.16,
Ligue 1,2020-2021,2021-03-14,Paris Saint Germain,Nantes,1,2,0.88,1.16,
Ligue 1,2020-2021,2021-03-19,Saint-Etienne,Monaco,0,4,0.45,2.43,
Ligue 1,2020-2021,2021-03-20,Metz,Rennes,1,3,0.69,2.27,
Ligue 1,2020-2021,2021-03-20,Nice,Marseille,3,0,2.75,0.3,
Ligue 1,2020-2021,2021-03-21,Strasbourg,Lens,1,2,2.11,1.55,
Ligue 1,2020-2021,2021-03-21,Nantes,Lorient,1,1,1.39,0.85,
Ligue 1,2020-2021,2021-03-21,Montpellier,Bordeaux,3,1,2.24,1.4,
Ligue 1,2020-2021,2021-03-21,Dijon,Reims,0,1,0.79,1.34,
Ligue 1,2020-2021,2021-03-21,Brest,Angers,0,0,0.48,0.76,
Ligue 1,2020-2021,2021-03-21,Lille,Nimes,1,2,0.79,0.8,
Ligue 1,2020-2021,2021-03-21,Lyon,Paris Saint Germain,2,4,0.61,1.65,
Ligue 1,2020-2021,2021-04-03,Monaco,Metz,4,0,2.5,0.36,
Ligue 1,2020-2021,2021-04-03,Paris Saint Germain,Lille,0,1,1.06,0.55,
Ligue 1,2020-2021,2021-04-03,Lens,Lyon,1,1,0.67,2.11,
Ligue 1,2020-2021,2021-04-04,Angers,Montpellier,1,1,1.0,1.75,
Ligue 1,2020-2021,2021-04-04,Reims,Rennes,2,2,1.03,2.06,
Ligue 1,2020-2021,2021-04-04,Bordeaux,Strasbourg,2,3,1.59,2.28,
Ligue 1,2020-2021,2021-04-04,Lorient,Brest,1,0,1.76,0.23,
Ligue 1,2020-2021,2021-04-04,Nantes,Nice,1,2,1.37,2.37,
Ligue 1,2020-2021,2021-04-04,Nimes,Saint-Etienne,0,2,1.56,2.21,
Ligue 1,2020-2021,2021-04-04,Marseille,Dijon,2,0,1.53,0.12,
Ligue 1,2020-2021,2021-04-09,Metz,Lille,0,2,1.96,0.56,
Ligue 1,2020-2021,2021-04-10,Strasbourg,Paris Saint Germain,1,4,0.95,2.18,
Ligue 1,2020-2021,2021-04-10,Montpellier,Marseille,3,3,2.16,1.94,
Ligue 1,2020-2021,2021-04-11,Rennes,Nantes,1,0,0.73,0.22,
Ligue 1,2020-2021,2021-04-11,Brest,Nimes,1,1,1.99,0.8,
Ligue 1,2020-2021,2021-04-11,Lens,Lorient,4,1,3.36,1.95,
Ligue 1,2020-2021,2021-04-11,Nice,Reims,0,0,0.52,0.45,
Ligue 1,2020-2021,2021-04-11,Saint-Etienne,Bordeaux,4,1,3.28,1.52,
Ligue 1,2020-2021,2021-04-11,Monaco,Dijon,3,0,3.88,0.68,
Ligue 1,2020-2021,2021-04-11,Lyon,Angers,3,0,2.85,1.02,
Ligue 1,2020-2021,2021-04-16,Lille,Montpellier,1,1,1.23,0.91,
Ligue 1,2020-2021,2021-04-17,Angers,Rennes,0,3,0.45,1.42,
Ligue 1,2020-2021,2021-04-17,Marseille,Lorient,3,2,2.44,1.47,
Ligue 1,2020-2021,2021-04-18,Paris Saint Germain,Saint-Etienne,3,2,2.05,1.27,
Ligue 1,2020-2021,2021-04-18,Reims,Metz,0,0,0.73,0.84,
Ligue 1,2020-2021,2021-04-18,Nimes,Strasbourg,1,1,1.63,1.05,
Ligue 1,2020-2021,2021-04-18,Dijon,Nice,2,0,1.42,0.72,
Ligue 1,2020-2021,2021-04-18,Brest,Lens,1,1,0.39,1.06,
Ligue 1,2020-2021,2021-04-18,Bordeaux,Monaco,0,3,0.93,1.87,
Ligue 1,2020-2021,2021-04-18,Nantes,Lyon,1,2,1.22,1.81,
Ligue 1,2020-2021,2021-04-23,Reims,Marseille,1,3,0.7,2.37,
Ligue 1,2020-2021,2021-04-24,Saint-Etienne,Brest,1,2,1.12,0.92,
Ligue 1,2020-2021,2021-04-24,Metz,Paris Saint Germain,1,3,0.65,2.71,
Ligue 1,2020-2021,2021-04-25,Nice,Montpellier,3,1,2.38,1.73,
Ligue 1,2020-2021,2021-04-25,Lorient,Bordeaux,4,1,2.1,0.69,
Ligue 1,2020-2021,2021-04-25,Rennes,Dijon,5,1,4.17,1.03,
Ligue 1,2020-2021,2021-04-25,Strasbourg,Nantes,1,2,1.4,1.09,
Ligue 1,2020-2021,2021-04-25,Lens,Nimes,2,1,0.71,1.46,
Ligue 1,2020-2021,2021-04-25,Angers,Monaco,0,1,0.1,1.35,
Ligue 1,2020-2021,2021-04-25,Lyon,Lille,2,3,0.95,1.87,
Ligue 1,2020-2021,2021-04-30,Marseille,Strasbourg,1,1,1.13,0.26,
Ligue 1,2020-2021,2021-05-01,Paris Saint Germain,Lens,2,1,1.38,1.51,
Ligue 1,2020-2021,2021-05-01,Lille,Nice,2,0,0.68,0.0,
Ligue 1,2020-2021,2021-05-02,Bordeaux,Rennes,1,0,0.59,0.75,
Ligue 1,2020-2021,2021-05-02,Brest,Nantes,1,4,1.64,2.62,
Ligue 1,2020-2021,2021-05-02,Dijon,Metz,1,5,1.25,1.83,
Ligue 1,2020-2021,2021-05-02,Lorient,Angers,2,0,2.41,0.58,
Ligue 1,2020-2021,2021-05-02,Nimes,Reims,2,2,2.42,0.65,
Ligue 1,2020-2021,2021-05-02,Montpellier,Saint-Etienne,1,2,1.02,2.26,
Ligue 1,2020-2021,2021-05-02,Monaco,Lyon,2,3,2.12,0.84,
Ligue 1,2020-2021,2021-05-07,Lens,Lille,0,3,1.38,1.24,
Ligue 1,2020-2021,2021-05-08,Nantes,Bordeaux,3,0,1.72,0.72,
Ligue 1,2020-2021,2021-05-08,Lyon,Lorient,4,1,4.64,0.61,
Ligue 1,2020-2021,2021-05-09,Saint-Etienne,Marseille,1,0,1.41,1.93,
Ligue 1,2020-2021,2021-05-09,Angers,Dijon,3,0,1.72,0.27,
Ligue 1,2020-2021,2021-05-09,Metz,Nimes,0,3,0.68,2.08,
Ligue 1,2020-2021,2021-05-09,Nice,Brest,3,2,2.96,1.03,
Ligue 1,2020-2021,2021-05-09,Strasbourg,Montpellier,2,3,1.97,0.72,
Ligue 1,2020-2021,2021-05-09,Reims,Monaco,0,1,0.43,1.06,
Ligue 1,2020-2021,2021-05-09,Rennes,Paris Saint Germain,1,1,0.95,1.55,
Ligue 1,2020-2021,2021-05-16,Bordeaux,Lens,3,0,2.81,1.13,
Ligue 1,2020-2021,2021-05-16,Dijon,Nantes,0,4,0.99,2.58,
Ligue 1,2020-2021,2021-05-16,Lille,Saint-Etienne,0,0,0.9,0.33,
Ligue 1,2020-2021,2021-05-16,Lorient,Metz,2,1,1.43,0.07,
Ligue 1,2020-2021,2021-05-16,Marseille,Angers,3,2,2.93,1.84,
Ligue 1,2020-2021,2021-05-16,Monaco,Rennes,2,1,1.51,0.32,
Ligue 1,2020-2021,2021-05-16,Montpellier,Brest,0,0,0.41,1.97,
Ligue 1,2020-2021,2021-05-16,Nice,Strasbourg,0,2,0.75,2.27,
Ligue 1,2020-2021,2021-05-16,Nimes,Lyon,2,5,0.85,2.84,
Ligue 1,2020-2021,2021-05-16,Paris Saint Germain,Reims,4,0,4.74,0.05,
Ligue 1,2020-2021,2021-05-23,Angers,Lille,1,2,0.74,1.56,
Ligue 1,2020-2021,2021-05-23,Brest,Paris Saint Germain,0,2,0.57,2.02,
Ligue 1,2020-2021,2021-05-23,Lens,Monaco,0,0,0.24,1.31,
Ligue 1,2020-2021,2021-05-23,Lyon,Nice,2,3,1.33,1.47,
Ligue 1,2020-2021,2021-05-23,Metz,Marseille,1,1,1.09,1.15,
Ligue 1,2020-2021,2021-05-23,Nantes,Montpellier,1,2,1.41,1.71,
Ligue 1,2020-2021,2021-05-23,Reims,Bordeaux,1,2,1.2,1.24,
Ligue 1,2020-2021,2021-05-23,Rennes,Nimes,2,0,1.33,0.36,
Ligue 1,2020-2021,2021-05-23,Saint-Etienne,Dijon,0,1,1.46,1.38,
Ligue 1,2020-2021,2021-05-23,Strasbourg,Lorient,1,1,0.32,0.52,
Ligue 1,2021-2022,2021-08-06,Monaco,Nantes,1,1,1.77,0.24,
Ligue 1,2021-2022,2021-08-07,Lyon,Brest,1,1,1.18,1.02,
Ligue 1,2021-2022,2021-08-07,Troyes,Paris Saint Germain,1,2,0.62,1.49,
Ligue 1,2021-2022,2021-08-08,Rennes,Lens,1,1,0.6,2.14,
Ligue 1,2021-2022,2021-08-08,Saint-Etienne,Lorient,1,1,1.86,0.84,
Ligue 1,2021-2022,2021-08-08,Strasbourg,Angers,0,2,0.27,1.42,
Ligue 1,2021-2022,2021-08-08,Bordeaux,Clermont Foot,0,2,0.51,2.96,
Ligue 1,2021-2022,2021-08-08,Nice,Reims,0,0,1.1,0.16,
Ligue 1,2021-2022,2021-08-08,Metz,Lille,3,3,1.02,1.62,
Ligue 1,2021-2022,2021-08-08,Montpellier,Marseille,2,3,0.76,2.16,
Ligue 1,2021-2022,2021-08-13,Lorient,Monaco,1,0,0.78,0.87,
Ligue 1,2021-2022,2021-08-14,Lille,Nice,0,4,0.77,2.34,
Ligue 1,2021-2022,2021-08-14,Paris Saint Germain,Strasbourg,4,2,2.9,0.57,
Ligue 1,2021-2022,2021-08-15,Angers,Lyon,3,0,1.64,0.98,
Ligue 1,2021-2022,2021-08-15,Brest,Rennes,1,1,2.3,1.32,
Ligue 1,2021-2022,2021-08-15,Clermont Foot,Troyes,2,0,1.44,0.7,
Ligue 1,2021-2022,2021-08-15,Nantes,Metz,2,0,1.72,0.89,
Ligue 1,2021-2022,2021-08-15,Reims,Montpellier,3,3,1.31,2.0,
Ligue 1,2021-2022,2021-08-15,Lens,Saint-Etienne,2,2,1.14,0.85,
Ligue 1,2021-2022,2021-08-15,Marseille,Bordeaux,2,2,1.05,0.32,
Ligue 1,2021-2022,2021-08-20,Brest,Paris Saint Germain,2,4,1.25,1.51,
Ligue 1,2021-2022,2021-08-21,Monaco,Lens,0,2,0.24,0.6,
Ligue 1,2021-2022,2021-08-21,Saint-Etienne,Lille,1,1,0.48,1.2,
Ligue 1,2021-2022,2021-08-22,Lyon,Clermont Foot,3,3,3.32,1.82,
Ligue 1,2021-2022,2021-08-22,Metz,Reims,1,1,0.67,1.18,
Ligue 1,2021-2022,2021-08-22,Bordeaux,Angers,1,1,0.6,1.01,
Ligue 1,2021-2022,2021-08-22,Strasbourg,Troyes,1,1,2.95,1.15,
Ligue 1,2021-2022,2021-08-22,Montpellier,Lorient,3,1,3.65,0.46,
Ligue 1,2021-2022,2021-08-22,Rennes,Nantes,1,0,0.87,0.26,
Ligue 1,2021-2022,2021-08-27,Nantes,Lyon,0,1,1.35,1.44,
Ligue 1,2021-2022,2021-08-28,Nice,Bordeaux,4,0,2.53,0.87,
Ligue 1,2021-2022,2021-08-28,Marseille,Saint-Etienne,3,1,2.74,1.23,
Ligue 1,2021-2022,2021-08-29,Troyes,Monaco,1,2,0.59,1.74,
Ligue 1,2021-2022,2021-08-29,Strasbourg,Brest,3,1,1.23,0.59,
Ligue 1,2021-2022,2021-08-29,Angers,Rennes,2,0,2.63,1.29,
Ligue 1,2021-2022,2021-08-29,Clermont Foot,Metz,2,2,1.65,1.9,
Ligue 1,2021-2022,2021-08-29,Lens,Lorient,2,2,1.14,1.22,
Ligue 1,2021-2022,2021-08-29,Lille,Montpellier,2,1,2.46,0.72,
Ligue 1,2021-2022,2021-08-29,Reims,Paris Saint Germain,0,2,0.83,1.82,
Ligue 1,2021-2022,2021-09-10,Lorient,Lille,2,1,1.08,1.52,
Ligue 1,2021-2022,2021-09-11,Paris Saint Germain,Clermont Foot,4,0,2.51,1.04,
Ligue 1,2021-2022,2021-09-11,Monaco,Marseille,0,2,0.89,1.36,
Ligue 1,2021-2022,2021-09-12,Montpellier,Saint-Etienne,2,0,1.09,0.86,
Ligue 1,2021-2022,2021-09-12,Rennes,Reims,0,2,0.81,0.87,
Ligue 1,2021-2022,2021-09-12,Bordeaux,Lens,2,3,1.01,3.12,
Ligue 1,2021-2022,2021-09-12,Brest,Angers,1,1,1.48,1.0,
Ligue 1,2021-2022,2021-09-12,Metz,Troyes,0,2,0.78,0.87,
Ligue 1,2021-2022,2021-09-12,Nantes,Nice,0,2,2.16,2.45,
Ligue 1,2021-2022,2021-09-12,Lyon,Strasbourg,3,1,1.7,2.04,
Ligue 1,2021-2022,2021-09-17,Strasbourg,Metz,3,0,2.05,0.61,
Ligue 1,2021-2022,2021-09-18,Lens,Lille,1,0,0.49,1.21,
Ligue 1,2021-2022,2021-09-18,Saint-Etienne,Bordeaux,1,2,1.75,2.37,
Ligue 1,2021-2022,2021-09-19,Nice,Monaco,2,2,1.94,2.59,
Ligue 1,2021-2022,2021-09-19,Troyes,Montpellier,1,1,0.49,0.25,
Ligue 1,2021-2022,2021-09-19,Angers,Nantes,1,4,0.61,2.6,
Ligue 1,2021-2022,2021-09-19,Clermont Foot,Brest,1,1,0.79,0.66,
Ligue 1,2021-2022,2021-09-19,Reims,Lorient,0,0,0.98,0.17,
Ligue 1,2021-2022,2021-09-19,Marseille,Rennes,2,0,2.21,1.06,
Ligue 1,2021-2022,2021-09-19,Paris Saint Germain,Lyon,2,1,2.23,0.82,
Ligue 1,2021-2022,2021-09-22,Monaco,Saint-Etienne,3,1,1.74,0.33,
Ligue 1,2021-2022,2021-09-22,Montpellier,Bordeaux,3,3,1.68,1.27,
Ligue 1,2021-2022,2021-09-22,Nantes,Brest,3,1,1.66,0.56,
Ligue 1,2021-2022,2021-09-22,Rennes,Clermont Foot,6,0,3.15,0.38,
Ligue 1,2021-2022,2021-09-22,Lille,Reims,2,1,1.19,1.18,
Ligue 1,2021-2022,2021-09-22,Lens,Strasbourg,0,1,2.68,1.1,
Ligue 1,2021-2022,2021-09-22,Angers,Marseille,0,0,0.47,0.49,
Ligue 1,2021-2022,2021-09-22,Lyon,Troyes,3,1,2.47,0.94,
Ligue 1,2021-2022,2021-09-22,Metz,Paris Saint Germain,1,2,0.76,1.15,
Ligue 1,2021-2022,2021-09-22,Lorient,Nice,1,0,0.62,2.17,
Ligue 1,2021-2022,2021-09-25,Saint-Etienne,Nice,0,3,0.66,3.18,
Ligue 1,2021-2022,2021-09-25,Strasbourg,Lille,1,2,0.5,2.59,
Ligue 1,2021-2022,2021-09-25,Lyon,Lorient,1,1,0.84,0.54,
Ligue 1,2021-2022,2021-09-25,Paris Saint Germain,Montpellier,2,0,2.58,0.27,
Ligue 1,2021-2022,2021-09-26,Bordeaux,Rennes,1,1,0.6,1.78,
Ligue 1,2021-2022,2021-09-26,Brest,Metz,1,2,1.67,0.67,
Ligue 1,2021-2022,2021-09-26,Reims,Nantes,3,1,1.23,0.77,
Ligue 1,2021-2022,2021-09-26,Troyes,Angers,1,1,1.26,1.28,
Ligue 1,2021-2022,2021-09-26,Clermont Foot,Monaco,1,3,1.31,1.79,
Ligue 1,2021-2022,2021-09-26,Marseille,Lens,2,3,2.02,2.49,
Ligue 1,2021-2022,2021-10-01,Lens,Reims,2,0,2.36,0.09,
Ligue 1,2021-2022,2021-10-02,Montpellier,Strasbourg,1,1,1.06,0.29,
Ligue 1,2021-2022,2021-10-02,Nice,Brest,2,1,4.37,0.32,
Ligue 1,2021-2022,2021-10-03,Rennes,Paris Saint Germain,2,0,0.88,1.4,
Ligue 1,2021-2022,2021-10-03,Angers,Metz,3,2,2.81,0.9,
Ligue 1,2021-2022,2021-10-03,Lorient,Clermont Foot,1,1,0.59,0.77,
Ligue 1,2021-2022,2021-10-03,Monaco,Bordeaux,3,0,1.73,0.57,
Ligue 1,2021-2022,2021-10-03,Nantes,Troyes,2,0,1.71,1.65,
Ligue 1,2021-2022,2021-10-03,Lille,Marseille,2,0,3.52,0.56,
Ligue 1,2021-2022,2021-10-03,Saint-Etienne,Lyon,1,1,2.48,1.35,
Ligue 1,2021-2022,2021-10-15,Paris Saint Germain,Angers,2,1,2.49,1.16,
Ligue 1,2021-2022,2021-10-16,Clermont Foot,Lille,1,0,0.4,0.61,
Ligue 1,2021-2022,2021-10-16,Lyon,Monaco,2,0,2.82,0.51,
Ligue 1,2021-2022,2021-10-17,Troyes,Nice,1,0,1.42,0.51,
Ligue 1,2021-2022,2021-10-17,Bordeaux,Nantes,1,1,0.67,1.28,
Ligue 1,2021-2022,2021-10-17,Brest,Reims,1,1,0.51,1.04,
Ligue 1,2021-2022,2021-10-17,Metz,Rennes,0,3,0.97,3.36,
Ligue 1,2021-2022,2021-10-17,Strasbourg,Saint-Etienne,5,1,2.71,0.93,
Ligue 1,2021-2022,2021-10-17,Montpellier,Lens,1,0,1.62,1.19,
Ligue 1,2021-2022,2021-10-17,Marseille,Lorient,4,1,1.71,2.09,
Ligue 1,2021-2022,2021-10-22,Saint-Etienne,Angers,2,2,1.5,0.68,
Ligue 1,2021-2022,2021-10-23,Nantes,Clermont Foot,2,1,1.07,0.74,
Ligue 1,2021-2022,2021-10-23,Lille,Brest,1,1,1.68,1.14,
Ligue 1,2021-2022,2021-10-24,Nice,Lyon,3,2,2.0,1.42,
Ligue 1,2021-2022,2021-10-24,Lens,Metz,4,1,2.37,0.79,
Ligue 1,2021-2022,2021-10-24,Lorient,Bordeaux,1,1,1.78,1.06,
Ligue 1,2021-2022,2021-10-24,Reims,Troyes,1,2,1.02,0.68,
Ligue 1,2021-2022,2021-10-24,Rennes,Strasbourg,1,0,1.36,1.03,
Ligue 1,2021-2022,2021-10-24,Monaco,Montpellier,3,1,2.12,1.17,
Ligue 1,2021-2022,2021-10-24,Marseille,Paris Saint Germain,0,0,1.29,2.05,
Ligue 1,2021-2022,2021-10-27,Nice,Marseille,1,1,1.51,0.34,
Ligue 1,2021-2022,2021-10-29,Paris Saint Germain,Lille,2,1,2.31,1.83,
Ligue 1,2021-2022,2021-10-30,Metz,Saint-Etienne,1,1,0.38,0.28,
Ligue 1,2021-2022,2021-10-30,Lyon,Lens,2,1,2.03,2.13,
Ligue 1,2021-2022,2021-10-31,Angers,Nice,1,2,1.21,0.9,
Ligue 1,2021-2022,2021-10-31,Bordeaux,Reims,3,2,1.95,1.81,
Ligue 1,2021-2022,2021-10-31,Montpellier,Nantes,2,0,1.47,0.86,
Ligue 1,2021-2022,2021-10-31,Strasbourg,Lorient,4,0,3.09,0.67,
Ligue 1,2021-2022,2021-10-31,Troyes,Rennes,2,2,1.8,1.51,
Ligue 1,2021-2022,2021-10-31,Brest,Monaco,2,0,1.77,0.51,
Ligue 1,2021-2022,2021-10-31,Clermont Foot,Marseille,0,1,0.74,1.25,
Ligue 1,2021-2022,2021-11-05,Lens,Troyes,4,0,3.17,0.54,
Ligue 1,2021-2022,2021-11-06,Lille,Angers,1,1,1.74,1.15,
Ligue 1,2021-2022,2021-11-06,Bordeaux,Paris Saint Germain,2,3,1.58,1.24,
Ligue 1,2021-2022,2021-11-07,Marseille,Metz,0,0,1.67,1.36,
Ligue 1,2021-2022,2021-11-07,Lorient,Brest,1,2,1.17,2.35,
Ligue 1,2021-2022,2021-11-07,Nantes,Strasbourg,2,2,2.26,1.92,
Ligue 1,2021-2022,2021-11-07,Reims,Monaco,0,0,0.34,0.97,
Ligue 1,2021-2022,2021-11-07,Saint-Etienne,Clermont Foot,3,2,2.06,1.3,
Ligue 1,2021-2022,2021-11-07,Nice,Montpellier,0,1,1.64,0.64,
Ligue 1,2021-2022,2021-11-07,Rennes,Lyon,4,1,3.98,0.95,
Ligue 1,2021-2022,2021-11-19,Monaco,Lille,2,2,0.94,2.16,
Ligue 1,2021-2022,2021-11-20,Paris Saint Germain,Nantes,3,1,1.27,1.0,
Ligue 1,2021-2022,2021-11-20,Rennes,Montpellier,2,0,4.0,0.3,
Ligue 1,2021-2022,2021-11-21,Brest,Lens,4,0,1.44,1.71,
Ligue 1,2021-2022,2021-11-21,Angers,Lorient,1,0,1.46,0.42,
Ligue 1,2021-2022,2021-11-21,Strasbourg,Reims,1,1,2.03,1.26,
Ligue 1,2021-2022,2021-11-21,Troyes,Saint-Etienne,0,1,1.19,1.24,
Ligue 1,2021-2022,2021-11-21,Metz,Bordeaux,3,3,1.33,2.68,
Ligue 1,2021-2022,2021-11-21,Clermont Foot,Nice,1,2,0.78,0.62,
Ligue 1,2021-2022,2021-11-26,Lens,Angers,2,2,1.6,2.0,
Ligue 1,2021-2022,2021-11-27,Lille,Nantes,1,1,1.47,0.36,
Ligue 1,2021-2022,2021-11-27,Nice,Metz,0,1,1.35,0.53,
Ligue 1,2021-2022,2021-11-28,Saint-Etienne,Paris Saint Germain,1,3,0.97,3.43,
Ligue 1,2021-2022,2021-11-28,Reims,Clermont Foot,1,0,0.71,0.27,
Ligue 1,2021-2022,2021-11-28,Bordeaux,Brest,1,2,1.46,2.27,
Ligue 1,2021-2022,2021-11-28,Lorient,Rennes,0,2,0.63,0.99,
Ligue 1,2021-2022,2021-11-28,Monaco,Strasbourg,1,1,1.58,0.95,
Ligue 1,2021-2022,2021-11-28,Montpellier,Lyon,0,1,1.02,1.18,
Ligue 1,2021-2022,2021-11-28,Marseille,Troyes,1,0,1.15,0.15,
Ligue 1,2021-2022,2021-12-01,Angers,Monaco,1,3,1.03,3.51,
Ligue 1,2021-2022,2021-12-01,Brest,Saint-Etienne,1,0,1.89,0.46,
Ligue 1,2021-2022,2021-12-01,Metz,Montpellier,1,3,1.48,1.41,
Ligue 1,2021-2022,2021-12-01,Strasbourg,Bordeaux,5,2,3.43,1.49,
Ligue 1,2021-2022,2021-12-01,Troyes,Lorient,2,0,1.12,0.43,
Ligue 1,2021-2022,2021-12-01,Clermont Foot,Lens,2,2,1.81,0.57,
Ligue 1,2021-2022,2021-12-01,Lyon,Reims,1,2,2.85,1.05,
Ligue 1,2021-2022,2021-12-01,Nantes,Marseille,0,1,0.17,1.64,
Ligue 1,2021-2022,2021-12-01,Paris Saint Germain,Nice,0,0,1.62,0.96,
Ligue 1,2021-2022,2021-12-01,Rennes,Lille,1,2,0.8,0.71,
Ligue 1,2021-2022,2021-12-04,Marseille,Brest,1,2,1.92,1.55,
Ligue 1,2021-2022,2021-12-04,Lille,Troyes,2,1,1.79,0.29,
Ligue 1,2021-2022,2021-12-04,Lens,Paris Saint Germain,1,1,0.82,2.29,
Ligue 1,2021-2022,2021-12-05,Saint-Etienne,Rennes,0,5,0.36,3.12,
Ligue 1,2021-2022,2021-12-05,Reims,Angers,1,2,1.34,1.77,
Ligue 1,2021-2022,2021-12-05,Lorient,Nantes,0,1,0.62,0.27,
Ligue 1,2021-2022,2021-12-05,Monaco,Metz,4,0,1.91,0.55,
Ligue 1,2021-2022,2021-12-05,Montpellier,Clermont Foot,1,0,0.86,0.39,
Ligue 1,2021-2022,2021-12-05,Nice,Strasbourg,0,3,1.37,2.73,
Ligue 1,2021-2022,2021-12-05,Bordeaux,Lyon,2,2,2.6,1.85,
Ligue 1,2021-2022,2021-12-10,Nantes,Lens,3,2,1.44,0.84,
Ligue 1,2021-2022,2021-12-11,Brest,Montpellier,0,4,0.69,1.68,
Ligue 1,2021-2022,2021-12-11,Reims,Saint-Etienne,2,0,2.72,0.12,
Ligue 1,2021-2022,2021-12-12,Lille,Lyon,0,0,2.16,0.42,
Ligue 1,2021-2022,2021-12-12,Rennes,Nice,1,2,1.61,1.8,
Ligue 1,2021-2022,2021-12-12,Angers,Clermont Foot,0,1,1.53,1.71,
Ligue 1,2021-2022,2021-12-12,Troyes,Bordeaux,1,2,1.27,1.14,
Ligue 1,2021-2022,2021-12-12,Metz,Lorient,4,1,1.14,1.71,
Ligue 1,2021-2022,2021-12-12,Strasbourg,Marseille,0,2,1.79,0.71,
Ligue 1,2021-2022,2021-12-12,Paris Saint Germain,Monaco,2,0,1.9,0.82,
Ligue 1,2021-2022,2021-12-22,Bordeaux,Lille,2,3,1.01,1.23,
Ligue 1,2021-2022,2021-12-22,Lorient,Paris Saint Germain,1,1,1.48,2.2,
Ligue 1,2021-2022,2021-12-22,Lyon,Metz,1,1,2.79,0.35,
Ligue 1,2021-2022,2021-12-22,Marseille,Reims,1,1,1.71,1.06,
Ligue 1,2021-2022,2021-12-22,Monaco,Rennes,2,1,1.63,1.29,
Ligue 1,2021-2022,2021-12-22,Montpellier,Angers,4,1,1.0,0.75,
Ligue 1,2021-2022,2021-12-22,Nice,Lens,2,1,0.87,1.72,
Ligue 1,2021-2022,2021-12-22,Saint-Etienne,Nantes,0,1,1.01,0.79,
Ligue 1,2021-2022,2021-12-22,Troyes,Brest,1,1,1.06,0.66,
Ligue 1,2021-2022,2022-01-07,Bordeaux,Marseille,0,1,0.41,2.16,
Ligue 1,2021-2022,2022-01-08,Lens,Rennes,1,0,0.58,0.33,
Ligue 1,2021-2022,2022-01-09,Brest,Nice,0,3,1.62,1.45,
Ligue 1,2021-2022,2022-01-09,Metz,Strasbourg,0,2,0.27,3.7,
Ligue 1,2021-2022,2022-01-09,Clermont Foot,Reims,0,0,0.76,0.81,
Ligue 1,2021-2022,2022-01-09,Nantes,Monaco,0,0,0.36,0.69,
Ligue 1,2021-2022,2022-01-09,Lyon,Paris Saint Germain,1,1,1.04,1.13,
Ligue 1,2021-2022,2022-01-14,Nice,Nantes,2,1,2.28,0.4,
Ligue 1,2021-2022,2022-01-15,Saint-Etienne,Lens,1,2,0.95,0.75,
Ligue 1,2021-2022,2022-01-15,Paris Saint Germain,Brest,2,0,2.71,0.72,
Ligue 1,2021-2022,2022-01-16,Rennes,Bordeaux,6,0,4.08,0.41,
Ligue 1,2021-2022,2022-01-16,Lorient,Angers,0,0,0.48,0.55,
Ligue 1,2021-2022,2022-01-16,Monaco,Clermont Foot,4,0,4.26,0.25,
Ligue 1,2021-2022,2022-01-16,Reims,Metz,0,1,0.65,0.71,
Ligue 1,2021-2022,2022-01-16,Strasbourg,Montpellier,3,1,1.46,1.03,
Ligue 1,2021-2022,2022-01-16,Troyes,Lyon,0,1,0.49,3.03,
Ligue 1,2021-2022,2022-01-16,Marseille,Lille,1,1,1.63,0.97,
Ligue 1,2021-2022,2022-01-19,Clermont Foot,Strasbourg,0,2,0.35,1.75,
Ligue 1,2021-2022,2022-01-19,Montpellier,Troyes,0,1,0.58,0.55,
Ligue 1,2021-2022,2022-01-19,Lille,Lorient,3,1,1.59,1.22,
Ligue 1,2021-2022,2022-01-21,Lyon,Saint-Etienne,1,0,2.19,0.24,
Ligue 1,2021-2022,2022-01-22,Brest,Lille,2,0,1.29,1.38,
Ligue 1,2021-2022,2022-01-22,Lens,Marseille,0,2,0.62,1.35,
Ligue 1,2021-2022,2022-01-23,Metz,Nice,0,2,0.23,1.95,
Ligue 1,2021-2022,2022-01-23,Angers,Troyes,2,1,2.3,1.64,
Ligue 1,2021-2022,2022-01-23,Bordeaux,Strasbourg,4,3,1.65,1.49,
Ligue 1,2021-2022,2022-01-23,Clermont Foot,Rennes,2,1,1.1,2.49,
Ligue 1,2021-2022,2022-01-23,Nantes,Lorient,4,2,1.4,2.03,
Ligue 1,2021-2022,2022-01-23,Montpellier,Monaco,3,2,2.23,1.24,
Ligue 1,2021-2022,2022-01-23,Paris Saint Germain,Reims,4,0,2.95,0.34,
Ligue 1,2021-2022,2022-01-26,Angers,Saint-Etienne,0,1,0.35,0.35,
Ligue 1,2021-2022,2022-02-02,Lyon,Marseille,2,1,1.55,1.12,
Ligue 1,2021-2022,2022-02-04,Marseille,Angers,5,2,2.35,0.69,
Ligue 1,2021-2022,2022-02-05,Saint-Etienne,Montpellier,3,1,2.12,0.7,
Ligue 1,2021-2022,2022-02-05,Monaco,Lyon,2,0,2.29,1.31,
Ligue 1,2021-2022,2022-02-06,Lorient,Lens,2,0,1.57,0.39,
Ligue 1,2021-2022,2022-02-06,Strasbourg,Nantes,1,0,1.33,0.26,
Ligue 1,2021-2022,2022-02-06,Troyes,Metz,0,0,0.44,0.57,
Ligue 1,2021-2022,2022-02-06,Nice,Clermont Foot,0,1,0.7,1.3,
Ligue 1,2021-2022,2022-02-06,Reims,Bordeaux,5,0,2.06,0.12,
Ligue 1,2021-2022,2022-02-06,Rennes,Brest,2,0,2.78,0.22,
Ligue 1,2021-2022,2022-02-06,Lille,Paris Saint Germain,1,5,0.86,3.04,
Ligue 1,2021-2022,2022-02-11,Paris Saint Germain,Rennes,1,0,0.8,0.59,
Ligue 1,2021-2022,2022-02-12,Montpellier,Lille,0,1,0.74,1.51,
Ligue 1,2021-2022,2022-02-12,Lyon,Nice,2,0,2.75,0.08,
Ligue 1,2021-2022,2022-02-13,Monaco,Lorient,0,0,1.31,0.13,
Ligue 1,2021-2022,2022-02-13,Nantes,Reims,1,0,0.66,0.61,
Ligue 1,2021-2022,2022-02-13,Angers,Strasbourg,0,1,0.26,0.34,
Ligue 1,2021-2022,2022-02-13,Brest,Troyes,5,1,2.77,0.79,
Ligue 1,2021-2022,2022-02-13,Clermont Foot,Saint-Etienne,1,2,0.83,1.19,
Ligue 1,2021-2022,2022-02-13,Lens,Bordeaux,3,2,2.19,0.76,
Ligue 1,2021-2022,2022-02-13,Metz,Marseille,1,2,0.79,2.32,
Ligue 1,2021-2022,2022-02-18,Lille,Metz,0,0,1.19,0.28,
Ligue 1,2021-2022,2022-02-19,Lens,Lyon,1,1,0.66,1.18,
Ligue 1,2021-2022,2022-02-19,Nantes,Paris Saint Germain,3,1,2.6,3.65,
Ligue 1,2021-2022,2022-02-20,Nice,Angers,1,0,1.3,0.98,
Ligue 1,2021-2022,2022-02-20,Saint-Etienne,Strasbourg,2,2,1.29,1.52,
Ligue 1,2021-2022,2022-02-20,Rennes,Troyes,4,1,3.26,0.76,
Ligue 1,2021-2022,2022-02-20,Reims,Brest,1,1,0.54,1.69,
Ligue 1,2021-2022,2022-02-20,Lorient,Montpellier,0,1,0.62,0.38,
Ligue 1,2021-2022,2022-02-20,Bordeaux,Monaco,1,1,0.85,0.95,
Ligue 1,2021-2022,2022-02-20,Marseille,Clermont Foot,0,2,1.02,0.77,
Ligue 1,2021-2022,2022-02-25,Montpellier,Rennes,2,4,1.17,1.82,
Ligue 1,2021-2022,2022-02-26,Strasbourg,Nice,0,0,1.03,0.15,
Ligue 1,2021-2022,2022-02-26,Paris Saint Germain,Saint-Etienne,3,1,2.82,0.64,
Ligue 1,2021-2022,2022-02-27,Monaco,Reims,1,2,1.75,1.67,
Ligue 1,2021-2022,2022-02-27,Angers,Lens,1,2,0.6,0.69,
Ligue 1,2021-2022,2022-02-27,Metz,Nantes,0,0,0.26,0.61,
Ligue 1,2021-2022,2022-02-27,Clermont Foot,Bordeaux,1,1,0.55,0.89,
Ligue 1,2021-2022,2022-02-27,Brest,Lorient,0,1,0.21,2.17,
Ligue 1,2021-2022,2022-02-27,Troyes,Marseille,1,1,2.01,1.02,
Ligue 1,2021-2022,2022-02-27,Lyon,Lille,0,1,1.49,0.74,
Ligue 1,2021-2022,2022-03-04,Lorient,Lyon,1,4,1.26,2.61,
Ligue 1,2021-2022,2022-03-05,Lens,Brest,0,1,1.83,0.37,
Ligue 1,2021-2022,2022-03-05,Nice,Paris Saint Germain,1,0,1.21,0.65,
Ligue 1,2021-2022,2022-03-06,Saint-Etienne,Metz,1,0,1.32,0.31,
Ligue 1,2021-2022,2022-03-06,Reims,Strasbourg,1,1,0.91,0.74,
Ligue 1,2021-2022,2022-03-06,Rennes,Angers,2,0,2.39,0.32,
Ligue 1,2021-2022,2022-03-06,Bordeaux,Troyes,0,2,0.88,2.3,
Ligue 1,2021-2022,2022-03-06,Nantes,Montpellier,2,0,1.56,0.2,
Ligue 1,2021-2022,2022-03-06,Lille,Clermont Foot,4,0,2.04,0.48,
Ligue 1,2021-2022,2022-03-06,Marseille,Monaco,0,1,0.87,0.69,
Ligue 1,2021-2022,2022-03-11,Lille,Saint-Etienne,0,0,1.25,0.49,
Ligue 1,2021-2022,2022-03-12,Montpellier,Nice,0,0,2.49,0.76,
Ligue 1,2021-2022,2022-03-12,Troyes,Nantes,1,0,1.19,0.49,
Ligue 1,2021-2022,2022-03-13,Paris Saint Germain,Bordeaux,3,0,2.05,0.76,
Ligue 1,2021-2022,2022-03-13,Angers,Reims,0,1,1.88,1.52,
Ligue 1,2021-2022,2022-03-13,Clermont Foot,Lorient,0,2,1.27,1.4,
Ligue 1,2021-2022,2022-03-13,Metz,Lens,0,0,0.7,0.82,
Ligue 1,2021-2022,2022-03-13,Strasbourg,Monaco,1,0,0.83,0.7,
Ligue 1,2021-2022,2022-03-13,Lyon,Rennes,2,4,1.19,1.28,
Ligue 1,2021-2022,2022-03-13,Brest,Marseille,1,4,0.42,1.95,
Ligue 1,2021-2022,2022-03-18,Saint-Etienne,Troyes,1,1,1.21,1.06,
Ligue 1,2021-2022,2022-03-19,Lens,Clermont Foot,3,1,1.07,1.75,
Ligue 1,2021-2022,2022-03-19,Nantes,Lille,0,1,0.53,1.58,
Ligue 1,2021-2022,2022-03-20,Monaco,Paris Saint Germain,3,0,2.5,1.51,
Ligue 1,2021-2022,2022-03-20,Angers,Brest,1,0,1.2,0.56,
Ligue 1,2021-2022,2022-03-20,Bordeaux,Montpellier,0,2,2.61,0.71,
Ligue 1,2021-2022,2022-03-20,Lorient,Strasbourg,0,0,0.41,1.34,
Ligue 1,2021-2022,2022-03-20,Rennes,Metz,6,1,3.4,0.69,
Ligue 1,2021-2022,2022-03-20,Reims,Lyon,0,0,0.55,1.59,
Ligue 1,2021-2022,2022-03-20,Marseille,Nice,2,1,1.59,1.69,
Ligue 1,2021-2022,2022-04-02,Nice,Rennes,1,1,1.06,0.9,
Ligue 1,2021-2022,2022-04-02,Lille,Bordeaux,0,0,3.18,0.11,
Ligue 1,2021-2022,2022-04-03,Strasbourg,Lens,1,0,2.66,1.22,
Ligue 1,2021-2022,2022-04-03,Clermont Foot,Nantes,2,3,0.92,1.96,
Ligue 1,2021-2022,2022-04-03,Metz,Monaco,1,2,0.7,2.16,
Ligue 1,2021-2022,2022-04-03,Montpellier,Brest,1,2,1.26,0.7,
Ligue 1,2021-2022,2022-04-03,Troyes,Reims,1,0,1.17,0.48,
Ligue 1,2021-2022,2022-04-03,Lyon,Angers,3,2,1.58,1.68,
Ligue 1,2021-2022,2022-04-03,Paris Saint Germain,Lorient,5,1,1.96,0.84,
Ligue 1,2021-2022,2022-04-03,Saint-Etienne,Marseille,2,4,0.21,3.74,
Ligue 1,2021-2022,2022-04-08,Lorient,Saint-Etienne,6,2,4.14,1.17,
Ligue 1,2021-2022,2022-04-09,Reims,Rennes,2,3,2.57,1.13,
Ligue 1,2021-2022,2022-04-09,Clermont Foot,Paris Saint Germain,1,6,1.03,3.57,
Ligue 1,2021-2022,2022-04-10,Bordeaux,Metz,3,1,2.29,0.34,
Ligue 1,2021-2022,2022-04-10,Angers,Lille,1,1,0.68,0.9,
Ligue 1,2021-2022,2022-04-10,Brest,Nantes,1,1,1.26,0.78,
Ligue 1,2021-2022,2022-04-10,Monaco,Troyes,2,1,0.44,0.97,
Ligue 1,2021-2022,2022-04-10,Lens,Nice,3,0,0.79,1.38,
Ligue 1,2021-2022,2022-04-10,Strasbourg,Lyon,1,1,1.45,2.1,
Ligue 1,2021-2022,2022-04-10,Marseille,Montpellier,2,0,2.81,0.48,
Ligue 1,2021-2022,2022-04-15,Rennes,Monaco,2,3,2.28,2.96,
Ligue 1,2021-2022,2022-04-16,Saint-Etienne,Brest,2,1,1.84,0.49,
Ligue 1,2021-2022,2022-04-16,Lille,Lens,1,2,0.66,1.15,
Ligue 1,2021-2022,2022-04-17,Nice,Lorient,2,1,2.2,0.25,
Ligue 1,2021-2022,2022-04-17,Metz,Clermont Foot,1,1,0.4,2.74,
Ligue 1,2021-2022,2022-04-17,Montpellier,Reims,0,0,0.91,1.19,
Ligue 1,2021-2022,2022-04-17,Nantes,Angers,1,1,3.4,0.42,
Ligue 1,2021-2022,2022-04-17,Troyes,Strasbourg,1,1,1.33,1.83,
Ligue 1,2021-2022,2022-04-17,Lyon,Bordeaux,6,1,2.49,1.86,
Ligue 1,2021-2022,2022-04-17,Paris Saint Germain,Marseille,2,1,1.39,0.3,
Ligue 1,2021-2022,2022-04-20,Bordeaux,Saint-Etienne,2,2,0.93,0.86,
Ligue 1,2021-2022,2022-04-20,Lorient,Metz,1,0,1.25,1.7,
Ligue 1,2021-2022,2022-04-20,Monaco,Nice,1,0,2.07,0.76,
Ligue 1,2021-2022,2022-04-20,Reims,Lille,2,1,0.73,0.94,
Ligue 1,2021-2022,2022-04-20,Troyes,Clermont Foot,0,1,1.0,0.41,
Ligue 1,2021-2022,2022-04-20,Angers,Paris Saint Germain,0,3,0.4,1.42,
Ligue 1,2021-2022,2022-04-20,Brest,Lyon,2,1,1.15,2.63,
Ligue 1,2021-2022,2022-04-20,Lens,Montpellier,2,0,0.99,0.22,
Ligue 1,2021-2022,2022-04-20,Marseille,Nantes,3,2,3.12,0.61,
Ligue 1,2021-2022,2022-04-20,Strasbourg,Rennes,2,1,2.62,0.85,
Ligue 1,2021-2022,2022-04-23,Lyon,Montpellier,5,2,3.39,2.02,
Ligue 1,2021-2022,2022-04-23,Saint-Etienne,Monaco,1,4,0.97,3.28,
Ligue 1,2021-2022,2022-04-23,Paris Saint Germain,Lens,1,1,2.18,0.67,
Ligue 1,2021-2022,2022-04-24,Rennes,Lorient,5,0,1.75,0.53,
Ligue 1,2021-2022,2022-04-24,Clermont Foot,Angers,2,2,1.74,1.4,
Ligue 1,2021-2022,2022-04-24,Metz,Brest,0,1,0.39,1.93,
Ligue 1,2021-2022,2022-04-24,Nantes,Bordeaux,5,3,2.54,2.61,
Ligue 1,2021-2022,2022-04-24,Nice,Troyes,1,0,2.36,0.47,
Ligue 1,2021-2022,2022-04-24,Lille,Strasbourg,1,0,0.35,0.52,
Ligue 1,2021-2022,2022-04-24,Reims,Marseille,0,1,0.66,0.46,
Ligue 1,2021-2022,2022-04-29,Strasbourg,Paris Saint Germain,3,3,1.63,1.95,
Ligue 1,2021-2022,2022-04-30,Lens,Nantes,2,2,1.81,1.26,
Ligue 1,2021-2022,2022-04-30,Rennes,Saint-Etienne,2,0,1.29,0.57,
Ligue 1,2021-2022,2022-05-01,Troyes,Lille,3,0,3.0,0.6,
Ligue 1,2021-2022,2022-05-01,Lorient,Reims,1,2,1.74,1.4,
Ligue 1,2021-2022,2022-05-01,Monaco,Angers,2,0,2.22,0.61,
Ligue 1,2021-2022,2022-05-01,Montpellier,Metz,2,2,2.0,1.33,
Ligue 1,2021-2022,2022-05-01,Brest,Clermont Foot,2,0,1.32,0.99,
Ligue 1,2021-2022,2022-05-01,Bordeaux,Nice,0,1,0.18,2.54,
Ligue 1,2021-2022,2022-05-01,Marseille,Lyon,0,3,1.26,2.74,
Ligue 1,2021-2022,2022-05-06,Lille,Monaco,1,2,0.96,0.3,
Ligue 1,2021-2022,2022-05-07,Brest,Strasbourg,0,1,0.77,2.19,
Ligue 1,2021-2022,2022-05-08,Metz,Lyon,3,2,1.96,2.46,
Ligue 1,2021-2022,2022-05-08,Reims,Lens,1,2,0.35,1.31,
Ligue 1,2021-2022,2022-05-08,Clermont Foot,Montpellier,2,1,1.81,1.11,
Ligue 1,2021-2022,2022-05-08,Angers,Bordeaux,4,1,2.4,0.7,
Ligue 1,2021-2022,2022-05-08,Lorient,Marseille,0,3,0.22,2.43,
Ligue 1,2021-2022,2022-05-08,Paris Saint Germain,Troyes,2,2,2.0,1.96,
Ligue 1,2021-2022,2022-05-11,Nice,Saint-Etienne,4,2,1.28,1.91,
Ligue 1,2021-2022,2022-05-11,Nantes,Rennes,2,1,1.24,1.54,
Ligue 1,2021-2022,2022-05-14,Troyes,Lens,1,3,0.2,0.86,
Ligue 1,2021-2022,2022-05-14,Strasbourg,Clermont Foot,1,0,0.64,0.4,
Ligue 1,2021-2022,2022-05-14,Saint-Etienne,Reims,1,2,1.63,2.13,
Ligue 1,2021-2022,2022-05-14,Bordeaux,Lorient,0,0,1.04,0.61,
Ligue 1,2021-2022,2022-05-14,Rennes,Marseille,2,0,1.2,0.3,
Ligue 1,2021-2022,2022-05-14,Nice,Lille,1,3,0.99,2.52,
Ligue 1,2021-2022,2022-05-14,Montpellier,Paris Saint Germain,0,4,0.29,2.58,
Ligue 1,2021-2022,2022-05-14,Monaco,Brest,4,2,3.85,1.99,
Ligue 1,2021-2022,2022-05-14,Metz,Angers,1,0,0.74,0.61,
Ligue 1,2021-2022,2022-05-14,Lyon,Nantes,3,2,3.13,1.28,
Ligue 1,2021-2022,2022-05-21,Lens,Monaco,2,2,1.55,2.06,
Ligue 1,2021-2022,2022-05-21,Lille,Rennes,2,2,1.71,1.14,
Ligue 1,2021-2022,2022-05-21,Lorient,Troyes,1,1,1.15,0.6,
Ligue 1,2021-2022,2022-05-21,Marseille,Strasbourg,4,0,2.1,1.46,
Ligue 1,2021-2022,2022-05-21,Nantes,Saint-Etienne,1,1,1.85,1.79,
Ligue 1,2021-2022,2022-05-21,Paris Saint Germain,Metz,5,0,5.57,0.69,
Ligue 1,2021-2022,2022-05-21,Reims,Nice,2,3,0.67,1.88,
Ligue 1,2021-2022,2022-05-21,Clermont Foot,Lyon,1,2,2.31,2.47,
Ligue 1,2021-2022,2022-05-21,Brest,Bordeaux,2,4,1.22,3.43,
Ligue 1,2021-2022,2022-05-21,Angers,Montpellier,2,0,2.26,1.3,
Ligue 1,2022-2023,2022-08-05,Lyon,Ajaccio,2,1,1.86,1.14,
Ligue 1,2022-2023,2022-08-06,Strasbourg,Monaco,1,2,1.39,2.48,
Ligue 1,2022-2023,2022-08-06,Clermont Foot,Paris Saint Germain,0,5,0.19,4.12,
Ligue 1,2022-2023,2022-08-07,Toulouse,Nice,1,1,1.85,0.7,
Ligue 1,2022-2023,2022-08-07,Lille,Auxerre,4,1,1.3,0.77,
Ligue 1,2022-2023,2022-08-07,Montpellier,Troyes,3,2,1.58,1.84,
Ligue 1,2022-2023,2022-08-07,Angers,Nantes,0,0,1.92,1.15,
Ligue 1,2022-2023,2022-08-07,Lens,Brest,3,2,3.32,1.04,
Ligue 1,2022-2023,2022-08-07,Rennes,Lorient,0,1,1.4,0.71,
Ligue 1,2022-2023,2022-08-07,Marseille,Reims,4,1,2.77,0.68,
Ligue 1,2022-2023,2022-08-12,Nantes,Lille,1,1,2.08,2.53,
Ligue 1,2022-2023,2022-08-13,Monaco,Rennes,1,1,2.4,2.02,
Ligue 1,2022-2023,2022-08-13,Paris Saint Germain,Montpellier,5,2,3.34,0.78,
Ligue 1,2022-2023,2022-08-14,Ajaccio,Lens,0,0,0.71,1.03,
Ligue 1,2022-2023,2022-08-14,Auxerre,Angers,2,2,0.9,1.66,
Ligue 1,2022-2023,2022-08-14,Reims,Clermont Foot,2,4,2.65,1.57,
Ligue 1,2022-2023,2022-08-14,Troyes,Toulouse,0,3,0.93,2.08,
Ligue 1,2022-2023,2022-08-14,Nice,Strasbourg,1,1,1.51,1.57,
Ligue 1,2022-2023,2022-08-14,Brest,Marseille,1,1,1.64,1.31,
Ligue 1,2022-2023,2022-08-19,Lyon,Troyes,4,1,3.55,0.95,
Ligue 1,2022-2023,2022-08-20,Monaco,Lens,1,4,2.28,2.46,
Ligue 1,2022-2023,2022-08-20,Marseille,Nantes,2,1,1.72,2.36,
Ligue 1,2022-2023,2022-08-21,Strasbourg,Reims,1,1,1.45,2.04,
Ligue 1,2022-2023,2022-08-21,Angers,Brest,1,3,1.05,2.23,
Ligue 1,2022-2023,2022-08-21,Clermont Foot,Nice,1,0,0.71,1.63,
Ligue 1,2022-2023,2022-08-21,Montpellier,Auxerre,1,2,0.6,1.29,
Ligue 1,2022-2023,2022-08-21,Toulouse,Lorient,2,2,2.48,2.97,
Ligue 1,2022-2023,2022-08-21,Rennes,Ajaccio,2,1,0.98,1.44,
Ligue 1,2022-2023,2022-08-21,Lille,Paris Saint Germain,1,7,1.5,4.37,
Ligue 1,2022-2023,2022-08-26,Ajaccio,Lille,1,3,0.51,1.81,
Ligue 1,2022-2023,2022-08-27,Auxerre,Strasbourg,1,0,0.77,1.66,
Ligue 1,2022-2023,2022-08-27,Lens,Rennes,2,1,1.16,0.89,
Ligue 1,2022-2023,2022-08-28,Nantes,Toulouse,3,1,1.8,0.53,
Ligue 1,2022-2023,2022-08-28,Lorient,Clermont Foot,2,1,3.47,0.43,
Ligue 1,2022-2023,2022-08-28,Nice,Marseille,0,3,0.8,1.41,
Ligue 1,2022-2023,2022-08-28,Brest,Montpellier,0,7,0.16,2.21,
Ligue 1,2022-2023,2022-08-28,Troyes,Angers,3,1,2.23,1.0,
Ligue 1,2022-2023,2022-08-28,Reims,Lyon,1,1,0.89,1.37,
Ligue 1,2022-2023,2022-08-28,Paris Saint Germain,Monaco,1,1,2.72,0.24,
Ligue 1,2022-2023,2022-08-31,Monaco,Troyes,2,4,1.69,2.68,
Ligue 1,2022-2023,2022-08-31,Angers,Reims,2,4,1.43,2.35,
Ligue 1,2022-2023,2022-08-31,Montpellier,Ajaccio,2,0,1.82,0.89,
Ligue 1,2022-2023,2022-08-31,Lyon,Auxerre,2,1,3.34,0.41,
Ligue 1,2022-2023,2022-08-31,Strasbourg,Nantes,1,1,0.26,0.58,
Ligue 1,2022-2023,2022-08-31,Lille,Nice,1,2,0.94,1.54,
Ligue 1,2022-2023,2022-08-31,Marseille,Clermont Foot,1,0,2.51,0.16,
Ligue 1,2022-2023,2022-08-31,Lens,Lorient,5,2,3.01,1.45,
Ligue 1,2022-2023,2022-08-31,Rennes,Brest,3,1,1.44,0.27,
Ligue 1,2022-2023,2022-08-31,Toulouse,Paris Saint Germain,0,3,0.58,3.94,
Ligue 1,2022-2023,2022-09-03,Auxerre,Marseille,0,2,0.62,1.54,
Ligue 1,2022-2023,2022-09-03,Lyon,Angers,5,0,1.41,0.69,
Ligue 1,2022-2023,2022-09-03,Nantes,Paris Saint Germain,0,3,0.41,3.5,
Ligue 1,2022-2023,2022-09-04,Montpellier,Lille,1,3,0.46,1.28,
Ligue 1,2022-2023,2022-09-04,Ajaccio,Lorient,0,1,0.52,0.51,
Ligue 1,2022-2023,2022-09-04,Clermont Foot,Toulouse,2,0,1.51,1.45,
Ligue 1,2022-2023,2022-09-04,Brest,Strasbourg,1,1,0.73,2.65,
Ligue 1,2022-2023,2022-09-04,Reims,Lens,1,1,1.76,2.23,
Ligue 1,2022-2023,2022-09-04,Troyes,Rennes,1,1,0.56,2.61,
Ligue 1,2022-2023,2022-09-04,Nice,Monaco,0,1,1.13,1.17,
Ligue 1,2022-2023,2022-09-07,Lorient,Lyon,3,1,1.49,2.3,
Ligue 1,2022-2023,2022-09-09,Lens,Troyes,1,0,1.45,0.67,
Ligue 1,2022-2023,2022-09-10,Paris Saint Germain,Brest,1,0,2.01,1.34,
Ligue 1,2022-2023,2022-09-10,Marseille,Lille,2,1,2.26,0.77,
Ligue 1,2022-2023,2022-09-11,Strasbourg,Clermont Foot,0,0,2.6,0.96,
Ligue 1,2022-2023,2022-09-11,Ajaccio,Nice,0,1,0.43,1.05,
Ligue 1,2022-2023,2022-09-11,Angers,Montpellier,2,1,2.91,1.03,
Ligue 1,2022-2023,2022-09-11,Lorient,Nantes,3,2,1.3,0.59,
Ligue 1,2022-2023,2022-09-11,Toulouse,Reims,1,0,2.11,0.46,
Ligue 1,2022-2023,2022-09-11,Rennes,Auxerre,5,0,3.73,0.44,
Ligue 1,2022-2023,2022-09-11,Monaco,Lyon,2,1,1.65,2.28,
Ligue 1,2022-2023,2022-09-16,Auxerre,Lorient,1,3,2.27,3.49,
Ligue 1,2022-2023,2022-09-17,Montpellier,Strasbourg,2,1,1.82,0.62,
Ligue 1,2022-2023,2022-09-17,Lille,Toulouse,2,1,1.17,0.88,
Ligue 1,2022-2023,2022-09-18,Reims,Monaco,0,3,0.3,2.07,
Ligue 1,2022-2023,2022-09-18,Clermont Foot,Troyes,1,3,1.26,1.37,
Ligue 1,2022-2023,2022-09-18,Nice,Angers,0,1,0.97,2.08,
Ligue 1,2022-2023,2022-09-18,Marseille,Rennes,1,1,1.06,0.86,
Ligue 1,2022-2023,2022-09-18,Brest,Ajaccio,0,1,0.72,0.51,
Ligue 1,2022-2023,2022-09-18,Nantes,Lens,0,0,0.78,0.97,
Ligue 1,2022-2023,2022-09-18,Lyon,Paris Saint Germain,0,1,0.89,1.53,
Ligue 1,2022-2023,2022-09-30,Angers,Marseille,0,3,1.29,2.38,
Ligue 1,2022-2023,2022-10-01,Strasbourg,Rennes,1,3,1.15,2.24,
Ligue 1,2022-2023,2022-10-01,Paris Saint Germain,Nice,2,1,0.75,0.69,
Ligue 1,2022-2023,2022-10-02,Lorient,Lille,2,1,0.51,1.83,
Ligue 1,2022-2023,2022-10-02,Ajaccio,Clermont Foot,1,3,1.28,1.29,
Ligue 1,2022-2023,2022-10-02,Auxerre,Brest,1,1,1.21,0.69,
Ligue 1,2022-2023,2022-10-02,Toulouse,Montpellier,4,2,1.93,1.73,
Ligue 1,2022-2023,2022-10-02,Troyes,Reims,2,2,1.74,1.49,
Ligue 1,2022-2023,2022-10-02,Monaco,Nantes,4,1,2.18,0.41,
Ligue 1,2022-2023,2022-10-02,Lens,Lyon,1,0,2.99,0.08,
Ligue 1,2022-2023,2022-10-07,Lyon,Toulouse,1,1,1.74,0.58,
Ligue 1,2022-2023,2022-10-08,Marseille,Ajaccio,1,2,1.66,0.16,
Ligue 1,2022-2023,2022-10-08,Reims,Paris Saint Germain,0,0,1.92,1.07,
Ligue 1,2022-2023,2022-10-09,Montpellier,Monaco,0,2,0.56,1.44,
Ligue 1,2022-2023,2022-10-09,Angers,Strasbourg,2,3,2.09,2.88,
Ligue 1,2022-2023,2022-10-09,Clermont Foot,Auxerre,2,1,1.42,1.01,
Ligue 1,2022-2023,2022-10-09,Nice,Troyes,3,2,2.7,1.65,
Ligue 1,2022-2023,2022-10-09,Brest,Lorient,1,2,1.0,1.14,
Ligue 1,2022-2023,2022-10-09,Rennes,Nantes,3,0,2.86,0.44,
Ligue 1,2022-2023,2022-10-09,Lille,Lens,1,0,2.38,1.05,
Ligue 1,2022-2023,2022-10-14,Strasbourg,Lille,0,3,0.37,2.59,
Ligue 1,2022-2023,2022-10-15,Lorient,Reims,0,0,1.05,0.37,
Ligue 1,2022-2023,2022-10-15,Lens,Montpellier,1,0,2.31,0.31,
Ligue 1,2022-2023,2022-10-16,Toulouse,Angers,3,2,2.47,1.51,
Ligue 1,2022-2023,2022-10-16,Auxerre,Nice,1,1,0.53,1.67,
Ligue 1,2022-2023,2022-10-16,Nantes,Brest,4,1,3.46,0.6,
Ligue 1,2022-2023,2022-10-16,Rennes,Lyon,3,2,1.7,1.54,
Ligue 1,2022-2023,2022-10-16,Troyes,Ajaccio,1,1,0.43,1.84,
Ligue 1,2022-2023,2022-10-16,Monaco,Clermont Foot,1,1,1.01,2.5,
Ligue 1,2022-2023,2022-10-16,Paris Saint Germain,Marseille,1,0,3.0,0.78,
Ligue 1,2022-2023,2022-10-21,Ajaccio,Paris Saint Germain,0,3,0.3,2.91,
Ligue 1,2022-2023,2022-10-22,Montpellier,Lyon,1,2,0.81,2.78,
Ligue 1,2022-2023,2022-10-22,Marseille,Lens,0,1,2.0,0.61,
Ligue 1,2022-2023,2022-10-23,Angers,Rennes,1,2,0.94,2.45,
Ligue 1,2022-2023,2022-10-23,Clermont Foot,Brest,1,3,0.7,2.73,
Ligue 1,2022-2023,2022-10-23,Reims,Auxerre,2,1,2.48,0.47,
Ligue 1,2022-2023,2022-10-23,Toulouse,Strasbourg,2,2,1.87,1.63,
Ligue 1,2022-2023,2022-10-23,Troyes,Lorient,2,2,1.14,1.54,
Ligue 1,2022-2023,2022-10-23,Nice,Nantes,1,1,1.34,1.28,
Ligue 1,2022-2023,2022-10-23,Lille,Monaco,4,3,2.5,1.76,
Ligue 1,2022-2023,2022-10-28,Lens,Toulouse,3,0,2.64,0.85,
Ligue 1,2022-2023,2022-10-29,Paris Saint Germain,Troyes,4,3,2.68,1.6,
Ligue 1,2022-2023,2022-10-29,Strasbourg,Marseille,2,2,0.89,1.94,
Ligue 1,2022-2023,2022-10-30,Auxerre,Ajaccio,1,0,0.93,0.5,
Ligue 1,2022-2023,2022-10-30,Monaco,Angers,2,0,1.94,0.44,
Ligue 1,2022-2023,2022-10-30,Nantes,Clermont Foot,1,1,1.95,0.71,
Ligue 1,2022-2023,2022-10-30,Brest,Reims,0,0,1.55,0.98,
Ligue 1,2022-2023,2022-10-30,Rennes,Montpellier,3,0,1.54,0.98,
Ligue 1,2022-2023,2022-10-30,Lorient,Nice,1,2,1.29,2.2,
Ligue 1,2022-2023,2022-10-30,Lyon,Lille,1,0,1.19,1.62,
Ligue 1,2022-2023,2022-11-04,Troyes,Auxerre,1,1,1.94,1.46,
Ligue 1,2022-2023,2022-11-05,Ajaccio,Strasbourg,4,2,3.69,0.67,
Ligue 1,2022-2023,2022-11-05,Angers,Lens,1,2,0.83,2.18,
Ligue 1,2022-2023,2022-11-06,Lorient,Paris Saint Germain,1,2,0.81,2.36,
Ligue 1,2022-2023,2022-11-06,Clermont Foot,Montpellier,1,1,3.88,1.22,
Ligue 1,2022-2023,2022-11-06,Nice,Brest,1,0,0.81,1.08,
Ligue 1,2022-2023,2022-11-06,Reims,Nantes,1,0,3.71,0.51,
Ligue 1,2022-2023,2022-11-06,Toulouse,Monaco,0,2,0.57,2.03,
Ligue 1,2022-2023,2022-11-06,Lille,Rennes,1,1,2.73,0.8,
Ligue 1,2022-2023,2022-11-06,Marseille,Lyon,1,0,1.07,0.63,
Ligue 1,2022-2023,2022-11-11,Lyon,Nice,1,1,1.16,1.71,
Ligue 1,2022-2023,2022-11-12,Lens,Clermont Foot,2,1,1.42,0.21,
Ligue 1,2022-2023,2022-11-12,Rennes,Toulouse,2,1,1.95,1.12,
Ligue 1,2022-2023,2022-11-13,Paris Saint Germain,Auxerre,5,0,2.22,0.6,
Ligue 1,2022-2023,2022-11-13,Nantes,Ajaccio,2,2,0.98,2.41,
Ligue 1,2022-2023,2022-11-13,Lille,Angers,1,0,1.08,0.45,
Ligue 1,2022-2023,2022-11-13,Montpellier,Reims,1,1,2.07,2.13,
Ligue 1,2022-2023,2022-11-13,Brest,Troyes,2,1,2.21,0.44,
Ligue 1,2022-2023,2022-11-13,Strasbourg,Lorient,1,1,1.85,0.88,
Ligue 1,2022-2023,2022-11-13,Monaco,Marseille,2,3,1.53,2.71,
Ligue 1,2022-2023,2022-12-28,Ajaccio,Angers,1,0,1.69,2.13,
Ligue 1,2022-2023,2022-12-28,Troyes,Nantes,0,0,0.2,1.71,
Ligue 1,2022-2023,2022-12-28,Auxerre,Monaco,2,3,1.33,1.36,
Ligue 1,2022-2023,2022-12-28,Clermont Foot,Lille,0,2,0.51,1.79,
Ligue 1,2022-2023,2022-12-28,Paris Saint Germain,Strasbourg,2,1,2.12,1.14,
Ligue 1,2022-2023,2022-12-28,Brest,Lyon,2,4,1.14,3.19,
Ligue 1,2022-2023,2022-12-29,Lorient,Montpellier,0,2,1.13,2.0,
Ligue 1,2022-2023,2022-12-29,Reims,Rennes,3,1,1.37,1.57,
Ligue 1,2022-2023,2022-12-29,Nice,Lens,0,0,1.2,1.18,
Ligue 1,2022-2023,2022-12-29,Marseille,Toulouse,6,1,3.91,1.73,
Ligue 1,2022-2023,2023-01-01,Monaco,Brest,1,0,1.11,0.98,
Ligue 1,2022-2023,2023-01-01,Angers,Lorient,1,2,2.17,0.44,
Ligue 1,2022-2023,2023-01-01,Nantes,Auxerre,1,0,0.87,0.94,
Ligue 1,2022-2023,2023-01-01,Toulouse,Ajaccio,2,0,1.34,0.04,
Ligue 1,2022-2023,2023-01-01,Lyon,Clermont Foot,0,1,0.74,1.21,
Ligue 1,2022-2023,2023-01-01,Lens,Paris Saint Germain,3,1,1.8,1.98,
Ligue 1,2022-2023,2023-01-02,Strasbourg,Troyes,2,3,1.15,1.33,
Ligue 1,2022-2023,2023-01-02,Lille,Reims,1,1,2.69,1.24,
Ligue 1,2022-2023,2023-01-02,Montpellier,Marseille,1,2,1.11,1.34,
Ligue 1,2022-2023,2023-01-02,Rennes,Nice,2,1,1.78,0.4,
Ligue 1,2022-2023,2023-01-11,Ajaccio,Reims,0,1,0.81,1.16,
Ligue 1,2022-2023,2023-01-11,Auxerre,Toulouse,0,5,1.2,2.33,
Ligue 1,2022-2023,2023-01-11,Clermont Foot,Rennes,2,1,1.93,0.9,
Ligue 1,2022-2023,2023-01-11,Nantes,Lyon,0,0,1.24,0.72,
Ligue 1,2022-2023,2023-01-11,Brest,Lille,0,0,0.57,0.95,
Ligue 1,2022-2023,2023-01-11,Lorient,Monaco,2,2,1.41,1.62,
Ligue 1,2022-2023,2023-01-11,Nice,Montpellier,6,1,3.48,0.23,
Ligue 1,2022-2023,2023-01-11,Paris Saint Germain,Angers,2,0,1.66,0.34,
Ligue 1,2022-2023,2023-01-11,Strasbourg,Lens,2,2,1.15,1.5,
Ligue 1,2022-2023,2023-01-11,Troyes,Marseille,0,2,0.21,2.65,
Ligue 1,2022-2023,2023-01-14,Lens,Auxerre,1,0,1.7,0.17,
Ligue 1,2022-2023,2023-01-14,Marseille,Lorient,3,1,2.03,0.49,
Ligue 1,2022-2023,2023-01-14,Lyon,Strasbourg,1,2,2.47,1.15,
Ligue 1,2022-2023,2023-01-15,Lille,Troyes,5,1,4.31,0.98,
Ligue 1,2022-2023,2023-01-15,Angers,Clermont Foot,1,2,0.39,2.11,
Ligue 1,2022-2023,2023-01-15,Montpellier,Nantes,0,3,1.11,0.9,
Ligue 1,2022-2023,2023-01-15,Reims,Nice,0,0,0.98,0.67,
Ligue 1,2022-2023,2023-01-15,Toulouse,Brest,1,1,1.55,0.75,
Ligue 1,2022-2023,2023-01-15,Monaco,Ajaccio,7,1,4.17,0.22,
Ligue 1,2022-2023,2023-01-15,Rennes,Paris Saint Germain,1,0,1.06,0.6,
Ligue 1,2022-2023,2023-01-27,Lorient,Rennes,2,1,0.99,1.94,
Ligue 1,2022-2023,2023-01-28,Troyes,Lens,1,1,0.94,2.43,
Ligue 1,2022-2023,2023-01-28,Marseille,Monaco,1,1,1.77,1.55,
Ligue 1,2022-2023,2023-01-29,Nice,Lille,1,0,1.39,2.07,
Ligue 1,2022-2023,2023-01-29,Auxerre,Montpellier,0,2,1.79,0.79,
Ligue 1,2022-2023,2023-01-29,Clermont Foot,Nantes,0,0,0.64,0.12,
Ligue 1,2022-2023,2023-01-29,Strasbourg,Toulouse,1,2,0.9,2.05,
Ligue 1,2022-2023,2023-01-29,Brest,Angers,4,0,1.62,1.0,
Ligue 1,2022-2023,2023-01-29,Ajaccio,Lyon,0,2,1.45,2.03,
Ligue 1,2022-2023,2023-01-29,Paris Saint Germain,Reims,1,1,1.99,1.63,
Ligue 1,2022-2023,2023-02-01,Angers,Ajaccio,1,2,0.41,1.19,
Ligue 1,2022-2023,2023-02-01,Nantes,Marseille,0,2,1.4,1.94,
Ligue 1,2022-2023,2023-02-01,Lille,Clermont Foot,0,0,1.75,1.54,
Ligue 1,2022-2023,2023-02-01,Reims,Lorient,4,2,3.61,0.71,
Ligue 1,2022-2023,2023-02-01,Toulouse,Troyes,4,1,2.95,1.25,
Ligue 1,2022-2023,2023-02-01,Monaco,Auxerre,3,2,1.98,1.13,
Ligue 1,2022-2023,2023-02-01,Montpellier,Paris Saint Germain,1,3,0.27,4.0,
Ligue 1,2022-2023,2023-02-01,Lyon,Brest,0,0,2.3,0.51,
Ligue 1,2022-2023,2023-02-01,Lens,Nice,0,1,0.4,2.16,
Ligue 1,2022-2023,2023-02-01,Rennes,Strasbourg,3,0,1.26,0.14,
Ligue 1,2022-2023,2023-02-04,Paris Saint Germain,Toulouse,2,1,1.8,0.73,
Ligue 1,2022-2023,2023-02-04,Troyes,Lyon,1,3,0.7,1.31,
Ligue 1,2022-2023,2023-02-04,Rennes,Lille,1,3,2.19,2.35,
Ligue 1,2022-2023,2023-02-05,Clermont Foot,Monaco,0,2,0.28,1.47,
Ligue 1,2022-2023,2023-02-05,Ajaccio,Nantes,0,2,0.22,1.57,
Ligue 1,2022-2023,2023-02-05,Auxerre,Reims,0,0,0.61,0.41,
Ligue 1,2022-2023,2023-02-05,Lorient,Angers,0,0,0.69,0.58,
Ligue 1,2022-2023,2023-02-05,Strasbourg,Montpellier,2,0,1.52,0.61,
Ligue 1,2022-2023,2023-02-05,Brest,Lens,1,1,2.17,2.26,
Ligue 1,2022-2023,2023-02-05,Marseille,Nice,1,3,2.61,1.48,
Ligue 1,2022-2023,2023-02-10,Nice,Ajaccio,3,0,0.57,0.26,
Ligue 1,2022-2023,2023-02-11,Monaco,Paris Saint Germain,3,1,3.8,0.93,
Ligue 1,2022-2023,2023-02-11,Clermont Foot,Marseille,0,2,1.09,2.11,
Ligue 1,2022-2023,2023-02-12,Toulouse,Rennes,3,1,2.71,1.2,
Ligue 1,2022-2023,2023-02-12,Angers,Auxerre,1,1,0.45,2.49,
Ligue 1,2022-2023,2023-02-12,Lille,Strasbourg,2,0,3.65,0.17,
Ligue 1,2022-2023,2023-02-12,Montpellier,Brest,3,0,3.95,0.47,
Ligue 1,2022-2023,2023-02-12,Reims,Troyes,4,0,2.11,0.57,
Ligue 1,2022-2023,2023-02-12,Nantes,Lorient,1,0,1.64,1.63,
Ligue 1,2022-2023,2023-02-12,Lyon,Lens,2,1,1.53,1.31,
Ligue 1,2022-2023,2023-02-17,Auxerre,Lyon,2,1,1.35,0.72,
Ligue 1,2022-2023,2023-02-18,Nice,Reims,0,0,1.53,1.29,
Ligue 1,2022-2023,2023-02-18,Strasbourg,Angers,2,1,1.95,1.05,
Ligue 1,2022-2023,2023-02-19,Paris Saint Germain,Lille,4,3,2.1,3.21,
Ligue 1,2022-2023,2023-02-19,Lorient,Ajaccio,3,0,2.44,0.59,
Ligue 1,2022-2023,2023-02-19,Brest,Monaco,1,2,0.77,1.61,
Ligue 1,2022-2023,2023-02-19,Rennes,Clermont Foot,2,0,1.67,0.87,
Ligue 1,2022-2023,2023-02-19,Troyes,Montpellier,0,1,0.09,1.08,
Ligue 1,2022-2023,2023-02-19,Lens,Nantes,3,1,3.13,0.24,
Ligue 1,2022-2023,2023-02-19,Toulouse,Marseille,2,3,2.1,1.22,
Ligue 1,2022-2023,2023-02-24,Lille,Brest,2,1,0.77,0.2,
Ligue 1,2022-2023,2023-02-25,Angers,Lyon,1,3,1.14,1.82,
Ligue 1,2022-2023,2023-02-25,Montpellier,Lens,1,1,0.65,1.54,
Ligue 1,2022-2023,2023-02-26,Lorient,Auxerre,0,1,1.05,1.21,
Ligue 1,2022-2023,2023-02-26,Ajaccio,Troyes,2,1,3.95,1.4,
Ligue 1,2022-2023,2023-02-26,Clermont Foot,Strasbourg,1,1,1.75,0.92,
Ligue 1,2022-2023,2023-02-26,Nantes,Rennes,0,1,2.42,0.99,
Ligue 1,2022-2023,2023-02-26,Reims,Toulouse,3,0,2.17,0.52,
Ligue 1,2022-2023,2023-02-26,Monaco,Nice,0,3,0.69,1.8,
Ligue 1,2022-2023,2023-02-26,Marseille,Paris Saint Germain,0,3,2.29,3.73,
Ligue 1,2022-2023,2023-03-03,Nice,Auxerre,1,1,1.74,0.44,
Ligue 1,2022-2023,2023-03-04,Lens,Lille,1,1,0.62,1.9,
Ligue 1,2022-2023,2023-03-04,Paris Saint Germain,Nantes,4,2,1.11,0.24,
Ligue 1,2022-2023,2023-03-05,Troyes,Monaco,2,2,0.88,2.82,
Ligue 1,2022-2023,2023-03-05,Montpellier,Angers,5,0,3.42,0.96,
Ligue 1,2022-2023,2023-03-05,Strasbourg,Brest,0,1,0.98,0.59,
Ligue 1,2022-2023,2023-03-05,Reims,Ajaccio,1,0,0.41,0.37,
Ligue 1,2022-2023,2023-03-05,Toulouse,Clermont Foot,0,1,1.03,0.65,
Ligue 1,2022-2023,2023-03-05,Lyon,Lorient,0,0,2.54,0.89,
Ligue 1,2022-2023,2023-03-05,Rennes,Marseille,0,1,1.03,1.45,
Ligue 1,2022-2023,2023-03-10,Lille,Lyon,3,3,2.35,1.06,
Ligue 1,2022-2023,2023-03-11,Auxerre,Rennes,0,0,0.96,0.69,
Ligue 1,2022-2023,2023-03-11,Brest,Paris Saint Germain,1,2,0.75,2.66,
Ligue 1,2022-2023,2023-03-12,Clermont Foot,Lens,0,4,1.86,2.01,
Ligue 1,2022-2023,2023-03-12,Ajaccio,Montpellier,0,1,0.19,1.27,
Ligue 1,2022-2023,2023-03-12,Angers,Toulouse,0,2,1.02,1.57,
Ligue 1,2022-2023,2023-03-12,Lorient,Troyes,2,0,1.79,0.49,
Ligue 1,2022-2023,2023-03-12,Nantes,Nice,2,2,1.75,1.52,
Ligue 1,2022-2023,2023-03-12,Monaco,Reims,0,1,0.98,1.82,
Ligue 1,2022-2023,2023-03-12,Marseille,Strasbourg,2,2,1.68,2.22,
Ligue 1,2022-2023,2023-03-17,Lyon,Nantes,1,1,1.62,1.06,
Ligue 1,2022-2023,2023-03-18,Toulouse,Lille,0,2,2.05,1.96,
Ligue 1,2022-2023,2023-03-18,Lens,Angers,3,0,1.65,0.59,
Ligue 1,2022-2023,2023-03-19,Ajaccio,Monaco,0,2,0.41,1.46,
Ligue 1,2022-2023,2023-03-19,Montpellier,Clermont Foot,2,1,3.02,1.41,
Ligue 1,2022-2023,2023-03-19,Nice,Lorient,1,1,1.22,0.88,
Ligue 1,2022-2023,2023-03-19,Strasbourg,Auxerre,2,0,2.88,0.95,
Ligue 1,2022-2023,2023-03-19,Troyes,Brest,2,2,1.0,1.16,
Ligue 1,2022-2023,2023-03-19,Paris Saint Germain,Rennes,0,2,1.71,1.9,
Ligue 1,2022-2023,2023-03-19,Reims,Marseille,1,2,1.92,1.39,
Ligue 1,2022-2023,2023-03-31,Marseille,Montpellier,1,1,1.43,0.85,
Ligue 1,2022-2023,2023-04-01,Auxerre,Troyes,1,0,1.17,1.17,
Ligue 1,2022-2023,2023-04-01,Rennes,Lens,0,1,1.21,1.45,
Ligue 1,2022-2023,2023-04-02,Lille,Lorient,3,1,1.96,0.1,
Ligue 1,2022-2023,2023-04-02,Angers,Nice,1,1,0.96,1.2,
Ligue 1,2022-2023,2023-04-02,Clermont Foot,Ajaccio,2,1,2.14,0.41,
Ligue 1,2022-2023,2023-04-02,Nantes,Reims,0,3,1.37,2.01,
Ligue 1,2022-2023,2023-04-02,Brest,Toulouse,3,1,1.47,1.78,
Ligue 1,2022-2023,2023-04-02,Monaco,Strasbourg,4,3,1.4,1.56,
Ligue 1,2022-2023,2023-04-02,Paris Saint Germain,Lyon,0,1,1.22,2.15,
Ligue 1,2022-2023,2023-04-07,Lens,Strasbourg,2,1,1.32,0.58,
Ligue 1,2022-2023,2023-04-08,Angers,Lille,1,0,1.04,1.07,
Ligue 1,2022-2023,2023-04-08,Nice,Paris Saint Germain,0,2,1.22,1.25,
Ligue 1,2022-2023,2023-04-09,Lyon,Rennes,3,1,1.24,1.06,
Ligue 1,2022-2023,2023-04-09,Ajaccio,Auxerre,0,3,0.98,0.93,
Ligue 1,2022-2023,2023-04-09,Montpellier,Toulouse,1,2,1.79,2.21,
Ligue 1,2022-2023,2023-04-09,Reims,Brest,1,1,3.27,1.11,
Ligue 1,2022-2023,2023-04-09,Troyes,Clermont Foot,0,2,0.49,1.86,
Ligue 1,2022-2023,2023-04-09,Nantes,Monaco,2,2,0.97,1.67,
Ligue 1,2022-2023,2023-04-09,Lorient,Marseille,0,0,0.64,0.78,
Ligue 1,2022-2023,2023-04-14,Toulouse,Lyon,1,2,1.52,2.99,
Ligue 1,2022-2023,2023-04-15,Rennes,Reims,3,0,3.22,0.34,
Ligue 1,2022-2023,2023-04-15,Paris Saint Germain,Lens,3,1,1.39,1.43,
Ligue 1,2022-2023,2023-04-16,Lille,Montpellier,2,1,2.32,0.52,
Ligue 1,2022-2023,2023-04-16,Auxerre,Nantes,2,1,2.65,1.28,
Ligue 1,2022-2023,2023-04-16,Clermont Foot,Angers,2,1,2.02,0.33,
Ligue 1,2022-2023,2023-04-16,Strasbourg,Ajaccio,3,1,1.59,0.48,
Ligue 1,2022-2023,2023-04-16,Brest,Nice,1,0,0.96,0.66,
Ligue 1,2022-2023,2023-04-16,Monaco,Lorient,3,1,2.67,1.03,
Ligue 1,2022-2023,2023-04-16,Marseille,Troyes,3,1,3.75,0.41,
Ligue 1,2022-2023,2023-04-21,Angers,Paris Saint Germain,1,2,1.28,1.75,
Ligue 1,2022-2023,2023-04-22,Auxerre,Lille,1,1,1.08,3.09,
Ligue 1,2022-2023,2023-04-22,Lens,Monaco,3,0,3.53,1.53,
Ligue 1,2022-2023,2023-04-23,Reims,Strasbourg,0,2,1.13,1.33,
Ligue 1,2022-2023,2023-04-23,Ajaccio,Brest,0,0,0.19,0.45,
Ligue 1,2022-2023,2023-04-23,Lorient,Toulouse,0,1,0.51,1.26,
Ligue 1,2022-2023,2023-04-23,Nantes,Troyes,2,2,1.98,1.72,
Ligue 1,2022-2023,2023-04-23,Nice,Clermont Foot,1,2,1.52,0.92,
Ligue 1,2022-2023,2023-04-23,Montpellier,Rennes,1,0,0.75,1.33,
Ligue 1,2022-2023,2023-04-23,Lyon,Marseille,1,2,1.46,2.22,
Ligue 1,2022-2023,2023-04-29,Lille,Ajaccio,3,0,1.56,0.36,
Ligue 1,2022-2023,2023-04-30,Monaco,Montpellier,0,4,1.35,2.11,
Ligue 1,2022-2023,2023-04-30,Clermont Foot,Reims,1,0,1.13,0.48,
Ligue 1,2022-2023,2023-04-30,Rennes,Angers,4,2,2.51,1.27,
Ligue 1,2022-2023,2023-04-30,Troyes,Nice,0,1,0.63,3.65,
Ligue 1,2022-2023,2023-04-30,Paris Saint Germain,Lorient,1,3,1.76,3.27,
Ligue 1,2022-2023,2023-04-30,Marseille,Auxerre,2,1,3.57,0.46,
Ligue 1,2022-2023,2023-04-30,Strasbourg,Lyon,1,2,1.69,0.89,
Ligue 1,2022-2023,2023-05-02,Toulouse,Lens,0,1,0.4,1.36,
Ligue 1,2022-2023,2023-05-03,Brest,Nantes,2,0,0.79,0.73,
Ligue 1,2022-2023,2023-05-06,Nice,Rennes,2,1,1.33,1.06,
Ligue 1,2022-2023,2023-05-06,Reims,Lille,1,0,2.07,1.43,
Ligue 1,2022-2023,2023-05-06,Lens,Marseille,2,1,1.34,1.27,
Ligue 1,2022-2023,2023-05-07,Angers,Monaco,1,2,1.42,1.58,
Ligue 1,2022-2023,2023-05-07,Ajaccio,Toulouse,0,0,0.21,2.53,
Ligue 1,2022-2023,2023-05-07,Auxerre,Clermont Foot,1,1,1.58,1.82,
Ligue 1,2022-2023,2023-05-07,Lorient,Brest,2,1,1.23,1.42,
Ligue 1,2022-2023,2023-05-07,Nantes,Strasbourg,0,2,0.82,1.95,
Ligue 1,2022-2023,2023-05-07,Lyon,Montpellier,5,4,3.7,2.31,
Ligue 1,2022-2023,2023-05-07,Troyes,Paris Saint Germain,1,3,0.62,4.31,
Ligue 1,2022-2023,2023-05-12,Lens,Reims,2,1,1.35,1.81,
Ligue 1,2022-2023,2023-05-13,Strasbourg,Nice,2,0,1.67,0.36,
Ligue 1,2022-2023,2023-05-13,Paris Saint Germain,Ajaccio,5,0,2.32,0.31,
Ligue 1,2022-2023,2023-05-14,Clermont Foot,Lyon,2,1,1.74,1.9,
Ligue 1,2022-2023,2023-05-14,Montpellier,Lorient,1,1,1.2,0.58,
Ligue 1,2022-2023,2023-05-14,Brest,Auxerre,1,0,1.63,0.73,
Ligue 1,2022-2023,2023-05-14,Rennes,Troyes,4,0,3.76,0.26,
Ligue 1,2022-2023,2023-05-14,Toulouse,Nantes,0,0,1.25,0.62,
Ligue 1,2022-2023,2023-05-14,Monaco,Lille,0,0,0.69,1.29,
Ligue 1,2022-2023,2023-05-14,Marseille,Angers,3,1,2.99,0.56,
Ligue 1,2022-2023,2023-05-19,Lyon,Monaco,3,1,2.41,1.47,
Ligue 1,2022-2023,2023-05-20,Nantes,Montpellier,0,3,0.75,1.7,
Ligue 1,2022-2023,2023-05-20,Lille,Marseille,2,1,1.86,1.2,
Ligue 1,2022-2023,2023-05-21,Ajaccio,Rennes,0,5,0.06,2.09,
Ligue 1,2022-2023,2023-05-21,Nice,Toulouse,0,0,2.78,0.96,
Ligue 1,2022-2023,2023-05-21,Brest,Clermont Foot,2,1,1.14,0.36,
Ligue 1,2022-2023,2023-05-21,Reims,Angers,2,2,1.74,0.7,
Ligue 1,2022-2023,2023-05-21,Troyes,Strasbourg,1,1,0.71,2.3,
Ligue 1,2022-2023,2023-05-21,Lorient,Lens,1,3,1.37,2.31,
Ligue 1,2022-2023,2023-05-21,Auxerre,Paris Saint Germain,1,2,0.7,1.85,
Ligue 1,2022-2023,2023-05-27,Angers,Troyes,2,1,0.78,0.23,
Ligue 1,2022-2023,2023-05-27,Clermont Foot,Lorient,2,0,1.35,1.0,
Ligue 1,2022-2023,2023-05-27,Lille,Nantes,2,1,2.16,1.09,
Ligue 1,2022-2023,2023-05-27,Montpellier,Nice,2,3,1.62,4.59,
Ligue 1,2022-2023,2023-05-27,Lyon,Reims,3,0,3.22,0.51,
Ligue 1,2022-2023,2023-05-27,Marseille,Brest,1,2,0.97,1.53,
Ligue 1,2022-2023,2023-05-27,Lens,Ajaccio,3,0,2.3,0.19,
Ligue 1,2022-2023,2023-05-27,Strasbourg,Paris Saint Germain,1,1,1.34,1.16,
Ligue 1,2022-2023,2023-05-27,Rennes,Monaco,2,0,0.76,0.38,
Ligue 1,2022-2023,2023-05-27,Toulouse,Auxerre,1,1,1.22,0.65,
Ligue 1,2022-2023,2023-06-03,Ajaccio,Marseille,1,0,0.13,1.22,
Ligue 1,2022-2023,2023-06-03,Auxerre,Lens,1,3,2.03,3.2,
Ligue 1,2022-2023,2023-06-03,Monaco,Toulouse,1,2,2.15,2.67,
Ligue 1,2022-2023,2023-06-03,Nantes,Angers,1,0,1.06,0.19,
Ligue 1,2022-2023,2023-06-03,Lorient,Strasbourg,2,1,0.49,0.85,
Ligue 1,2022-2023,2023-06-03,Nice,Lyon,3,1,2.31,1.68,
Ligue 1,2022-2023,2023-06-03,Paris Saint Germain,Clermont Foot,2,3,2.24,2.98,
Ligue 1,2022-2023,2023-06-03,Brest,Rennes,1,2,1.23,1.57,
Ligue 1,2022-2023,2023-06-03,Reims,Montpellier,1,3,1.84,2.22,
Ligue 1,2022-2023,2023-06-03,Troyes,Lille,1,1,0.24,1.7,
Ligue 1,2023-2024,2023-08-12,Marseille,Reims,2,1,1.51,0.99,
Ligue 1,2023-2024,2023-08-12,Nice,Lille,1,1,1.12,1.53,
Ligue 1,2023-2024,2023-08-12,Brest,Lens,3,2,2.92,0.96,
Ligue 1,2023-2024,2023-08-12,Paris Saint Germain,Lorient,0,0,1.36,0.14,
Ligue 1,2023-2024,2023-08-13,Nantes,Toulouse,1,2,1.07,2.06,
Ligue 1,2023-2024,2023-08-13,Clermont Foot,Monaco,2,4,1.98,3.4,
Ligue 1,2023-2024,2023-08-13,Montpellier,Le Havre,2,2,1.3,1.25,
Ligue 1,2023-2024,2023-08-13,Rennes,Metz,5,1,4.68,0.56,
Ligue 1,2023-2024,2023-08-13,Strasbourg,Lyon,2,1,1.16,2.05,
Ligue 1,2023-2024,2023-08-18,Metz,Marseille,2,2,0.36,1.49,
Ligue 1,2023-2024,2023-08-19,Lyon,Montpellier,1,4,0.64,1.92,
Ligue 1,2023-2024,2023-08-19,Toulouse,Paris Saint Germain,1,1,1.16,2.0,
Ligue 1,2023-2024,2023-08-20,Lille,Nantes,2,0,3.24,1.27,
Ligue 1,2023-2024,2023-08-20,Lorient,Nice,1,1,0.75,2.43,
Ligue 1,2023-2024,2023-08-20,Reims,Clermont Foot,2,0,2.41,0.4,
Ligue 1,2023-2024,2023-08-20,Le Havre,Brest,1,2,0.87,1.6,
Ligue 1,2023-2024,2023-08-20,Monaco,Strasbourg,3,0,1.31,0.55,
Ligue 1,2023-2024,2023-08-20,Lens,Rennes,1,1,1.34,1.63,
Ligue 1,2023-2024,2023-08-25,Nantes,Monaco,3,3,0.91,4.96,
Ligue 1,2023-2024,2023-08-26,Marseille,Brest,2,0,3.51,1.73,
Ligue 1,2023-2024,2023-08-26,Paris Saint Germain,Lens,3,1,1.87,0.49,
Ligue 1,2023-2024,2023-08-27,Rennes,Le Havre,2,2,3.5,0.41,
Ligue 1,2023-2024,2023-08-27,Strasbourg,Toulouse,2,0,2.85,0.31,
Ligue 1,2023-2024,2023-08-27,Clermont Foot,Metz,0,1,0.54,0.79,
Ligue 1,2023-2024,2023-08-27,Montpellier,Reims,1,3,1.42,1.85,
Ligue 1,2023-2024,2023-08-27,Lorient,Lille,4,1,1.75,1.45,
Ligue 1,2023-2024,2023-08-27,Nice,Lyon,0,0,1.82,0.26,
Ligue 1,2023-2024,2023-09-01,Nantes,Marseille,1,1,0.62,2.78,
Ligue 1,2023-2024,2023-09-02,Brest,Rennes,0,0,1.58,0.25,
Ligue 1,2023-2024,2023-09-02,Monaco,Lens,3,0,1.25,0.61,
Ligue 1,2023-2024,2023-09-03,Toulouse,Clermont Foot,2,2,0.64,1.4,
Ligue 1,2023-2024,2023-09-03,Lille,Montpellier,1,0,1.34,0.79,
Ligue 1,2023-2024,2023-09-03,Le Havre,Lorient,3,0,1.7,0.68,
Ligue 1,2023-2024,2023-09-03,Metz,Reims,2,2,1.15,0.86,
Ligue 1,2023-2024,2023-09-03,Nice,Strasbourg,2,0,2.29,0.16,
Ligue 1,2023-2024,2023-09-03,Lyon,Paris Saint Germain,1,4,2.44,4.92,
Ligue 1,2023-2024,2023-09-15,Paris Saint Germain,Nice,2,3,1.22,1.95,
Ligue 1,2023-2024,2023-09-16,Rennes,Lille,2,2,0.43,1.61,
Ligue 1,2023-2024,2023-09-16,Lens,Metz,0,1,1.61,0.63,
Ligue 1,2023-2024,2023-09-17,Lorient,Monaco,2,2,0.66,1.54,
Ligue 1,2023-2024,2023-09-17,Strasbourg,Montpellier,2,2,2.27,1.04,
Ligue 1,2023-2024,2023-09-17,Clermont Foot,Nantes,0,1,1.26,0.87,
Ligue 1,2023-2024,2023-09-17,Reims,Brest,1,2,1.97,1.56,
Ligue 1,2023-2024,2023-09-17,Marseille,Toulouse,0,0,1.17,0.88,
Ligue 1,2023-2024,2023-09-17,Lyon,Le Havre,0,0,1.83,1.25,
Ligue 1,2023-2024,2023-09-22,Monaco,Nice,0,1,1.8,1.1,
Ligue 1,2023-2024,2023-09-23,Nantes,Lorient,5,3,2.53,1.6,
Ligue 1,2023-2024,2023-09-23,Brest,Lyon,1,0,2.55,0.25,
Ligue 1,2023-2024,2023-09-24,Metz,Strasbourg,0,1,1.04,0.46,
Ligue 1,2023-2024,2023-09-24,Lens,Toulouse,2,1,3.09,0.65,
Ligue 1,2023-2024,2023-09-24,Le Havre,Clermont Foot,2,1,1.02,0.72,
Ligue 1,2023-2024,2023-09-24,Montpellier,Rennes,0,0,1.38,0.93,
Ligue 1,2023-2024,2023-09-24,Paris Saint Germain,Marseille,4,0,2.0,0.57,
Ligue 1,2023-2024,2023-09-26,Lille,Reims,1,2,1.42,1.22,
Ligue 1,2023-2024,2023-09-29,Strasbourg,Lens,0,1,0.31,1.52,
Ligue 1,2023-2024,2023-09-30,Clermont Foot,Paris Saint Germain,0,0,1.16,2.99,
Ligue 1,2023-2024,2023-09-30,Monaco,Marseille,3,2,1.52,0.91,
Ligue 1,2023-2024,2023-10-01,Reims,Lyon,2,0,2.0,0.39,
Ligue 1,2023-2024,2023-10-01,Toulouse,Metz,3,0,2.34,0.6,
Ligue 1,2023-2024,2023-10-01,Nice,Brest,0,0,1.03,0.15,
Ligue 1,2023-2024,2023-10-01,Le Havre,Lille,0,2,1.06,1.39,
Ligue 1,2023-2024,2023-10-01,Lorient,Montpellier,0,3,0.8,2.77,
Ligue 1,2023-2024,2023-10-01,Rennes,Nantes,3,1,2.32,0.9,
Ligue 1,2023-2024,2023-10-06,Strasbourg,Nantes,1,2,0.94,2.24,
Ligue 1,2023-2024,2023-10-07,Metz,Nice,0,1,0.26,1.52,
Ligue 1,2023-2024,2023-10-07,Reims,Monaco,1,3,2.0,1.75,
Ligue 1,2023-2024,2023-10-08,Marseille,Le Havre,3,0,3.01,0.13,
Ligue 1,2023-2024,2023-10-08,Lyon,Lorient,3,3,1.38,1.08,
Ligue 1,2023-2024,2023-10-08,Brest,Toulouse,1,1,1.61,1.24,
Ligue 1,2023-2024,2023-10-08,Lens,Lille,1,1,2.58,1.34,
Ligue 1,2023-2024,2023-10-08,Rennes,Paris Saint Germain,1,3,1.34,3.13,
Ligue 1,2023-2024,2023-10-20,Le Havre,Lens,0,0,1.84,1.96,
Ligue 1,2023-2024,2023-10-21,Paris Saint Germain,Strasbourg,3,0,2.52,0.22,
Ligue 1,2023-2024,2023-10-21,Nice,Marseille,1,0,0.83,1.0,
Ligue 1,2023-2024,2023-10-22,Lorient,Rennes,2,1,0.59,0.94,
Ligue 1,2023-2024,2023-10-22,Toulouse,Reims,1,1,0.9,0.97,
Ligue 1,2023-2024,2023-10-22,Lille,Brest,1,0,2.19,0.63,
Ligue 1,2023-2024,2023-10-22,Nantes,Montpellier,2,0,1.75,0.5,
Ligue 1,2023-2024,2023-10-22,Monaco,Metz,2,1,1.97,0.72,
Ligue 1,2023-2024,2023-10-22,Lyon,Clermont Foot,1,2,1.74,1.29,
Ligue 1,2023-2024,2023-10-27,Clermont Foot,Nice,0,1,0.3,2.16,
Ligue 1,2023-2024,2023-10-28,Reims,Lorient,1,0,0.98,0.41,
Ligue 1,2023-2024,2023-10-28,Lens,Nantes,4,0,4.33,1.22,
Ligue 1,2023-2024,2023-10-29,Brest,Paris Saint Germain,2,3,1.68,2.1,
Ligue 1,2023-2024,2023-10-29,Lille,Monaco,2,0,0.67,0.9,
Ligue 1,2023-2024,2023-10-29,Metz,Le Havre,0,0,0.47,0.89,
Ligue 1,2023-2024,2023-10-29,Montpellier,Toulouse,3,0,3.28,0.88,
Ligue 1,2023-2024,2023-10-29,Rennes,Strasbourg,1,1,1.11,1.02,
Ligue 1,2023-2024,2023-11-03,Paris Saint Germain,Montpellier,3,0,1.23,0.58,
Ligue 1,2023-2024,2023-11-04,Lorient,Lens,0,0,0.52,0.71,
Ligue 1,2023-2024,2023-11-04,Marseille,Lille,0,0,0.75,0.33,
Ligue 1,2023-2024,2023-11-05,Lyon,Metz,1,1,1.85,0.67,
Ligue 1,2023-2024,2023-11-05,Strasbourg,Clermont Foot,0,0,1.56,1.05,
Ligue 1,2023-2024,2023-11-05,Toulouse,Le Havre,1,2,2.32,1.21,
Ligue 1,2023-2024,2023-11-05,Nantes,Reims,0,1,1.55,1.74,
Ligue 1,2023-2024,2023-11-05,Monaco,Brest,2,0,1.12,0.74,
Ligue 1,2023-2024,2023-11-05,Nice,Rennes,2,0,2.29,0.48,
Ligue 1,2023-2024,2023-11-10,Montpellier,Nice,0,0,0.65,0.62,
Ligue 1,2023-2024,2023-11-11,Reims,Paris Saint Germain,0,3,1.54,2.64,
Ligue 1,2023-2024,2023-11-11,Le Havre,Monaco,0,0,1.13,0.97,
Ligue 1,2023-2024,2023-11-12,Lille,Toulouse,1,1,2.69,0.42,
Ligue 1,2023-2024,2023-11-12,Clermont Foot,Lorient,1,0,1.41,0.58,
Ligue 1,2023-2024,2023-11-12,Metz,Nantes,3,1,0.94,1.75,
Ligue 1,2023-2024,2023-11-12,Rennes,Lyon,0,1,0.68,2.08,
Ligue 1,2023-2024,2023-11-12,Lens,Marseille,1,0,1.22,0.72,
Ligue 1,2023-2024,2023-11-24,Paris Saint Germain,Monaco,5,2,2.61,1.52,
Ligue 1,2023-2024,2023-11-25,Clermont Foot,Lens,0,3,1.84,2.53,
Ligue 1,2023-2024,2023-11-25,Strasbourg,Marseille,1,1,1.18,1.37,
Ligue 1,2023-2024,2023-11-26,Nice,Toulouse,1,0,1.0,1.27,
Ligue 1,2023-2024,2023-11-26,Lorient,Metz,2,3,1.37,1.85,
Ligue 1,2023-2024,2023-11-26,Nantes,Le Havre,0,0,1.75,0.23,
Ligue 1,2023-2024,2023-11-26,Montpellier,Brest,1,3,2.2,2.39,
Ligue 1,2023-2024,2023-11-26,Rennes,Reims,3,1,1.94,2.25,
Ligue 1,2023-2024,2023-11-26,Lyon,Lille,0,2,1.71,1.71,
Ligue 1,2023-2024,2023-11-29,Montpellier,Clermont Foot,1,1,2.51,0.55,
Ligue 1,2023-2024,2023-12-01,Reims,Strasbourg,2,1,1.93,1.83,
Ligue 1,2023-2024,2023-12-02,Lens,Lyon,3,2,2.66,3.03,
Ligue 1,2023-2024,2023-12-02,Nantes,Nice,1,0,1.18,1.23,
Ligue 1,2023-2024,2023-12-03,Le Havre,Paris Saint Germain,0,2,1.86,1.76,
Ligue 1,2023-2024,2023-12-03,Toulouse,Lorient,1,1,1.1,0.65,
Ligue 1,2023-2024,2023-12-03,Monaco,Montpellier,2,0,2.46,1.19,
Ligue 1,2023-2024,2023-12-03,Brest,Clermont Foot,3,0,1.3,0.61,
Ligue 1,2023-2024,2023-12-03,Lille,Metz,2,0,3.04,1.86,
Ligue 1,2023-2024,2023-12-03,Marseille,Rennes,2,0,0.91,0.48,
Ligue 1,2023-2024,2023-12-06,Marseille,Lyon,3,0,1.83,0.24,
Ligue 1,2023-2024,2023-12-07,Brest,Strasbourg,1,1,0.99,1.27,
Ligue 1,2023-2024,2023-12-08,Montpellier,Lens,0,0,1.35,1.61,
Ligue 1,2023-2024,2023-12-09,Rennes,Monaco,1,2,2.15,1.1,
Ligue 1,2023-2024,2023-12-09,Paris Saint Germain,Nantes,2,1,2.16,0.48,
Ligue 1,2023-2024,2023-12-10,Nice,Reims,2,1,1.28,1.13,
Ligue 1,2023-2024,2023-12-10,Strasbourg,Le Havre,2,1,1.51,1.62,
Ligue 1,2023-2024,2023-12-10,Clermont Foot,Lille,0,0,1.11,0.64,
Ligue 1,2023-2024,2023-12-10,Metz,Brest,0,1,0.63,0.22,
Ligue 1,2023-2024,2023-12-10,Lyon,Toulouse,3,0,3.14,1.6,
Ligue 1,2023-2024,2023-12-10,Lorient,Marseille,2,4,2.02,2.89,
Ligue 1,2023-2024,2023-12-15,Monaco,Lyon,0,1,1.4,0.74,
Ligue 1,2023-2024,2023-12-16,Le Havre,Nice,3,1,1.93,1.64,
Ligue 1,2023-2024,2023-12-16,Lens,Reims,2,0,1.27,0.88,
Ligue 1,2023-2024,2023-12-17,Nantes,Brest,0,2,1.39,1.81,
Ligue 1,2023-2024,2023-12-17,Toulouse,Rennes,0,0,0.69,1.08,
Ligue 1,2023-2024,2023-12-17,Lorient,Strasbourg,1,2,1.17,1.76,
Ligue 1,2023-2024,2023-12-17,Metz,Montpellier,0,1,0.85,0.77,
Ligue 1,2023-2024,2023-12-17,Marseille,Clermont Foot,2,1,2.63,0.13,
Ligue 1,2023-2024,2023-12-17,Lille,Paris Saint Germain,1,1,1.91,1.39,
Ligue 1,2023-2024,2023-12-20,Paris Saint Germain,Metz,3,1,2.18,0.15,
Ligue 1,2023-2024,2023-12-20,Strasbourg,Lille,2,1,0.81,0.88,
Ligue 1,2023-2024,2023-12-20,Toulouse,Monaco,1,2,1.59,2.27,
Ligue 1,2023-2024,2023-12-20,Lyon,Nantes,1,0,2.11,0.35,
Ligue 1,2023-2024,2023-12-20,Nice,Lens,2,0,2.96,0.54,
Ligue 1,2023-2024,2023-12-20,Clermont Foot,Rennes,1,3,0.76,2.32,
Ligue 1,2023-2024,2023-12-20,Reims,Le Havre,1,0,1.43,0.46,
Ligue 1,2023-2024,2023-12-20,Montpellier,Marseille,1,1,1.51,1.2,
Ligue 1,2023-2024,2023-12-20,Brest,Lorient,4,0,1.59,0.46,
Ligue 1,2023-2024,2024-01-12,Marseille,Strasbourg,1,1,1.57,1.15,
Ligue 1,2023-2024,2024-01-13,Monaco,Reims,1,3,1.03,1.92,
Ligue 1,2023-2024,2024-01-13,Rennes,Nice,2,0,1.83,0.81,
Ligue 1,2023-2024,2024-01-14,Lille,Lorient,3,0,3.06,0.12,
Ligue 1,2023-2024,2024-01-14,Nantes,Clermont Foot,1,2,1.64,1.22,
Ligue 1,2023-2024,2024-01-14,Metz,Toulouse,0,1,0.56,0.95,
Ligue 1,2023-2024,2024-01-14,Brest,Montpellier,2,0,4.35,0.46,
Ligue 1,2023-2024,2024-01-14,Le Havre,Lyon,3,1,1.47,0.87,
Ligue 1,2023-2024,2024-01-14,Lens,Paris Saint Germain,0,2,2.68,1.8,
Ligue 1,2023-2024,2024-01-26,Lyon,Rennes,2,3,0.97,1.37,
Ligue 1,2023-2024,2024-01-27,Nice,Metz,1,0,1.97,0.12,
Ligue 1,2023-2024,2024-01-27,Marseille,Monaco,2,2,3.46,0.37,
Ligue 1,2023-2024,2024-01-28,Montpellier,Lille,0,0,1.38,0.62,
Ligue 1,2023-2024,2024-01-28,Lorient,Le Havre,3,3,1.63,1.36,
Ligue 1,2023-2024,2024-01-28,Clermont Foot,Strasbourg,1,1,1.53,1.32,
Ligue 1,2023-2024,2024-01-28,Reims,Nantes,0,0,1.21,1.41,
Ligue 1,2023-2024,2024-01-28,Toulouse,Lens,0,2,2.42,1.17,
Ligue 1,2023-2024,2024-01-28,Paris Saint Germain,Brest,2,2,1.9,1.07,
Ligue 1,2023-2024,2024-02-02,Strasbourg,Paris Saint Germain,1,2,2.58,1.91,
Ligue 1,2023-2024,2024-02-03,Rennes,Montpellier,2,1,2.21,0.8,
Ligue 1,2023-2024,2024-02-03,Nantes,Lens,0,1,0.71,1.64,
Ligue 1,2023-2024,2024-02-04,Monaco,Le Havre,1,1,1.49,0.15,
Ligue 1,2023-2024,2024-02-04,Lille,Clermont Foot,4,0,2.44,0.81,
Ligue 1,2023-2024,2024-02-04,Reims,Toulouse,2,3,2.02,1.74,
Ligue 1,2023-2024,2024-02-04,Metz,Lorient,1,2,0.82,1.37,
Ligue 1,2023-2024,2024-02-04,Brest,Nice,0,0,0.88,0.67,
Ligue 1,2023-2024,2024-02-04,Lyon,Marseille,1,0,1.92,0.51,
Ligue 1,2023-2024,2024-02-09,Marseille,Metz,1,1,2.39,0.96,
Ligue 1,2023-2024,2024-02-10,Lens,Strasbourg,3,1,1.92,1.67,
Ligue 1,2023-2024,2024-02-10,Paris Saint Germain,Lille,3,1,2.43,1.48,
Ligue 1,2023-2024,2024-02-11,Le Havre,Rennes,0,1,1.37,1.19,
Ligue 1,2023-2024,2024-02-11,Toulouse,Nantes,1,2,0.89,0.5,
Ligue 1,2023-2024,2024-02-11,Lorient,Reims,2,0,2.29,1.17,
Ligue 1,2023-2024,2024-02-11,Clermont Foot,Brest,1,1,1.2,1.36,
Ligue 1,2023-2024,2024-02-11,Montpellier,Lyon,1,2,1.78,1.3,
Ligue 1,2023-2024,2024-02-11,Nice,Monaco,2,3,2.16,2.06,
Ligue 1,2023-2024,2024-02-16,Lyon,Nice,1,0,0.8,0.69,
Ligue 1,2023-2024,2024-02-17,Lille,Le Havre,3,0,4.23,0.3,
Ligue 1,2023-2024,2024-02-17,Nantes,Paris Saint Germain,0,2,2.14,1.72,
Ligue 1,2023-2024,2024-02-18,Strasbourg,Lorient,1,3,1.72,2.14,
Ligue 1,2023-2024,2024-02-18,Rennes,Clermont Foot,3,1,4.27,0.76,
Ligue 1,2023-2024,2024-02-18,Monaco,Toulouse,1,2,1.7,1.58,
Ligue 1,2023-2024,2024-02-18,Montpellier,Metz,3,0,3.05,0.93,
Ligue 1,2023-2024,2024-02-18,Reims,Lens,1,1,1.04,1.46,
Ligue 1,2023-2024,2024-02-18,Brest,Marseille,1,0,1.8,0.5,
Ligue 1,2023-2024,2024-02-23,Metz,Lyon,1,2,1.77,1.26,
Ligue 1,2023-2024,2024-02-24,Lorient,Nantes,0,1,0.62,0.33,
Ligue 1,2023-2024,2024-02-24,Strasbourg,Brest,0,3,0.15,1.76,
Ligue 1,2023-2024,2024-02-25,Lens,Monaco,2,3,2.86,2.33,
Ligue 1,2023-2024,2024-02-25,Le Havre,Reims,1,2,1.72,3.17,
Ligue 1,2023-2024,2024-02-25,Nice,Clermont Foot,0,0,1.97,2.46,
Ligue 1,2023-2024,2024-02-25,Toulouse,Lille,3,1,1.96,0.6,
Ligue 1,2023-2024,2024-02-25,Paris Saint Germain,Rennes,1,1,1.89,0.98,
Ligue 1,2023-2024,2024-02-25,Marseille,Montpellier,4,1,2.91,1.1,
Ligue 1,2023-2024,2024-03-01,Monaco,Paris Saint Germain,0,0,2.44,1.85,
Ligue 1,2023-2024,2024-03-02,Reims,Lille,0,1,0.53,1.08,
Ligue 1,2023-2024,2024-03-02,Clermont Foot,Marseille,1,5,0.74,3.07,
Ligue 1,2023-2024,2024-03-03,Toulouse,Nice,2,1,1.5,1.91,
Ligue 1,2023-2024,2024-03-03,Nantes,Metz,0,2,0.96,2.36,
Ligue 1,2023-2024,2024-03-03,Montpellier,Strasbourg,2,2,1.55,1.62,
Ligue 1,2023-2024,2024-03-03,Brest,Le Havre,1,0,1.25,0.43,
Ligue 1,2023-2024,2024-03-03,Rennes,Lorient,1,2,1.49,1.95,
Ligue 1,2023-2024,2024-03-03,Lyon,Lens,0,3,2.13,3.35,
Ligue 1,2023-2024,2024-03-08,Nice,Montpellier,1,2,1.51,1.67,
Ligue 1,2023-2024,2024-03-09,Lorient,Lyon,0,2,0.28,2.38,
Ligue 1,2023-2024,2024-03-09,Lens,Brest,1,0,0.75,0.52,
Ligue 1,2023-2024,2024-03-10,Paris Saint Germain,Reims,2,2,1.54,1.52,
Ligue 1,2023-2024,2024-03-10,Strasbourg,Monaco,0,1,0.27,1.33,
Ligue 1,2023-2024,2024-03-10,Le Havre,Toulouse,1,0,1.25,0.21,
Ligue 1,2023-2024,2024-03-10,Metz,Clermont Foot,1,0,1.83,0.62,
Ligue 1,2023-2024,2024-03-10,Lille,Rennes,2,2,2.48,1.21,
Ligue 1,2023-2024,2024-03-10,Marseille,Nantes,2,0,2.04,0.65,
Ligue 1,2023-2024,2024-03-15,Toulouse,Lyon,2,3,2.06,1.5,
Ligue 1,2023-2024,2024-03-16,Nantes,Strasbourg,1,3,0.71,1.89,
Ligue 1,2023-2024,2024-03-16,Lens,Nice,1,3,1.36,1.81,
Ligue 1,2023-2024,2024-03-17,Brest,Lille,1,1,1.43,0.85,
Ligue 1,2023-2024,2024-03-17,Monaco,Lorient,2,2,3.43,0.75,
Ligue 1,2023-2024,2024-03-17,Clermont Foot,Le Havre,2,1,1.18,1.14,
Ligue 1,2023-2024,2024-03-17,Reims,Metz,2,1,1.58,1.12,
Ligue 1,2023-2024,2024-03-17,Rennes,Marseille,2,0,1.59,0.74,
Ligue 1,2023-2024,2024-03-17,Montpellier,Paris Saint Germain,2,6,2.52,2.24,
Ligue 1,2023-2024,2024-03-29,Lille,Lens,2,1,1.6,0.74,
Ligue 1,2023-2024,2024-03-30,Metz,Monaco,2,5,1.76,2.86,
Ligue 1,2023-2024,2024-03-30,Lyon,Reims,1,1,2.13,1.49,
Ligue 1,2023-2024,2024-03-31,Lorient,Brest,0,1,1.41,0.43,
Ligue 1,2023-2024,2024-03-31,Nice,Nantes,1,2,1.21,1.79,
Ligue 1,2023-2024,2024-03-31,Clermont Foot,Toulouse,0,3,0.9,2.3,
Ligue 1,2023-2024,2024-03-31,Le Havre,Montpellier,0,2,0.69,1.82,
Ligue 1,2023-2024,2024-03-31,Strasbourg,Rennes,2,0,2.46,0.91,
Ligue 1,2023-2024,2024-03-31,Marseille,Paris Saint Germain,0,2,1.03,1.74,
Ligue 1,2023-2024,2024-04-05,Lille,Marseille,3,1,1.95,0.85,
Ligue 1,2023-2024,2024-04-06,Lens,Le Havre,1,1,1.03,1.55,
Ligue 1,2023-2024,2024-04-06,Paris Saint Germain,Clermont Foot,1,1,2.57,0.28,
Ligue 1,2023-2024,2024-04-07,Brest,Metz,4,3,4.52,2.08,
Ligue 1,2023-2024,2024-04-07,Toulouse,Strasbourg,0,0,0.83,0.58,
Ligue 1,2023-2024,2024-04-07,Reims,Nice,0,0,0.54,1.92,
Ligue 1,2023-2024,2024-04-07,Montpellier,Lorient,2,0,2.69,1.75,
Ligue 1,2023-2024,2024-04-07,Monaco,Rennes,1,0,1.6,1.66,
Ligue 1,2023-2024,2024-04-07,Nantes,Lyon,1,3,1.1,2.91,
Ligue 1,2023-2024,2024-04-12,Metz,Lens,2,1,0.8,1.91,
Ligue 1,2023-2024,2024-04-13,Strasbourg,Reims,3,1,2.31,0.74,
Ligue 1,2023-2024,2024-04-13,Rennes,Toulouse,1,2,0.88,0.78,
Ligue 1,2023-2024,2024-04-14,Le Havre,Nantes,0,1,1.6,0.76,
Ligue 1,2023-2024,2024-04-14,Clermont Foot,Montpellier,1,1,1.37,1.71,
Ligue 1,2023-2024,2024-04-14,Lyon,Brest,4,3,1.85,1.72,
Ligue 1,2023-2024,2024-04-19,Nice,Lorient,3,0,2.51,0.56,
Ligue 1,2023-2024,2024-04-20,Nantes,Rennes,0,3,0.16,2.38,
Ligue 1,2023-2024,2024-04-20,Lens,Clermont Foot,1,0,2.81,0.62,
Ligue 1,2023-2024,2024-04-21,Lille,Strasbourg,1,0,1.26,0.95,
Ligue 1,2023-2024,2024-04-21,Reims,Montpellier,1,2,1.32,1.36,
Ligue 1,2023-2024,2024-04-21,Le Havre,Metz,0,1,0.65,1.5,
Ligue 1,2023-2024,2024-04-21,Brest,Monaco,0,2,0.64,1.31,
Ligue 1,2023-2024,2024-04-21,Toulouse,Marseille,2,2,0.65,1.07,
Ligue 1,2023-2024,2024-04-21,Paris Saint Germain,Lyon,4,1,3.09,0.67,
Ligue 1,2023-2024,2024-04-24,Lorient,Paris Saint Germain,1,4,1.04,1.98,
Ligue 1,2023-2024,2024-04-24,Marseille,Nice,2,2,1.78,1.29,
Ligue 1,2023-2024,2024-04-24,Monaco,Lille,1,0,2.22,1.28,
Ligue 1,2023-2024,2024-04-26,Montpellier,Nantes,1,1,0.68,1.71,
Ligue 1,2023-2024,2024-04-27,Paris Saint Germain,Le Havre,3,3,2.26,1.21,
Ligue 1,2023-2024,2024-04-28,Metz,Lille,1,2,1.28,0.88,
Ligue 1,2023-2024,2024-04-28,Strasbourg,Nice,1,3,1.04,1.9,
Ligue 1,2023-2024,2024-04-28,Lorient,Toulouse,1,2,1.36,2.23,
Ligue 1,2023-2024,2024-04-28,Clermont Foot,Reims,4,1,2.57,0.88,
Ligue 1,2023-2024,2024-04-28,Rennes,Brest,4,5,2.34,2.19,
Ligue 1,2023-2024,2024-04-28,Lyon,Monaco,3,2,2.64,2.05,
Ligue 1,2023-2024,2024-04-28,Marseille,Lens,2,1,1.77,1.25,
Ligue 1,2023-2024,2024-05-03,Toulouse,Montpellier,1,2,1.99,0.66,
Ligue 1,2023-2024,2024-05-03,Lens,Lorient,2,0,2.3,0.46,
Ligue 1,2023-2024,2024-05-04,Le Havre,Strasbourg,3,1,2.56,0.63,
Ligue 1,2023-2024,2024-05-04,Monaco,Clermont Foot,4,1,3.45,1.02,
Ligue 1,2023-2024,2024-05-04,Metz,Rennes,2,3,0.83,2.02,
Ligue 1,2023-2024,2024-05-04,Brest,Nantes,0,0,0.62,1.34,
Ligue 1,2023-2024,2024-05-06,Lille,Lyon,3,4,1.12,2.43,
Ligue 1,2023-2024,2024-05-10,Nice,Le Havre,1,0,1.94,0.43,
Ligue 1,2023-2024,2024-05-10,Brest,Reims,1,1,1.35,0.43,
Ligue 1,2023-2024,2024-05-12,Paris Saint Germain,Toulouse,1,3,1.5,1.71,
Ligue 1,2023-2024,2024-05-12,Strasbourg,Metz,2,1,1.39,0.9,
Ligue 1,2023-2024,2024-05-12,Rennes,Lens,1,1,2.15,0.41,
Ligue 1,2023-2024,2024-05-12,Marseille,Lorient,3,1,3.97,1.09,
Ligue 1,2023-2024,2024-05-12,Clermont Foot,Lyon,0,1,1.18,0.39,
Ligue 1,2023-2024,2024-05-12,Nantes,Lille,1,2,0.81,1.41,
Ligue 1,2023-2024,2024-05-12,Montpellier,Monaco,0,2,1.13,2.32,
Ligue 1,2023-2024,2024-05-15,Nice,Paris Saint Germain,1,2,1.96,1.45,
Ligue 1,2023-2024,2024-05-15,Reims,Marseille,1,0,0.88,1.81,
Ligue 1,2023-2024,2024-05-19,Metz,Paris Saint Germain,0,2,1.21,2.93,
Ligue 1,2023-2024,2024-05-19,Lens,Montpellier,2,2,5.39,1.12,
Ligue 1,2023-2024,2024-05-19,Le Havre,Marseille,1,2,2.32,2.32,
Ligue 1,2023-2024,2024-05-19,Lyon,Strasbourg,2,1,3.27,1.13,
Ligue 1,2023-2024,2024-05-19,Reims,Rennes,2,1,1.39,1.26,
Ligue 1,2023-2024,2024-05-19,Lille,Nice,2,2,1.6,1.33,
Ligue 1,2023-2024,2024-05-19,Lorient,Clermont Foot,5,0,4.92,0.74,
Ligue 1,2023-2024,2024-05-19,Monaco,Nantes,4,0,1.85,0.89,
Ligue 1,2023-2024,2024-05-19,Toulouse,Brest,0,3,0.98,1.03,
Ligue 1,2024-2025,2024-08-16,Le Havre,Paris Saint Germain,1,4,0.2,2.91,
Ligue 1,2024-2025,2024-08-17,Brest,Marseille,1,5,1.51,2.96,
Ligue 1,2024-2025,2024-08-17,Reims,Lille,0,2,0.08,2.32,
Ligue 1,2024-2025,2024-08-17,Monaco,Saint-Etienne,1,0,2.78,0.48,
Ligue 1,2024-2025,2024-08-18,Auxerre,Nice,2,1,3.03,0.58,
Ligue 1,2024-2025,2024-08-18,Montpellier,Strasbourg,1,1,1.45,1.1,
Ligue 1,2024-2025,2024-08-18,Toulouse,Nantes,0,0,1.51,0.51,
Ligue 1,2024-2025,2024-08-18,Angers,Lens,0,1,0.3,1.04,
Ligue 1,2024-2025,2024-08-18,Rennes,Lyon,3,0,2.57,2.2,
Ligue 1,2024-2025,2024-08-23,Paris Saint Germain,Montpellier,6,0,4.94,0.77,
Ligue 1,2024-2025,2024-08-24,Lyon,Monaco,0,2,0.01,2.61,
Ligue 1,2024-2025,2024-08-24,Lille,Angers,2,0,1.26,0.74,
Ligue 1,2024-2025,2024-08-24,Saint-Etienne,Le Havre,0,2,1.49,2.23,
Ligue 1,2024-2025,2024-08-25,Lens,Brest,2,0,4.02,0.7,
Ligue 1,2024-2025,2024-08-25,Nice,Toulouse,1,1,1.24,0.95,
Ligue 1,2024-2025,2024-08-25,Strasbourg,Rennes,3,1,1.59,1.4,
Ligue 1,2024-2025,2024-08-25,Nantes,Auxerre,2,0,1.53,0.88,
Ligue 1,2024-2025,2024-08-25,Marseille,Reims,2,2,2.94,1.01,
Ligue 1,2024-2025,2024-08-30,Lyon,Strasbourg,4,3,3.23,2.45,
Ligue 1,2024-2025,2024-08-31,Brest,Saint-Etienne,4,0,3.61,0.26,
Ligue 1,2024-2025,2024-08-31,Montpellier,Nantes,1,3,0.75,1.69,
Ligue 1,2024-2025,2024-08-31,Toulouse,Marseille,1,3,0.49,1.3,
Ligue 1,2024-2025,2024-09-01,Monaco,Lens,1,1,0.91,1.91,
Ligue 1,2024-2025,2024-09-01,Le Havre,Auxerre,3,1,2.84,0.74,
Ligue 1,2024-2025,2024-09-01,Reims,Rennes,2,1,2.01,1.03,
Ligue 1,2024-2025,2024-09-01,Angers,Nice,1,4,1.33,2.53,
Ligue 1,2024-2025,2024-09-01,Lille,Paris Saint Germain,1,3,1.58,3.24,
Ligue 1,2024-2025,2024-09-13,Saint-Etienne,Lille,1,0,1.18,2.73,
Ligue 1,2024-2025,2024-09-14,Marseille,Nice,2,0,1.03,1.72,
Ligue 1,2024-2025,2024-09-14,Auxerre,Monaco,0,3,0.42,3.38,
Ligue 1,2024-2025,2024-09-14,Paris Saint Germain,Brest,3,1,2.91,1.01,
Ligue 1,2024-2025,2024-09-15,Rennes,Montpellier,3,0,1.27,0.31,
Ligue 1,2024-2025,2024-09-15,Nantes,Reims,1,2,1.43,0.55,
Ligue 1,2024-2025,2024-09-15,Toulouse,Le Havre,2,0,1.87,0.15,
Ligue 1,2024-2025,2024-09-15,Strasbourg,Angers,1,1,2.48,0.86,
Ligue 1,2024-2025,2024-09-15,Lens,Lyon,0,0,0.62,0.53,
Ligue 1,2024-2025,2024-09-20,Nice,Saint-Etienne,8,0,4.5,0.34,
Ligue 1,2024-2025,2024-09-21,Lille,Strasbourg,3,3,2.3,3.02,
Ligue 1,2024-2025,2024-09-21,Rennes,Lens,1,1,1.35,0.85,
Ligue 1,2024-2025,2024-09-21,Reims,Paris Saint Germain,1,1,0.76,1.9,
Ligue 1,2024-2025,2024-09-22,Monaco,Le Havre,3,1,1.84,0.58,
Ligue 1,2024-2025,2024-09-22,Brest,Toulouse,2,0,0.71,2.35,
Ligue 1,2024-2025,2024-09-22,Angers,Nantes,1,1,0.82,1.29,
Ligue 1,2024-2025,2024-09-22,Montpellier,Auxerre,3,2,1.78,1.43,
Ligue 1,2024-2025,2024-09-22,Lyon,Marseille,2,3,3.89,0.68,
Ligue 1,2024-2025,2024-09-27,Auxerre,Brest,3,0,2.95,0.73,
Ligue 1,2024-2025,2024-09-27,Paris Saint Germain,Rennes,3,1,3.22,2.03,
Ligue 1,2024-2025,2024-09-28,Lens,Nice,0,0,2.06,0.96,
Ligue 1,2024-2025,2024-09-28,Le Havre,Lille,0,3,0.49,3.57,
Ligue 1,2024-2025,2024-09-28,Monaco,Montpellier,2,1,3.46,0.77,
Ligue 1,2024-2025,2024-09-29,Toulouse,Lyon,1,2,0.72,0.73,
Ligue 1,2024-2025,2024-09-29,Nantes,Saint-Etienne,2,2,2.62,1.02,
Ligue 1,2024-2025,2024-09-29,Angers,Reims,1,3,1.08,4.18,
Ligue 1,2024-2025,2024-09-29,Strasbourg,Marseille,1,0,1.67,0.78,
Ligue 1,2024-2025,2024-10-04,Marseille,Angers,1,1,0.9,1.19,
Ligue 1,2024-2025,2024-10-05,Saint-Etienne,Auxerre,3,1,2.45,0.72,
Ligue 1,2024-2025,2024-10-05,Lille,Toulouse,2,1,1.38,1.44,
Ligue 1,2024-2025,2024-10-05,Rennes,Monaco,1,2,0.64,0.5,
Ligue 1,2024-2025,2024-10-06,Lyon,Nantes,2,0,2.43,0.77,
Ligue 1,2024-2025,2024-10-06,Reims,Montpellier,4,2,3.72,0.87,
Ligue 1,2024-2025,2024-10-06,Brest,Le Havre,2,0,0.89,2.12,
Ligue 1,2024-2025,2024-10-06,Strasbourg,Lens,2,2,1.31,1.43,
Ligue 1,2024-2025,2024-10-06,Nice,Paris Saint Germain,1,1,0.33,0.82,
Ligue 1,2024-2025,2024-10-18,Monaco,Lille,0,0,1.19,0.16,
Ligue 1,2024-2025,2024-10-19,Brest,Rennes,1,1,1.43,1.14,
Ligue 1,2024-2025,2024-10-19,Saint-Etienne,Lens,0,2,0.78,1.36,
Ligue 1,2024-2025,2024-10-19,Paris Saint Germain,Strasbourg,4,2,4.67,2.22,
Ligue 1,2024-2025,2024-10-20,Le Havre,Lyon,0,4,0.36,2.77,
Ligue 1,2024-2025,2024-10-20,Auxerre,Reims,2,1,2.86,1.23,
Ligue 1,2024-2025,2024-10-20,Toulouse,Angers,1,1,2.44,1.47,
Ligue 1,2024-2025,2024-10-20,Nantes,Nice,1,1,0.83,0.78,
Ligue 1,2024-2025,2024-10-20,Montpellier,Marseille,0,5,1.76,3.88,
Ligue 1,2024-2025,2024-10-25,Rennes,Le Havre,1,0,1.84,0.27,
Ligue 1,2024-2025,2024-10-26,Angers,Saint-Etienne,4,2,3.27,1.33,
Ligue 1,2024-2025,2024-10-26,Reims,Brest,1,2,1.45,1.64,
Ligue 1,2024-2025,2024-10-26,Lens,Lille,0,2,0.87,1.48,
Ligue 1,2024-2025,2024-10-27,Lyon,Auxerre,2,2,2.21,1.06,
Ligue 1,2024-2025,2024-10-27,Montpellier,Toulouse,0,3,0.24,2.89,
Ligue 1,2024-2025,2024-10-27,Strasbourg,Nantes,3,1,2.0,0.76,
Ligue 1,2024-2025,2024-10-27,Nice,Monaco,2,1,1.79,0.8,
Ligue 1,2024-2025,2024-10-27,Marseille,Paris Saint Germain,0,3,0.28,4.04,
Ligue 1,2024-2025,2024-11-01,Monaco,Angers,0,1,1.48,0.5,
Ligue 1,2024-2025,2024-11-01,Lille,Lyon,1,1,1.67,1.58,
Ligue 1,2024-2025,2024-11-02,Paris Saint Germain,Lens,1,0,2.77,0.8,
Ligue 1,2024-2025,2024-11-02,Brest,Nice,0,1,1.02,1.92,
Ligue 1,2024-2025,2024-11-02,Saint-Etienne,Strasbourg,2,0,2.83,0.45,
Ligue 1,2024-2025,2024-11-03,Toulouse,Reims,1,0,0.91,0.82,
Ligue 1,2024-2025,2024-11-03,Auxerre,Rennes,4,0,2.4,0.7,
Ligue 1,2024-2025,2024-11-03,Le Havre,Montpellier,1,0,1.8,0.72,
Ligue 1,2024-2025,2024-11-03,Nantes,Marseille,1,2,1.26,0.88,
Ligue 1,2024-2025,2024-11-08,Marseille,Auxerre,1,3,2.03,2.09,
Ligue 1,2024-2025,2024-11-09,Strasbourg,Monaco,1,3,0.77,3.43,
Ligue 1,2024-2025,2024-11-09,Lens,Nantes,3,2,3.75,1.5,
Ligue 1,2024-2025,2024-11-09,Angers,Paris Saint Germain,2,4,1.21,4.38,
Ligue 1,2024-2025,2024-11-10,Nice,Lille,2,2,1.93,2.2,
Ligue 1,2024-2025,2024-11-10,Rennes,Toulouse,0,2,0.31,1.32,
Ligue 1,2024-2025,2024-11-10,Le Havre,Reims,0,3,1.51,2.7,
Ligue 1,2024-2025,2024-11-10,Montpellier,Brest,3,1,3.04,1.89,
Ligue 1,2024-2025,2024-11-10,Lyon,Saint-Etienne,1,0,2.29,0.7,
Ligue 1,2024-2025,2024-11-22,Monaco,Brest,3,2,2.56,1.39,
Ligue 1,2024-2025,2024-11-22,Paris Saint Germain,Toulouse,3,0,1.63,1.84,
Ligue 1,2024-2025,2024-11-23,Lens,Marseille,1,3,2.17,1.38,
Ligue 1,2024-2025,2024-11-23,Saint-Etienne,Montpellier,1,0,1.27,0.86,
Ligue 1,2024-2025,2024-11-23,Reims,Lyon,1,1,1.17,1.93,
Ligue 1,2024-2025,2024-11-24,Lille,Rennes,1,0,0.64,0.18,
Ligue 1,2024-2025,2024-11-24,Nantes,Le Havre,0,2,0.85,0.98,
Ligue 1,2024-2025,2024-11-24,Auxerre,Angers,1,0,0.68,1.14,
Ligue 1,2024-2025,2024-11-24,Nice,Strasbourg,2,1,2.04,0.52,
Ligue 1,2024-2025,2024-11-29,Reims,Lens,0,2,0.59,1.41,
Ligue 1,2024-2025,2024-11-30,Rennes,Saint-Etienne,5,0,3.02,0.17,
Ligue 1,2024-2025,2024-11-30,Brest,Strasbourg,3,1,2.9,0.93,
Ligue 1,2024-2025,2024-11-30,Paris Saint Germain,Nantes,1,1,3.86,0.74,
Ligue 1,2024-2025,2024-12-01,Montpellier,Lille,2,2,1.28,2.06,
Ligue 1,2024-2025,2024-12-01,Le Havre,Angers,0,1,0.32,2.1,
Ligue 1,2024-2025,2024-12-01,Lyon,Nice,4,1,2.88,2.04,
Ligue 1,2024-2025,2024-12-01,Toulouse,Auxerre,2,0,2.79,0.13,
Ligue 1,2024-2025,2024-12-01,Marseille,Monaco,2,1,1.66,0.96,
Ligue 1,2024-2025,2024-12-06,Lille,Brest,3,1,3.01,0.74,
Ligue 1,2024-2025,2024-12-06,Auxerre,Paris Saint Germain,0,0,0.34,3.05,
Ligue 1,2024-2025,2024-12-07,Monaco,Toulouse,2,0,2.8,0.23,
Ligue 1,2024-2025,2024-12-07,Nice,Le Havre,2,1,2.28,1.43,
Ligue 1,2024-2025,2024-12-07,Angers,Lyon,0,3,0.51,2.03,
Ligue 1,2024-2025,2024-12-08,Lens,Montpellier,2,0,1.1,1.52,
Ligue 1,2024-2025,2024-12-08,Strasbourg,Reims,0,0,1.09,1.28,
Ligue 1,2024-2025,2024-12-08,Nantes,Rennes,1,0,1.71,0.29,
Ligue 1,2024-2025,2024-12-08,Saint-Etienne,Marseille,0,2,0.17,2.99,
Ligue 1,2024-2025,2024-12-13,Toulouse,Saint-Etienne,2,1,1.73,0.39,
Ligue 1,2024-2025,2024-12-14,Marseille,Lille,1,1,1.22,1.24,
Ligue 1,2024-2025,2024-12-14,Auxerre,Lens,2,2,0.51,1.74,
Ligue 1,2024-2025,2024-12-14,Reims,Monaco,0,0,1.52,1.33,
Ligue 1,2024-2025,2024-12-15,Montpellier,Nice,2,2,2.45,1.55,
Ligue 1,2024-2025,2024-12-15,Rennes,Angers,2,0,0.63,0.39,
Ligue 1,2024-2025,2024-12-15,Le Havre,Strasbourg,0,3,1.58,1.39,
Ligue 1,2024-2025,2024-12-15,Brest,Nantes,4,1,2.2,1.4,
Ligue 1,2024-2025,2024-12-15,Paris Saint Germain,Lyon,3,1,2.6,1.24,
Ligue 1,2024-2025,2024-12-18,Monaco,Paris Saint Germain,2,4,3.1,2.41,
Ligue 1,2024-2025,2025-01-03,Nice,Rennes,3,2,1.52,1.5,
Ligue 1,2024-2025,2025-01-04,Saint-Etienne,Reims,3,1,3.19,1.28,
Ligue 1,2024-2025,2025-01-04,Lille,Nantes,1,1,1.13,1.07,
Ligue 1,2024-2025,2025-01-04,Lyon,Montpellier,1,0,1.08,1.56,
Ligue 1,2024-2025,2025-01-05,Lens,Toulouse,0,1,1.33,2.19,
Ligue 1,2024-2025,2025-01-05,Angers,Brest,2,0,1.9,0.61,
Ligue 1,2024-2025,2025-01-05,Strasbourg,Auxerre,3,1,2.9,1.76,
Ligue 1,2024-2025,2025-01-05,Marseille,Le Havre,5,1,3.17,0.89,
Ligue 1,2024-2025,2025-01-10,Nantes,Monaco,2,2,1.41,3.49,
Ligue 1,2024-2025,2025-01-10,Auxerre,Lille,0,0,0.6,1.52,
Ligue 1,2024-2025,2025-01-11,Brest,Lyon,2,1,1.29,1.4,
Ligue 1,2024-2025,2025-01-11,Reims,Nice,2,4,0.95,3.22,
Ligue 1,2024-2025,2025-01-11,Rennes,Marseille,1,2,1.77,2.49,
Ligue 1,2024-2025,2025-01-12,Le Havre,Lens,1,2,1.84,3.11,
Ligue 1,2024-2025,2025-01-12,Toulouse,Strasbourg,1,2,1.19,1.83,
Ligue 1,2024-2025,2025-01-12,Montpellier,Angers,1,3,1.45,3.47,
Ligue 1,2024-2025,2025-01-12,Paris Saint Germain,Saint-Etienne,2,1,5.07,0.41,
Ligue 1,2024-2025,2025-01-17,Montpellier,Monaco,2,1,2.61,1.75,
Ligue 1,2024-2025,2025-01-17,Lille,Nice,2,1,1.29,2.9,
Ligue 1,2024-2025,2025-01-18,Lens,Paris Saint Germain,1,2,1.35,1.57,
Ligue 1,2024-2025,2025-01-18,Rennes,Brest,1,2,1.93,1.87,
Ligue 1,2024-2025,2025-01-18,Lyon,Toulouse,0,0,0.62,1.37,
Ligue 1,2024-2025,2025-01-19,Saint-Etienne,Nantes,1,1,0.84,1.36,
Ligue 1,2024-2025,2025-01-19,Reims,Le Havre,1,1,1.49,1.29,
Ligue 1,2024-2025,2025-01-19,Angers,Auxerre,2,0,1.22,0.46,
Ligue 1,2024-2025,2025-01-19,Marseille,Strasbourg,1,1,3.29,0.85,
Ligue 1,2024-2025,2025-01-24,Auxerre,Saint-Etienne,1,1,0.58,1.19,
Ligue 1,2024-2025,2025-01-25,Monaco,Rennes,3,2,3.47,1.85,
Ligue 1,2024-2025,2025-01-25,Strasbourg,Lille,2,1,1.2,1.95,
Ligue 1,2024-2025,2025-01-25,Paris Saint Germain,Reims,1,1,1.8,0.61,
Ligue 1,2024-2025,2025-01-26,Le Havre,Brest,0,1,0.7,2.38,
Ligue 1,2024-2025,2025-01-26,Toulouse,Montpellier,1,2,1.34,0.94,
Ligue 1,2024-2025,2025-01-26,Lens,Angers,1,0,2.01,0.08,
Ligue 1,2024-2025,2025-01-26,Nantes,Lyon,1,1,1.63,1.62,
Ligue 1,2024-2025,2025-01-26,Nice,Marseille,2,0,2.11,1.11,
Ligue 1,2024-2025,2025-01-31,Montpellier,Lens,0,2,1.11,3.21,
Ligue 1,2024-2025,2025-02-01,Brest,Paris Saint Germain,2,5,0.64,3.95,
Ligue 1,2024-2025,2025-02-01,Monaco,Auxerre,4,2,2.08,1.64,
Ligue 1,2024-2025,2025-02-01,Lille,Saint-Etienne,4,1,2.75,2.1,
Ligue 1,2024-2025,2025-02-02,Toulouse,Nice,1,1,0.85,1.51,
Ligue 1,2024-2025,2025-02-02,Reims,Nantes,1,2,0.96,1.42,
Ligue 1,2024-2025,2025-02-02,Angers,Le Havre,1,1,1.77,2.19,
Ligue 1,2024-2025,2025-02-02,Rennes,Strasbourg,1,0,0.76,0.99,
Ligue 1,2024-2025,2025-02-02,Marseille,Lyon,3,2,3.62,1.84,
Ligue 1,2024-2025,2025-02-07,Nantes,Brest,0,2,1.45,2.5,
Ligue 1,2024-2025,2025-02-07,Paris Saint Germain,Monaco,4,1,3.14,0.92,
Ligue 1,2024-2025,2025-02-08,Lille,Le Havre,1,2,1.77,1.65,
Ligue 1,2024-2025,2025-02-08,Nice,Lens,2,0,3.37,1.02,
Ligue 1,2024-2025,2025-02-08,Saint-Etienne,Rennes,0,2,0.46,4.07,
Ligue 1,2024-2025,2025-02-09,Lyon,Reims,4,0,3.25,0.31,
Ligue 1,2024-2025,2025-02-09,Auxerre,Toulouse,2,2,0.72,1.16,
Ligue 1,2024-2025,2025-02-09,Strasbourg,Montpellier,2,0,3.17,1.98,
Ligue 1,2024-2025,2025-02-09,Angers,Marseille,0,2,0.37,2.88,
Ligue 1,2024-2025,2025-02-14,Brest,Auxerre,2,2,1.97,1.49,
Ligue 1,2024-2025,2025-02-15,Marseille,Saint-Etienne,5,1,5.94,1.03,
Ligue 1,2024-2025,2025-02-15,Monaco,Nantes,7,1,5.15,1.37,
Ligue 1,2024-2025,2025-02-15,Toulouse,Paris Saint Germain,0,1,1.2,2.93,
Ligue 1,2024-2025,2025-02-16,Montpellier,Lyon,1,4,1.34,1.59,
Ligue 1,2024-2025,2025-02-16,Lens,Strasbourg,0,2,0.27,1.98,
Ligue 1,2024-2025,2025-02-16,Reims,Angers,0,1,2.07,2.43,
Ligue 1,2024-2025,2025-02-16,Le Havre,Nice,1,3,0.56,1.22,
Ligue 1,2024-2025,2025-02-16,Rennes,Lille,0,2,0.42,3.02,
Ligue 1,2024-2025,2025-02-21,Rennes,Reims,1,0,3.06,0.16,
Ligue 1,2024-2025,2025-02-22,Lille,Monaco,2,1,1.05,2.78,
Ligue 1,2024-2025,2025-02-22,Saint-Etienne,Angers,3,3,1.7,3.18,
Ligue 1,2024-2025,2025-02-22,Auxerre,Marseille,3,0,1.97,1.22,
Ligue 1,2024-2025,2025-02-23,Nantes,Lens,3,1,4.25,2.06,
Ligue 1,2024-2025,2025-02-23,Le Havre,Toulouse,1,4,1.04,2.61,
Ligue 1,2024-2025,2025-02-23,Strasbourg,Brest,0,0,0.79,0.5,
Ligue 1,2024-2025,2025-02-23,Nice,Montpellier,2,0,2.14,0.92,
Ligue 1,2024-2025,2025-02-23,Lyon,Paris Saint Germain,2,3,1.76,2.75,
Ligue 1,2024-2025,2025-02-28,Monaco,Reims,3,0,4.01,0.72,
Ligue 1,2024-2025,2025-03-01,Saint-Etienne,Nice,1,3,1.02,2.41,
Ligue 1,2024-2025,2025-03-01,Lens,Le Havre,3,4,2.03,1.73,
Ligue 1,2024-2025,2025-03-01,Paris Saint Germain,Lille,4,1,3.6,0.87,
Ligue 1,2024-2025,2025-03-02,Lyon,Brest,2,1,1.54,1.89,
Ligue 1,2024-2025,2025-03-02,Montpellier,Rennes,0,4,1.6,2.5,
Ligue 1,2024-2025,2025-03-02,Auxerre,Strasbourg,0,1,2.09,1.53,
Ligue 1,2024-2025,2025-03-02,Angers,Toulouse,0,4,0.36,4.44,
Ligue 1,2024-2025,2025-03-02,Marseille,Nantes,2,0,2.62,0.84,
Ligue 1,2024-2025,2025-03-07,Toulouse,Monaco,1,1,1.25,2.86,
Ligue 1,2024-2025,2025-03-08,Rennes,Paris Saint Germain,1,4,2.11,3.4,
Ligue 1,2024-2025,2025-03-08,Lille,Montpellier,1,0,1.78,0.31,
Ligue 1,2024-2025,2025-03-08,Marseille,Lens,0,1,1.19,1.24,
Ligue 1,2024-2025,2025-03-09,Brest,Angers,2,0,4.54,0.49,
Ligue 1,2024-2025,2025-03-09,Le Havre,Saint-Etienne,1,1,2.15,1.39,
Ligue 1,2024-2025,2025-03-09,Reims,Auxerre,0,2,1.84,1.88,
Ligue 1,2024-2025,2025-03-09,Nantes,Strasbourg,0,1,0.66,1.17,
Ligue 1,2024-2025,2025-03-09,Nice,Lyon,0,2,1.51,0.78,
Ligue 1,2024-2025,2025-03-14,Nice,Auxerre,1,1,2.29,0.61,
Ligue 1,2024-2025,2025-03-15,Nantes,Lille,1,0,2.01,2.45,
Ligue 1,2024-2025,2025-03-15,Angers,Monaco,0,2,0.5,2.04,
Ligue 1,2024-2025,2025-03-15,Lens,Rennes,1,0,0.64,0.65,
Ligue 1,2024-2025,2025-03-16,Lyon,Le Havre,4,2,3.59,1.56,
Ligue 1,2024-2025,2025-03-16,Montpellier,Saint-Etienne,0,2,1.34,1.14,
Ligue 1,2024-2025,2025-03-16,Brest,Reims,0,0,0.34,0.99,
Ligue 1,2024-2025,2025-03-16,Strasbourg,Toulouse,2,1,1.99,1.4,
Ligue 1,2024-2025,2025-03-16,Paris Saint Germain,Marseille,3,1,2.61,0.73,
Ligue 1,2024-2025,2025-03-28,Strasbourg,Lyon,4,2,1.78,2.87,
Ligue 1,2024-2025,2025-03-29,Reims,Marseille,3,1,1.06,1.08,
Ligue 1,2024-2025,2025-03-29,Saint-Etienne,Paris Saint Germain,1,6,1.28,3.96,
Ligue 1,2024-2025,2025-03-29,Monaco,Nice,2,1,2.53,0.6,
Ligue 1,2024-2025,2025-03-30,Toulouse,Brest,2,4,2.44,1.99,
Ligue 1,2024-2025,2025-03-30,Angers,Rennes,0,3,1.05,1.63,
Ligue 1,2024-2025,2025-03-30,Auxerre,Montpellier,1,0,2.12,0.46,
Ligue 1,2024-2025,2025-03-30,Le Havre,Nantes,3,2,4.01,1.07,
Ligue 1,2024-2025,2025-03-30,Lille,Lens,1,0,1.95,0.6,
Ligue 1,2024-2025,2025-04-04,Nice,Nantes,1,2,2.18,0.95,
Ligue 1,2024-2025,2025-04-05,Paris Saint Germain,Angers,1,0,1.64,0.28,
Ligue 1,2024-2025,2025-04-05,Brest,Monaco,2,1,0.91,1.75,
Ligue 1,2024-2025,2025-04-05,Lyon,Lille,2,1,1.75,0.66,
Ligue 1,2024-2025,2025-04-06,Lens,Saint-Etienne,1,0,2.5,1.69,
Ligue 1,2024-2025,2025-04-06,Montpellier,Le Havre,0,2,0.96,1.73,
Ligue 1,2024-2025,2025-04-06,Reims,Strasbourg,0,1,0.89,2.8,
Ligue 1,2024-2025,2025-04-06,Rennes,Auxerre,0,1,1.06,1.11,
Ligue 1,2024-2025,2025-04-06,Marseille,Toulouse,3,2,1.13,1.31,
Ligue 1,2024-2025,2025-04-11,Lens,Reims,0,2,2.72,1.45,
Ligue 1,2024-2025,2025-04-12,Monaco,Marseille,3,0,2.92,0.88,
Ligue 1,2024-2025,2025-04-12,Toulouse,Lille,1,2,0.98,0.6,
Ligue 1,2024-2025,2025-04-12,Strasbourg,Nice,2,2,0.79,1.84,
Ligue 1,2024-2025,2025-04-13,Saint-Etienne,Brest,3,3,1.02,2.01,
Ligue 1,2024-2025,2025-04-13,Le Havre,Rennes,1,5,0.72,3.72,
Ligue 1,2024-2025,2025-04-13,Angers,Montpellier,2,0,1.77,0.45,
Ligue 1,2024-2025,2025-04-13,Auxerre,Lyon,1,3,1.0,3.12,
Ligue 1,2024-2025,2025-04-18,Rennes,Nantes,2,1,2.53,0.7,
Ligue 1,2024-2025,2025-04-19,Paris Saint Germain,Le Havre,2,1,3.19,0.71,
Ligue 1,2024-2025,2025-04-19,Monaco,Strasbourg,0,0,0.97,0.34,
Ligue 1,2024-2025,2025-04-19,Marseille,Montpellier,5,1,3.82,0.3,
Ligue 1,2024-2025,2025-04-20,Lille,Auxerre,3,1,2.97,0.28,
Ligue 1,2024-2025,2025-04-20,Nice,Angers,2,1,2.73,0.28,
Ligue 1,2024-2025,2025-04-20,Brest,Lens,1,3,1.05,2.99,
Ligue 1,2024-2025,2025-04-20,Reims,Toulouse,1,0,0.66,1.33,
Ligue 1,2024-2025,2025-04-20,Saint-Etienne,Lyon,2,1,1.75,0.63,
Ligue 1,2024-2025,2025-04-22,Nantes,Paris Saint Germain,1,1,0.52,2.31,
Ligue 1,2024-2025,2025-04-25,Paris Saint Germain,Nice,1,3,4.51,1.63,
Ligue 1,2024-2025,2025-04-26,Strasbourg,Saint-Etienne,3,1,2.83,2.22,
Ligue 1,2024-2025,2025-04-26,Le Havre,Monaco,1,1,0.81,3.29,
Ligue 1,2024-2025,2025-04-26,Lyon,Rennes,4,1,2.26,0.78,
Ligue 1,2024-2025,2025-04-27,Angers,Lille,0,2,0.92,2.23,
Ligue 1,2024-2025,2025-04-27,Nantes,Toulouse,0,0,1.34,0.41,
Ligue 1,2024-2025,2025-04-27,Montpellier,Reims,0,0,0.95,1.04,
Ligue 1,2024-2025,2025-04-27,Lens,Auxerre,0,4,2.31,2.38,
Ligue 1,2024-2025,2025-04-27,Marseille,Brest,4,1,1.13,2.01,
Ligue 1,2024-2025,2025-05-02,Nice,Reims,1,0,1.21,0.88,
Ligue 1,2024-2025,2025-05-03,Strasbourg,Paris Saint Germain,2,1,1.42,2.36,
Ligue 1,2024-2025,2025-05-03,Toulouse,Rennes,2,1,1.01,1.58,
Ligue 1,2024-2025,2025-05-03,Saint-Etienne,Monaco,1,3,1.17,1.84,
Ligue 1,2024-2025,2025-05-04,Nantes,Angers,0,1,0.14,0.73,
Ligue 1,2024-2025,2025-05-04,Auxerre,Le Havre,1,2,0.32,1.3,
Ligue 1,2024-2025,2025-05-04,Lyon,Lens,1,2,1.18,0.95,
Ligue 1,2024-2025,2025-05-04,Brest,Montpellier,1,0,1.34,0.41,
Ligue 1,2024-2025,2025-05-04,Lille,Marseille,1,1,0.68,1.43,
Ligue 1,2024-2025,2025-05-10,Reims,Saint-Etienne,0,2,1.12,0.71,
Ligue 1,2024-2025,2025-05-10,Auxerre,Nantes,1,1,0.62,0.82,
Ligue 1,2024-2025,2025-05-10,Angers,Strasbourg,2,1,1.33,0.71,
Ligue 1,2024-2025,2025-05-10,Le Havre,Marseille,1,3,1.1,2.16,
Ligue 1,2024-2025,2025-05-10,Rennes,Nice,2,0,2.07,1.23,
Ligue 1,2024-2025,2025-05-10,Montpellier,Paris Saint Germain,1,4,0.59,1.78,
Ligue 1,2024-2025,2025-05-10,Toulouse,Lens,1,1,1.12,0.77,
Ligue 1,2024-2025,2025-05-10,Brest,Lille,2,0,1.89,1.84,
Ligue 1,2024-2025,2025-05-10,Monaco,Lyon,2,0,1.49,0.39,
Ligue 1,2024-2025,2025-05-17,Strasbourg,Le Havre,2,3,1.74,2.5,
Ligue 1,2024-2025,2025-05-17,Marseille,Rennes,4,2,4.07,1.4,
Ligue 1,2024-2025,2025-05-17,Nantes,Montpellier,3,0,3.01,0.6,
Ligue 1,2024-2025,2025-05-17,Lyon,Angers,2,0,3.76,0.56,
Ligue 1,2024-2025,2025-05-17,Lens,Monaco,4,0,2.49,0.48,
Ligue 1,2024-2025,2025-05-17,Nice,Brest,6,0,5.02,0.69,
Ligue 1,2024-2025,2025-05-17,Paris Saint Germain,Auxerre,3,1,3.72,0.9,
Ligue 1,2024-2025,2025-05-17,Saint-Etienne,Toulouse,2,3,1.33,3.82,
Ligue 1,2024-2025,2025-05-17,Lille,Reims,2,1,2.32,0.1,
Ligue 1,2025-2026,2025-08-15,Rennes,Marseille,1,0,1.31,2.07,
Ligue 1,2025-2026,2025-08-16,Lens,Lyon,0,1,1.87,1.61,
Ligue 1,2025-2026,2025-08-16,Monaco,Le Havre,3,1,1.88,0.43,
Ligue 1,2025-2026,2025-08-16,Nice,Toulouse,0,1,0.96,0.57,
Ligue 1,2025-2026,2025-08-17,Brest,Lille,3,3,1.5,1.84,
Ligue 1,2025-2026,2025-08-17,Auxerre,Lorient,1,0,1.49,1.85,
Ligue 1,2025-2026,2025-08-17,Angers,Paris FC,1,0,0.82,0.71,
Ligue 1,2025-2026,2025-08-17,Metz,Strasbourg,0,1,0.18,0.73,
Ligue 1,2025-2026,2025-08-17,Nantes,Paris Saint Germain,0,1,0.12,1.36,
Ligue 1,2025-2026,2025-08-22,Paris Saint Germain,Angers,1,0,2.09,0.18,
Ligue 1,2025-2026,2025-08-23,Marseille,Paris FC,5,2,3.34,1.05,
Ligue 1,2025-2026,2025-08-23,Nice,Auxerre,3,1,2.66,2.24,
Ligue 1,2025-2026,2025-08-23,Lyon,Metz,3,0,2.35,0.5,
Ligue 1,2025-2026,2025-08-24,Lorient,Rennes,4,0,3.45,0.07,
Ligue 1,2025-2026,2025-08-24,Strasbourg,Nantes,1,0,1.82,0.43,
Ligue 1,2025-2026,2025-08-24,Le Havre,Lens,1,2,2.04,1.29,
Ligue 1,2025-2026,2025-08-24,Toulouse,Brest,2,0,1.32,0.75,
Ligue 1,2025-2026,2025-08-24,Lille,Monaco,1,0,2.41,1.52,
Ligue 1,2025-2026,2025-08-29,Lens,Brest,3,1,4.42,0.96,
Ligue 1,2025-2026,2025-08-30,Lorient,Lille,1,7,1.16,3.7,
Ligue 1,2025-2026,2025-08-30,Nantes,Auxerre,1,0,0.42,1.11,
Ligue 1,2025-2026,2025-08-30,Toulouse,Paris Saint Germain,3,6,2.33,2.5,
Ligue 1,2025-2026,2025-08-31,Angers,Rennes,1,1,1.59,1.74,
Ligue 1,2025-2026,2025-08-31,Le Havre,Nice,3,1,1.76,0.72,
Ligue 1,2025-2026,2025-08-31,Paris FC,Metz,3,2,3.4,1.62,
Ligue 1,2025-2026,2025-08-31,Monaco,Strasbourg,3,2,2.36,1.77,
Ligue 1,2025-2026,2025-08-31,Lyon,Marseille,1,0,3.16,0.9,
Ligue 1,2025-2026,2025-09-12,Marseille,Lorient,4,0,2.83,0.19,
Ligue 1,2025-2026,2025-09-13,Nice,Nantes,1,0,2.35,0.78,
Ligue 1,2025-2026,2025-09-13,Auxerre,Monaco,1,2,0.9,1.63,
Ligue 1,2025-2026,2025-09-14,Lille,Toulouse,2,1,2.42,1.16,
Ligue 1,2025-2026,2025-09-14,Brest,Paris FC,1,2,2.61,1.85,
Ligue 1,2025-2026,2025-09-14,Metz,Angers,1,1,1.76,1.98,
Ligue 1,2025-2026,2025-09-14,Paris Saint Germain,Lens,2,0,1.06,1.22,
Ligue 1,2025-2026,2025-09-14,Strasbourg,Le Havre,1,0,1.43,0.52,
Ligue 1,2025-2026,2025-09-14,Rennes,Lyon,3,1,2.21,1.74,
Ligue 1,2025-2026,2025-09-19,Lyon,Angers,1,0,2.2,0.68,
Ligue 1,2025-2026,2025-09-20,Nantes,Rennes,2,2,2.66,1.44,
Ligue 1,2025-2026,2025-09-20,Brest,Nice,4,1,2.07,2.26,
Ligue 1,2025-2026,2025-09-20,Lens,Lille,3,0,3.82,1.9,
Ligue 1,2025-2026,2025-09-21,Paris FC,Strasbourg,2,3,1.9,2.46,
Ligue 1,2025-2026,2025-09-21,Auxerre,Toulouse,1,0,0.88,1.51,
Ligue 1,2025-2026,2025-09-21,Le Havre,Lorient,1,1,2.23,1.27,
Ligue 1,2025-2026,2025-09-21,Monaco,Metz,5,2,3.5,1.91,
Ligue 1,2025-2026,2025-09-22,Marseille,Paris Saint Germain,1,0,1.78,0.92,
Ligue 1,2025-2026,2025-09-26,Strasbourg,Marseille,1,2,1.1,2.0,
Ligue 1,2025-2026,2025-09-27,Lorient,Monaco,3,1,2.09,0.89,
Ligue 1,2025-2026,2025-09-27,Toulouse,Nantes,2,2,1.99,1.83,
Ligue 1,2025-2026,2025-09-27,Paris Saint Germain,Auxerre,2,0,2.12,0.73,
Ligue 1,2025-2026,2025-09-28,Nice,Paris FC,1,1,1.37,1.49,
Ligue 1,2025-2026,2025-09-28,Angers,Brest,0,2,0.5,1.34,
Ligue 1,2025-2026,2025-09-28,Lille,Lyon,0,1,1.65,0.64,
Ligue 1,2025-2026,2025-09-28,Metz,Le Havre,0,0,0.4,0.4,
Ligue 1,2025-2026,2025-09-28,Rennes,Lens,0,0,1.57,1.52,
Ligue 1,2025-2026,2025-10-03,Paris FC,Lorient,2,0,1.84,0.86,
Ligue 1,2025-2026,2025-10-04,Metz,Marseille,0,3,0.15,2.68,
Ligue 1,2025-2026,2025-10-04,Brest,Nantes,0,0,1.45,0.49,
Ligue 1,2025-2026,2025-10-04,Auxerre,Lens,1,2,1.27,0.47,
Ligue 1,2025-2026,2025-10-05,Lyon,Toulouse,1,2,1.42,1.37,
Ligue 1,2025-2026,2025-10-05,Le Havre,Rennes,2,2,1.98,1.21,
Ligue 1,2025-2026,2025-10-05,Monaco,Nice,2,2,2.46,1.13,
Ligue 1,2025-2026,2025-10-05,Strasbourg,Angers,5,0,4.28,0.29,
Ligue 1,2025-2026,2025-10-05,Lille,Paris Saint Germain,1,1,0.65,1.71,
Ligue 1,2025-2026,2025-10-17,Paris Saint Germain,Strasbourg,3,3,2.86,1.92,
Ligue 1,2025-2026,2025-10-18,Nice,Lyon,3,2,1.16,2.9,
Ligue 1,2025-2026,2025-10-18,Angers,Monaco,1,1,1.58,1.65,
Ligue 1,2025-2026,2025-10-18,Marseille,Le Havre,6,2,4.2,0.35,
Ligue 1,2025-2026,2025-10-19,Lens,Paris FC,2,1,1.98,0.58,
Ligue 1,2025-2026,2025-10-19,Lorient,Brest,3,3,1.59,1.57,
Ligue 1,2025-2026,2025-10-19,Toulouse,Metz,4,0,2.73,0.12,
Ligue 1,2025-2026,2025-10-19,Rennes,Auxerre,2,2,1.94,1.67,
Ligue 1,2025-2026,2025-10-19,Nantes,Lille,0,2,0.77,2.76,
Ligue 1,2025-2026,2025-10-24,Paris FC,Nantes,1,2,0.95,0.92,
Ligue 1,2025-2026,2025-10-25,Brest,Paris Saint Germain,0,3,1.89,2.92,
Ligue 1,2025-2026,2025-10-25,Monaco,Toulouse,1,0,3.37,0.58,
Ligue 1,2025-2026,2025-10-25,Lens,Marseille,2,1,1.88,0.77,
Ligue 1,2025-2026,2025-10-26,Lille,Metz,6,1,3.85,1.01,
Ligue 1,2025-2026,2025-10-26,Angers,Lorient,2,0,1.3,2.0,
Ligue 1,2025-2026,2025-10-26,Auxerre,Le Havre,0,1,0.56,1.52,
Ligue 1,2025-2026,2025-10-26,Rennes,Nice,1,2,1.54,0.89,
Ligue 1,2025-2026,2025-10-26,Lyon,Strasbourg,2,1,1.15,0.8,
Ligue 1,2025-2026,2025-10-29,Le Havre,Brest,1,0,0.56,0.37,
Ligue 1,2025-2026,2025-10-29,Lorient,Paris Saint Germain,1,1,0.19,1.29,
Ligue 1,2025-2026,2025-10-29,Nice,Lille,2,0,1.74,0.66,
Ligue 1,2025-2026,2025-10-29,Metz,Lens,2,0,3.12,1.24,
Ligue 1,2025-2026,2025-10-29,Marseille,Angers,2,2,1.59,1.0,
Ligue 1,2025-2026,2025-10-29,Paris FC,Lyon,3,3,0.58,1.22,
Ligue 1,2025-2026,2025-10-29,Nantes,Monaco,3,5,2.13,4.1,
Ligue 1,2025-2026,2025-10-29,Toulouse,Rennes,2,2,1.62,1.26,
Ligue 1,2025-2026,2025-10-29,Strasbourg,Auxerre,3,0,4.11,0.69,
Ligue 1,2025-2026,2025-11-01,Paris Saint Germain,Nice,1,0,1.89,0.39,
Ligue 1,2025-2026,2025-11-01,Monaco,Paris FC,0,1,0.82,1.18,
Ligue 1,2025-2026,2025-11-01,Auxerre,Marseille,0,1,1.09,0.7,
Ligue 1,2025-2026,2025-11-02,Rennes,Strasbourg,4,1,3.07,2.09,
Ligue 1,2025-2026,2025-11-02,Lens,Lorient,3,0,3.21,1.98,
Ligue 1,2025-2026,2025-11-02,Lille,Angers,1,0,2.21,0.28,
Ligue 1,2025-2026,2025-11-02,Nantes,Metz,0,2,1.08,1.36,
Ligue 1,2025-2026,2025-11-02,Toulouse,Le Havre,0,0,1.08,1.07,
Ligue 1,2025-2026,2025-11-02,Brest,Lyon,0,0,1.64,0.14,
Ligue 1,2025-2026,2025-11-07,Paris FC,Rennes,0,1,2.23,1.37,
Ligue 1,2025-2026,2025-11-08,Marseille,Brest,3,0,3.09,0.7,
Ligue 1,2025-2026,2025-11-08,Le Havre,Nantes,1,1,0.98,0.35,
Ligue 1,2025-2026,2025-11-08,Monaco,Lens,1,4,2.41,3.24,
Ligue 1,2025-2026,2025-11-09,Lorient,Toulouse,1,1,1.27,1.15,
Ligue 1,2025-2026,2025-11-09,Angers,Auxerre,2,0,1.15,0.59,
Ligue 1,2025-2026,2025-11-09,Metz,Nice,2,1,1.33,0.78,
Ligue 1,2025-2026,2025-11-09,Strasbourg,Lille,2,0,0.77,0.48,
Ligue 1,2025-2026,2025-11-09,Lyon,Paris Saint Germain,2,3,0.71,1.7,
Ligue 1,2025-2026,2025-11-21,Nice,Marseille,1,5,1.36,3.09,
Ligue 1,2025-2026,2025-11-22,Lens,Strasbourg,1,0,2.22,0.4,
Ligue 1,2025-2026,2025-11-22,Rennes,Monaco,4,1,3.07,1.61,
Ligue 1,2025-2026,2025-11-22,Paris Saint Germain,Le Havre,3,0,4.12,1.29,
Ligue 1,2025-2026,2025-11-23,Auxerre,Lyon,0,0,1.51,1.28,
Ligue 1,2025-2026,2025-11-23,Brest,Metz,3,2,3.37,1.03,
Ligue 1,2025-2026,2025-11-23,Nantes,Lorient,1,1,0.92,0.35,
Ligue 1,2025-2026,2025-11-23,Toulouse,Angers,0,1,1.85,0.32,
Ligue 1,2025-2026,2025-11-23,Lille,Paris FC,4,2,4.14,1.5,
Ligue 1,2025-2026,2025-11-28,Metz,Rennes,0,1,1.31,0.98,
Ligue 1,2025-2026,2025-11-29,Monaco,Paris Saint Germain,1,0,0.64,1.48,
Ligue 1,2025-2026,2025-11-29,Paris FC,Auxerre,1,1,1.81,1.15,
Ligue 1,2025-2026,2025-11-29,Marseille,Toulouse,2,2,1.63,1.09,
Ligue 1,2025-2026,2025-11-30,Strasbourg,Brest,1,2,1.15,1.01,
Ligue 1,2025-2026,2025-11-30,Angers,Lens,1,2,1.11,1.96,
Ligue 1,2025-2026,2025-11-30,Le Havre,Lille,0,1,0.87,1.35,
Ligue 1,2025-2026,2025-11-30,Lorient,Nice,3,1,3.49,1.33,
Ligue 1,2025-2026,2025-11-30,Lyon,Nantes,3,0,2.19,0.38,
Ligue 1,2025-2026,2025-12-05,Brest,Monaco,1,0,1.14,0.49,
Ligue 1,2025-2026,2025-12-05,Lille,Marseille,1,0,0.57,0.9,
Ligue 1,2025-2026,2025-12-06,Nantes,Lens,1,2,1.18,3.26,
Ligue 1,2025-2026,2025-12-06,Toulouse,Strasbourg,1,0,0.64,0.09,
Ligue 1,2025-2026,2025-12-06,Paris Saint Germain,Rennes,5,0,2.33,0.15,
Ligue 1,2025-2026,2025-12-07,Nice,Angers,0,1,1.38,1.34,
Ligue 1,2025-2026,2025-12-07,Auxerre,Metz,3,1,2.22,0.35,
Ligue 1,2025-2026,2025-12-07,Le Havre,Paris FC,0,0,1.93,1.25,
Ligue 1,2025-2026,2025-12-07,Lorient,Lyon,1,0,2.49,0.48,
Ligue 1,2025-2026,2025-12-12,Angers,Nantes,4,1,3.05,0.27,
Ligue 1,2025-2026,2025-12-13,Rennes,Brest,3,1,1.59,0.87,
Ligue 1,2025-2026,2025-12-13,Metz,Paris Saint Germain,2,3,0.36,1.95,
Ligue 1,2025-2026,2025-12-13,Paris FC,Toulouse,0,3,0.37,2.04,
Ligue 1,2025-2026,2025-12-14,Lyon,Le Havre,1,0,2.96,1.44,
Ligue 1,2025-2026,2025-12-14,Auxerre,Lille,3,4,2.51,0.73,
Ligue 1,2025-2026,2025-12-14,Lens,Nice,2,0,1.92,0.73,
Ligue 1,2025-2026,2025-12-14,Strasbourg,Lorient,0,0,0.91,0.42,
Ligue 1,2025-2026,2025-12-14,Marseille,Monaco,1,0,2.02,1.95,
Ligue 1,2025-2026,2026-01-02,Toulouse,Lens,0,3,0.47,2.68,
Ligue 1,2025-2026,2026-01-03,Monaco,Lyon,1,3,0.8,1.96,
Ligue 1,2025-2026,2026-01-03,Nice,Strasbourg,1,1,2.39,1.39,
Ligue 1,2025-2026,2026-01-03,Lille,Rennes,0,2,1.06,1.5,
Ligue 1,2025-2026,2026-01-04,Marseille,Nantes,0,2,1.14,3.17,
Ligue 1,2025-2026,2026-01-04,Brest,Auxerre,2,0,1.54,0.84,
Ligue 1,2025-2026,2026-01-04,Le Havre,Angers,2,1,1.55,0.73,
Ligue 1,2025-2026,2026-01-04,Lorient,Metz,1,1,1.55,0.36,
Ligue 1,2025-2026,2026-01-04,Paris Saint Germain,Paris FC,2,1,1.59,0.94,
Ligue 1,2025-2026,2026-01-16,Monaco,Lorient,1,3,1.31,1.17,
Ligue 1,2025-2026,2026-01-16,Paris Saint Germain,Lille,3,0,1.29,0.68,
Ligue 1,2025-2026,2026-01-17,Lens,Auxerre,1,0,2.62,0.39,
Ligue 1,2025-2026,2026-01-17,Toulouse,Nice,5,1,1.77,1.42,
Ligue 1,2025-2026,2026-01-17,Angers,Marseille,2,5,1.04,3.91,
Ligue 1,2025-2026,2026-01-18,Strasbourg,Metz,2,1,1.02,0.98,
Ligue 1,2025-2026,2026-01-18,Nantes,Paris FC,1,2,0.41,0.74,
Ligue 1,2025-2026,2026-01-18,Rennes,Le Havre,1,1,2.55,0.54,
Ligue 1,2025-2026,2026-01-18,Lyon,Brest,2,1,2.63,1.16,
Ligue 1,2025-2026,2026-01-23,Auxerre,Paris Saint Germain,0,1,0.35,2.2,
Ligue 1,2025-2026,2026-01-24,Rennes,Lorient,0,2,1.88,1.1,
Ligue 1,2025-2026,2026-01-24,Le Havre,Monaco,0,0,0.17,0.56,
Ligue 1,2025-2026,2026-01-24,Marseille,Lens,3,1,1.07,1.0,
Ligue 1,2025-2026,2026-01-25,Nantes,Nice,1,4,1.99,1.61,
Ligue 1,2025-2026,2026-01-25,Brest,Toulouse,0,2,0.99,0.68,
Ligue 1,2025-2026,2026-01-25,Metz,Lyon,2,5,1.18,3.34,
Ligue 1,2025-2026,2026-01-25,Paris FC,Angers,0,0,0.76,0.34,
Ligue 1,2025-2026,2026-01-25,Lille,Strasbourg,1,4,1.74,3.57,
Ligue 1,2025-2026,2026-01-30,Lens,Le Havre,1,0,1.6,0.41,
Ligue 1,2025-2026,2026-01-31,Paris FC,Marseille,2,2,1.82,2.71,
Ligue 1,2025-2026,2026-01-31,Lorient,Nantes,2,1,0.78,1.2,
Ligue 1,2025-2026,2026-01-31,Monaco,Rennes,4,0,2.29,0.43,
Ligue 1,2025-2026,2026-02-01,Lyon,Lille,1,0,0.62,0.39,
Ligue 1,2025-2026,2026-02-01,Angers,Metz,1,0,1.35,0.4,
Ligue 1,2025-2026,2026-02-01,Nice,Brest,2,2,1.2,1.84,
Ligue 1,2025-2026,2026-02-01,Toulouse,Auxerre,0,0,0.8,0.87,
Ligue 1,2025-2026,2026-02-01,Strasbourg,Paris Saint Germain,1,2,1.97,1.16,
Ligue 1,2025-2026,2026-02-08,Brest,Lorient,2,0,2.05,0.72,
Ligue 1,2025-2026,2026-02-08,Lens,Rennes,3,1,1.01,1.34,
Ligue 1,2025-2026,2026-02-08,Metz,Lille,0,0,0.58,1.54,
Ligue 1,2025-2026,2026-02-08,Nantes,Lyon,0,1,0.8,0.99,
Ligue 1,2025-2026,2026-02-08,Nice,Monaco,0,0,0.46,0.83,
Ligue 1,2025-2026,2026-02-08,Angers,Toulouse,1,0,1.17,0.69,
Ligue 1,2025-2026,2026-02-08,Auxerre,Paris FC,0,0,1.27,0.76,
Ligue 1,2025-2026,2026-02-08,Le Havre,Strasbourg,2,1,0.86,0.51,
Ligue 1,2025-2026,2026-02-08,Paris Saint Germain,Marseille,5,0,4.63,0.91,
Ligue 1,2025-2026,2026-02-13,Rennes,Paris Saint Germain,3,1,1.8,4.18,
Ligue 1,2025-2026,2026-02-13,Monaco,Nantes,3,1,2.2,1.01,
Ligue 1,2025-2026,2026-02-14,Marseille,Strasbourg,2,2,1.62,2.39,
Ligue 1,2025-2026,2026-02-14,Lille,Brest,1,1,1.77,0.84,
Ligue 1,2025-2026,2026-02-14,Paris FC,Lens,0,5,0.4,3.5,
Ligue 1,2025-2026,2026-02-15,Le Havre,Toulouse,2,1,0.98,3.12,
Ligue 1,2025-2026,2026-02-15,Lorient,Angers,2,0,1.44,0.41,
Ligue 1,2025-2026,2026-02-15,Metz,Auxerre,1,3,0.75,1.06,
Ligue 1,2025-2026,2026-02-15,Lyon,Nice,2,0,2.0,1.3,
Ligue 1,2025-2026,2026-02-20,Brest,Marseille,2,0,1.33,1.36,
Ligue 1,2025-2026,2026-02-21,Lens,Monaco,2,3,1.83,2.34,
Ligue 1,2025-2026,2026-02-21,Toulouse,Paris FC,1,1,2.68,0.69,
Ligue 1,2025-2026,2026-02-21,Paris Saint Germain,Metz,3,0,2.41,0.06,
Ligue 1,2025-2026,2026-02-22,Auxerre,Rennes,0,3,0.7,1.11,
Ligue 1,2025-2026,2026-02-22,Angers,Lille,0,1,0.24,2.74,
Ligue 1,2025-2026,2026-02-22,Nantes,Le Havre,2,0,1.71,0.75,
Ligue 1,2025-2026,2026-02-22,Nice,Lorient,3,3,2.75,1.98,
Ligue 1,2025-2026,2026-02-22,Strasbourg,Lyon,3,1,2.23,0.43,
Ligue 1,2025-2026,2026-02-27,Strasbourg,Lens,1,1,0.87,2.04,
Ligue 1,2025-2026,2026-02-28,Rennes,Toulouse,1,0,0.71,0.67,
Ligue 1,2025-2026,2026-02-28,Monaco,Angers,2,0,1.67,0.61,
Ligue 1,2025-2026,2026-02-28,Le Havre,Paris Saint Germain,0,1,0.68,4.04,
Ligue 1,2025-2026,2026-03-01,Paris FC,Nice,1,0,1.3,1.26,
Ligue 1,2025-2026,2026-03-01,Lille,Nantes,1,0,0.5,0.17,
Ligue 1,2025-2026,2026-03-01,Lorient,Auxerre,2,2,1.03,1.97,
Ligue 1,2025-2026,2026-03-01,Metz,Brest,0,1,1.58,0.96,
Ligue 1,2025-2026,2026-03-01,Marseille,Lyon,3,2,1.79,1.79,
Ligue 1,2025-2026,2026-03-06,Paris Saint Germain,Monaco,1,3,1.22,1.75,
Ligue 1,2025-2026,2026-03-07,Nantes,Angers,0,1,0.61,0.85,
Ligue 1,2025-2026,2026-03-07,Auxerre,Strasbourg,0,0,1.03,1.27,
Ligue 1,2025-2026,2026-03-07,Toulouse,Marseille,0,1,1.29,1.32,
Ligue 1,2025-2026,2026-03-08,Lens,Metz,3,0,2.22,0.25,
Ligue 1,2025-2026,2026-03-08,Brest,Le Havre,2,0,1.26,1.1,
Ligue 1,2025-2026,2026-03-08,Lille,Lorient,1,1,0.85,0.93,
Ligue 1,2025-2026,2026-03-08,Nice,Rennes,0,4,2.68,1.87,
Ligue 1,2025-2026,2026-03-08,Lyon,Paris FC,1,1,1.93,2.33,
Ligue 1,2025-2026,2026-03-13,Marseille,Auxerre,1,0,1.13,0.29,
Ligue 1,2025-2026,2026-03-14,Lorient,Lens,2,1,2.37,1.01,
Ligue 1,2025-2026,2026-03-14,Angers,Nice,0,2,0.89,1.6,
Ligue 1,2025-2026,2026-03-14,Monaco,Brest,2,0,2.81,1.56,
Ligue 1,2025-2026,2026-03-15,Strasbourg,Paris FC,0,0,1.2,0.62,
Ligue 1,2025-2026,2026-03-15,Le Havre,Lyon,0,0,0.64,1.14,
Ligue 1,2025-2026,2026-03-15,Metz,Toulouse,3,4,1.63,1.74,
Ligue 1,2025-2026,2026-03-15,Rennes,Lille,1,2,1.55,1.35,
Ligue 1,2025-2026,2026-03-20,Lens,Angers,5,1,4.34,1.15,
Ligue 1,2025-2026,2026-03-21,Toulouse,Lorient,1,0,1.48,0.48,
Ligue 1,2025-2026,2026-03-21,Auxerre,Brest,3,0,2.06,0.88,
Ligue 1,2025-2026,2026-03-21,Nice,Paris Saint Germain,0,4,0.18,4.04,
Ligue 1,2025-2026,2026-03-22,Lyon,Monaco,1,2,1.11,3.5,
Ligue 1,2025-2026,2026-03-22,Marseille,Lille,1,2,1.03,1.61,
Ligue 1,2025-2026,2026-03-22,Paris FC,Le Havre,3,2,2.43,1.74,
Ligue 1,2025-2026,2026-03-22,Rennes,Metz,0,0,1.71,0.31,
Ligue 1,2025-2026,2026-03-22,Nantes,Strasbourg,2,3,1.91,2.84,
Ligue 1,2025-2026,2026-04-03,Paris Saint Germain,Toulouse,3,1,1.73,0.1,
Ligue 1,2025-2026,2026-04-04,Strasbourg,Nice,3,1,2.71,0.35,
Ligue 1,2025-2026,2026-04-04,Brest,Rennes,3,4,1.89,2.8,
Ligue 1,2025-2026,2026-04-04,Lille,Lens,3,0,3.82,0.41,
Ligue 1,2025-2026,2026-04-05,Angers,Lyon,0,0,0.35,0.52,
Ligue 1,2025-2026,2026-04-05,Le Havre,Auxerre,1,1,0.71,2.41,
Ligue 1,2025-2026,2026-04-05,Lorient,Paris FC,1,1,1.17,1.4,
Ligue 1,2025-2026,2026-04-05,Metz,Nantes,0,0,2.32,0.39,
Ligue 1,2025-2026,2026-04-05,Monaco,Marseille,2,1,1.68,3.11,
Ligue 1,2025-2026,2026-04-10,Paris FC,Monaco,4,1,2.95,1.76,
Ligue 1,2025-2026,2026-04-10,Marseille,Metz,3,1,3.32,0.54,
Ligue 1,2025-2026,2026-04-11,Auxerre,Nantes,0,0,0.8,1.45,
Ligue 1,2025-2026,2026-04-11,Rennes,Angers,2,1,1.1,1.19,
Ligue 1,2025-2026,2026-04-12,Nice,Le Havre,1,1,2.15,2.13,
Ligue 1,2025-2026,2026-04-12,Toulouse,Lille,0,4,1.47,2.09,
Ligue 1,2025-2026,2026-04-12,Lyon,Lorient,2,0,1.85,1.57,
Ligue 1,2025-2026,2026-04-17,Lens,Toulouse,3,2,3.98,0.58,
Ligue 1,2025-2026,2026-04-18,Lorient,Marseille,2,0,1.29,2.13,
Ligue 1,2025-2026,2026-04-18,Angers,Le Havre,1,1,0.96,1.55,
Ligue 1,2025-2026,2026-04-18,Lille,Nice,0,0,0.41,0.17,
Ligue 1,2025-2026,2026-04-19,Monaco,Auxerre,2,2,1.94,0.75,
Ligue 1,2025-2026,2026-04-19,Metz,Paris FC,1,3,1.48,1.97,
Ligue 1,2025-2026,2026-04-19,Nantes,Brest,1,1,0.97,0.63,
Ligue 1,2025-2026,2026-04-19,Strasbourg,Rennes,0,3,0.94,3.25,
Ligue 1,2025-2026,2026-04-19,Paris Saint Germain,Lyon,1,2,3.2,1.2,
Ligue 1,2025-2026,2026-04-22,Paris Saint Germain,Nantes,3,0,2.26,0.67,
Ligue 1,2025-2026,2026-04-24,Brest,Lens,3,3,0.31,3.25,
Ligue 1,2025-2026,2026-04-25,Lyon,Auxerre,3,2,2.16,0.88,
Ligue 1,2025-2026,2026-04-25,Angers,Paris Saint Germain,0,3,0.98,3.0,
Ligue 1,2025-2026,2026-04-25,Toulouse,Monaco,2,2,2.15,1.35,
Ligue 1,2025-2026,2026-04-26,Lorient,Strasbourg,2,3,2.57,1.99,
Ligue 1,2025-2026,2026-04-26,Le Havre,Metz,4,4,2.65,1.89,
Ligue 1,2025-2026,2026-04-26,Paris FC,Lille,0,1,1.12,1.76,
Ligue 1,2025-2026,2026-04-26,Rennes,Nantes,2,1,1.56,2.52,
Ligue 1,2025-2026,2026-04-26,Marseille,Nice,1,1,2.83,1.41,
Ligue 1,2025-2026,2026-05-03,Lille,Le Havre,1,1,1.92,0.33,
Ligue 1,2025-2026,2026-05-03,Metz,Monaco,1,2,1.15,1.59,
Ligue 1,2025-2026,2026-05-03,Nantes,Marseille,3,0,3.07,1.55,
Ligue 1,2025-2026,2026-05-03,Nice,Lens,1,1,1.34,1.55,
Ligue 1,2025-2026,2026-05-03,Paris Saint Germain,Lorient,2,2,2.98,1.28,
Ligue 1,2025-2026,2026-05-03,Auxerre,Angers,3,1,2.55,2.17,
Ligue 1,2025-2026,2026-05-03,Paris FC,Brest,4,0,2.86,0.73,
Ligue 1,2025-2026,2026-05-03,Strasbourg,Toulouse,1,2,0.41,1.68,
Ligue 1,2025-2026,2026-05-03,Lyon,Rennes,4,2,2.67,1.06,
Ligue 1,2025-2026,2026-05-08,Lens,Nantes,1,0,0.72,1.07,
Ligue 1,2025-2026,2026-05-10,Angers,Strasbourg,1,1,0.79,1.82,
Ligue 1,2025-2026,2026-05-10,Auxerre,Nice,2,1,0.87,2.07,
Ligue 1,2025-2026,2026-05-10,Le Havre,Marseille,0,1,1.23,1.03,
Ligue 1,2025-2026,2026-05-10,Metz,Lorient,0,4,0.73,1.77,
Ligue 1,2025-2026,2026-05-10,Monaco,Lille,0,1,0.31,0.4,
Ligue 1,2025-2026,2026-05-10,Paris Saint Germain,Brest,1,0,1.61,0.12,
Ligue 1,2025-2026,2026-05-10,Rennes,Paris FC,2,1,1.53,1.59,
Ligue 1,2025-2026,2026-05-10,Toulouse,Lyon,2,1,1.87,1.57,
Ligue 1,2025-2026,2026-05-13,Brest,Strasbourg,1,2,2.65,1.69,
Ligue 1,2025-2026,2026-05-13,Lens,Paris Saint Germain,0,2,3.04,0.94,
Ligue 1,2025-2026,2026-05-17,Nantes,Toulouse,0,0,0.08,0.32,
Ligue 1,2025-2026,2026-05-17,Brest,Angers,1,1,2.39,1.06,
Ligue 1,2025-2026,2026-05-17,Lille,Auxerre,0,2,1.22,0.62,
Ligue 1,2025-2026,2026-05-17,Lorient,Le Havre,0,2,1.27,1.29,
Ligue 1,2025-2026,2026-05-17,Lyon,Lens,0,4,1.12,2.02,
Ligue 1,2025-2026,2026-05-17,Marseille,Rennes,3,1,3.9,2.21,
Ligue 1,2025-2026,2026-05-17,Nice,Metz,0,0,1.22,0.84,
Ligue 1,2025-2026,2026-05-17,Paris FC,Paris Saint Germain,2,1,2.33,0.86,
Ligue 1,2025-2026,2026-05-17,Strasbourg,Monaco,5,4,2.12,1.45,
Bundesliga,2023-2024,2024-04-06,Union Berlin,Leverkusen,,,0.55,2.56,
Bundesliga,2023-2024,2024-04-27,Leverkusen,Stuttgart,,,1.65,1.8,
Bundesliga,2023-2024,2023-10-08,Leverkusen,FC Köln,,,2.94,1.19,
Bundesliga,2023-2024,2024-03-30,Leverkusen,Hoffenheim,,,2.77,0.65,
Bundesliga,2023-2024,2023-12-03,Leverkusen,Dortmund,,,2.14,0.81,
Bundesliga,2023-2024,2024-04-14,Leverkusen,Werder Bremen,,,3.0,0.68,
Bundesliga,2023-2024,2024-05-12,Bochum,Leverkusen,,,0.31,4.3,
Bundesliga,2023-2024,2024-05-18,Leverkusen,Augsburg,,,2.16,0.78,
Bundesliga,2023-2024,2024-05-05,Ein Frankfurt,Leverkusen,,,1.44,2.59,
Bundesliga,2023-2024,2024-02-03,Darmstadt 98,Leverkusen,,,0.77,1.95,
Bundesliga,2023-2024,2024-03-10,Leverkusen,Wolfsburg,,,1.79,0.23,
Bundesliga,2023-2024,2024-02-23,Leverkusen,FSV Mainz 05,,,1.11,1.14,
Bundesliga,2023-2024,2024-03-17,Freiburg,Leverkusen,,,0.93,2.6,
Bundesliga,2023-2024,2023-12-17,Leverkusen,Ein Frankfurt,,,2.75,0.18,
Bundesliga,2023-2024,2023-10-29,Leverkusen,Freiburg,,,1.43,0.77,
Bundesliga,2023-2024,2023-11-04,Hoffenheim,Leverkusen,,,1.48,1.27,
Bundesliga,2023-2024,2023-09-15,Bayern Munich,Leverkusen,,,2.21,2.22,
Bundesliga,2023-2024,2023-11-12,Leverkusen,Union Berlin,,,1.88,0.04,
Bundesliga,2023-2024,2024-04-21,Dortmund,Leverkusen,,,0.55,1.36,
Bundesliga,2023-2024,2023-09-24,Leverkusen,Heidenheim,,,3.71,0.33,
Bundesliga,2023-2024,2024-03-03,FC Köln,Leverkusen,,,0.69,1.29,
Bundesliga,2023-2024,2024-02-17,Heidenheim,Leverkusen,,,0.46,1.82,
Bundesliga,2023-2024,2024-01-27,Leverkusen,Borussia Mönchengladbach,,,2.56,0.18,
Bundesliga,2023-2024,2024-02-10,Leverkusen,Bayern Munich,,,1.03,0.62,
Bundesliga,2023-2024,2024-01-20,RB Leipzig,Leverkusen,,,1.09,1.88,
Bundesliga,2023-2024,2024-01-13,Augsburg,Leverkusen,,,0.32,1.58,
Bundesliga,2023-2024,2023-12-10,Stuttgart,Leverkusen,,,2.4,1.53,
Bundesliga,2023-2024,2023-12-20,Leverkusen,Bochum,,,3.4,0.29,
Bundesliga,2023-2024,2023-11-25,Werder Bremen,Leverkusen,,,0.19,1.09,
Bundesliga,2023-2024,2023-10-21,Wolfsburg,Leverkusen,,,1.2,1.96,
Bundesliga,2023-2024,2023-09-30,FSV Mainz 05,Leverkusen,,,0.44,0.79,
Bundesliga,2023-2024,2023-09-02,Leverkusen,Darmstadt 98,,,3.3,0.58,
Bundesliga,2023-2024,2023-08-26,Borussia Mönchengladbach,Leverkusen,,,0.8,2.72,
Bundesliga,2023-2024,2023-08-19,Leverkusen,RB Leipzig,,,1.52,1.72,
Bundesliga,2015-2016,2016-05-14,Leverkusen,Ingolstadt,,,3.5,3.24,
Bundesliga,2015-2016,2016-05-07,Borussia Mönchengladbach,Leverkusen,,,0.87,2.01,
Bundesliga,2015-2016,2016-04-30,Leverkusen,Hertha Berlin,,,1.71,0.5,
Bundesliga,2015-2016,2016-04-23,Schalke 04,Leverkusen,,,2.63,1.63,
Bundesliga,2015-2016,2016-04-16,Leverkusen,Ein Frankfurt,,,1.11,1.02,
Bundesliga,2015-2016,2016-04-10,FC Köln,Leverkusen,,,0.84,0.93,
Bundesliga,2015-2016,2016-04-01,Leverkusen,Wolfsburg,,,0.75,0.89,
Bundesliga,2015-2016,2016-03-13,Leverkusen,Hamburg,,,1.12,1.28,
Bundesliga,2015-2016,2016-03-20,Stuttgart,Leverkusen,,,0.9,2.13,
Bundesliga,2015-2016,2016-03-05,Augsburg,Leverkusen,,,1.09,1.57,
Bundesliga,2015-2016,2016-03-02,Leverkusen,Werder Bremen,,,0.78,1.81,
Bundesliga,2015-2016,2016-02-21,Leverkusen,Dortmund,,,0.62,1.64,
Bundesliga,2015-2016,2016-02-28,FSV Mainz 05,Leverkusen,,,2.31,0.85,
Bundesliga,2015-2016,2016-02-13,Darmstadt 98,Leverkusen,,,1.34,1.43,
Bundesliga,2015-2016,2016-02-06,Leverkusen,Bayern Munich,,,0.29,0.86,
Bundesliga,2015-2016,2016-01-23,Hoffenheim,Leverkusen,,,1.16,2.01,
Bundesliga,2015-2016,2016-01-30,Leverkusen,Hannover 96,,,1.91,0.2,
Bundesliga,2015-2016,2015-12-19,Ingolstadt,Leverkusen,,,0.73,0.77,
Bundesliga,2015-2016,2015-12-12,Leverkusen,Borussia Mönchengladbach,,,2.32,0.44,
Bundesliga,2015-2016,2015-12-05,Hertha Berlin,Leverkusen,,,1.01,0.97,
Bundesliga,2015-2016,2015-11-29,Leverkusen,Schalke 04,,,1.67,0.85,
Bundesliga,2015-2016,2015-11-21,Ein Frankfurt,Leverkusen,,,0.9,2.05,
Bundesliga,2015-2016,2015-11-07,Leverkusen,FC Köln,,,0.67,1.82,
Bundesliga,2015-2016,2015-10-24,Leverkusen,Stuttgart,,,2.96,1.79,
Bundesliga,2015-2016,2015-10-31,Wolfsburg,Leverkusen,,,1.99,1.02,
Bundesliga,2015-2016,2015-10-17,Hamburg,Leverkusen,,,0.42,0.76,
Bundesliga,2015-2016,2015-10-04,Leverkusen,Augsburg,,,2.55,0.06,
Bundesliga,2015-2016,2015-09-26,Werder Bremen,Leverkusen,,,0.46,1.09,
Bundesliga,2015-2016,2015-09-12,Leverkusen,Darmstadt 98,,,1.43,0.33,
Bundesliga,2015-2016,2015-09-23,Leverkusen,FSV Mainz 05,,,1.49,0.41,
Bundesliga,2015-2016,2015-09-20,Dortmund,Leverkusen,,,3.16,0.78,
Bundesliga,2015-2016,2015-08-29,Bayern Munich,Leverkusen,,,2.92,0.55,
Bundesliga,2015-2016,2015-08-15,Leverkusen,Hoffenheim,,,3.44,0.52,
Bundesliga,2015-2016,2015-08-22,Hannover 96,Leverkusen,,,0.13,0.92,
Ligue des champions,2018-2019,2019-06-01,Tottenham Hotspur,Liverpool,,,0.92,1.2,
Ligue des champions,2017-2018,2018-05-26,Real Madrid,Liverpool,,,1.68,1.43,
Ligue des champions,2016-2017,2017-06-03,Juventus,Real Madrid,,,0.42,1.57,
Ligue des champions,2015-2016,2016-05-28,Real Madrid,Ath Madrid,,,6.5,5.67,
Ligue des champions,2014-2015,2015-06-06,Juventus,Barcelona,,,1.38,2.27,
Ligue des champions,2013-2014,2014-05-24,Real Madrid,Ath Madrid,,,2.61,1.06,
Ligue des champions,2012-2013,2013-05-25,Dortmund,Bayern Munich,,,1.52,3.08,
Ligue des champions,2011-2012,2012-05-19,Bayern Munich,Chelsea,,,7.4,4.21,
Ligue des champions,2010-2011,2011-05-28,Barcelona,Man United,,,1.93,0.3,
Ligue des champions,2009-2010,2010-05-22,Bayern Munich,Inter Milan,,,1.1,1.15,
Ligue des champions,2008-2009,2009-05-27,Barcelona,Man United,,,1.2,1.15,
Ligue des champions,2006-2007,2007-05-23,Milan,Liverpool,,,0.46,0.93,
Ligue des champions,2004-2005,2005-05-25,Milan,Liverpool,,,6.29,4.93,
Ligue des champions,2003-2004,2004-05-26,AS Monaco,FC Porto,,,0.68,0.5,
Ligue des champions,1999-2000,1999-11-23,Fiorentina,Man United,,,0.92,0.96,
Ligue des champions,1972-1973,1973-05-30,Ajax,Juventus,,,2.44,0.76,
Ligue des champions,1971-1972,1972-05-31,Ajax,Inter Milan,,,1.64,0.44,
Ligue des champions,1970-1971,1971-06-02,Ajax,Panathinaikos,,,2.08,0.77,
La Liga,2020-2021,2020-10-31,Deportivo Alavés,Barcelona,,,1.13,2.09,
La Liga,2020-2021,2021-05-16,Barcelona,Celta,,,2.16,0.73,
La Liga,2020-2021,2020-12-13,Barcelona,Levante UD,,,2.06,0.74,
La Liga,2020-2021,2021-02-07,Betis,Barcelona,,,1.4,0.99,
La Liga,2020-2021,2021-01-03,Huesca,Barcelona,,,0.39,2.51,
La Liga,2020-2021,2020-10-01,Celta,Barcelona,,,0.47,0.74,
La Liga,2020-2021,2020-11-21,Ath Madrid,Barcelona,,,0.56,0.95,
La Liga,2020-2021,2021-05-11,Levante UD,Barcelona,,,1.02,2.81,
La Liga,2020-2021,2021-05-08,Barcelona,Ath Madrid,,,0.86,0.56,
La Liga,2020-2021,2021-03-15,Barcelona,Huesca,,,0.96,2.1,
La Liga,2020-2021,2021-03-21,Sociedad,Barcelona,,,0.68,2.72,
La Liga,2020-2021,2020-12-22,Valladolid,Barcelona,,,0.67,3.56,
La Liga,2020-2021,2020-12-16,Barcelona,Sociedad,,,2.65,1.93,
La Liga,2020-2021,2020-12-05,Cádiz,Barcelona,,,2.29,1.53,
La Liga,2020-2021,2021-02-13,Barcelona,Deportivo Alavés,,,2.69,0.61,
La Liga,2020-2021,2021-01-06,Ath Bilbao,Barcelona,,,0.84,1.47,
La Liga,2020-2021,2021-04-05,Barcelona,Valladolid,,,1.82,0.35,
La Liga,2020-2021,2021-01-31,Barcelona,Ath Bilbao,,,1.73,0.23,
La Liga,2020-2021,2021-02-21,Barcelona,Cádiz,,,2.15,1.08,
La Liga,2020-2021,2020-11-07,Barcelona,Betis,,,4.19,1.01,
La Liga,2019-2020,2020-02-22,Barcelona,Eibar,,,3.98,0.67,
La Liga,2019-2020,2020-06-16,Barcelona,Leganés,,,1.59,0.76,
La Liga,2019-2020,2019-12-18,Barcelona,Real Madrid,,,0.72,0.95,
La Liga,2019-2020,2020-06-27,Celta,Barcelona,,,2.59,1.82,
La Liga,2019-2020,2019-09-24,Barcelona,Villarreal,,,0.61,0.54,
La Liga,2019-2020,2020-07-05,Villarreal,Barcelona,,,0.91,2.57,
La Liga,2019-2020,2019-11-02,Levante UD,Barcelona,,,0.85,2.14,
La Liga,2019-2020,2019-12-07,Barcelona,Mallorca,,,3.27,1.05,
La Liga,2019-2020,2019-12-14,Sociedad,Barcelona,,,2.79,1.91,
La Liga,2019-2020,2020-01-25,Valencia,Barcelona,,,1.28,1.17,
La Liga,2019-2020,2020-02-02,Barcelona,Levante UD,,,2.93,1.42,
La Liga,2019-2020,2020-07-16,Barcelona,Osasuna,,,1.01,0.47,
La Liga,2019-2020,2020-07-19,Deportivo Alavés,Barcelona,,,0.41,2.91,
La Liga,2019-2020,2020-07-11,Valladolid,Barcelona,,,0.77,1.23,
La Liga,2019-2020,2020-06-23,Barcelona,Ath Bilbao,,,1.68,0.69,
La Liga,2019-2020,2020-07-08,Barcelona,Espanol,,,1.16,0.76,
La Liga,2019-2020,2020-03-07,Barcelona,Sociedad,,,1.93,0.66,
La Liga,2019-2020,2020-06-30,Barcelona,Ath Madrid,,,1.48,1.99,
La Liga,2019-2020,2019-11-09,Barcelona,Celta,,,1.56,0.27,
La Liga,2019-2020,2020-06-13,Mallorca,Barcelona,,,0.77,2.07,
La Liga,2019-2020,2020-01-04,Espanol,Barcelona,,,0.42,1.48,
La Liga,2019-2020,2020-06-19,Sevilla,Barcelona,,,0.52,0.51,
La Liga,2019-2020,2019-10-29,Barcelona,Valladolid,,,2.38,0.53,
La Liga,2019-2020,2020-03-01,Real Madrid,Barcelona,,,0.87,1.07,
La Liga,2019-2020,2019-10-19,Eibar,Barcelona,,,0.33,1.41,
La Liga,2019-2020,2019-09-21,Granada,Barcelona,,,1.85,0.53,
La Liga,2019-2020,2020-02-09,Betis,Barcelona,,,1.09,1.43,
La Liga,2019-2020,2019-11-23,Leganés,Barcelona,,,0.35,1.6,
La Liga,2019-2020,2020-02-15,Barcelona,Getafe,,,1.66,0.75,
La Liga,2019-2020,2019-12-21,Barcelona,Deportivo Alavés,,,1.59,0.55,
La Liga,2019-2020,2019-12-01,Ath Madrid,Barcelona,,,1.21,0.93,
La Liga,2019-2020,2020-01-19,Barcelona,Granada,,,1.54,0.22,
La Liga,2019-2020,2019-10-06,Barcelona,Sevilla,,,1.47,1.73,
La Liga,2018-2019,2018-11-24,Ath Madrid,Barcelona,,,0.14,0.3,
La Liga,2018-2019,2018-09-26,Leganés,Barcelona,,,1.07,0.55,
La Liga,2018-2019,2018-10-20,Barcelona,Sevilla,,,2.4,1.69,
La Liga,2018-2019,2018-09-15,Sociedad,Barcelona,,,0.91,1.4,
La Liga,2018-2019,2018-12-08,Espanol,Barcelona,,,1.22,2.31,
La Liga,2018-2019,2018-12-22,Barcelona,Celta,,,1.13,0.9,
La Liga,2018-2019,2019-02-23,Sevilla,Barcelona,,,1.12,1.6,
La Liga,2018-2019,2019-01-06,Getafe,Barcelona,,,1.59,1.75,
La Liga,2018-2019,2019-02-16,Barcelona,Valladolid,,,3.66,0.44,
La Liga,2018-2019,2019-03-17,Betis,Barcelona,,,1.01,2.05,
La Liga,2018-2019,2019-02-10,Ath Bilbao,Barcelona,,,1.36,0.49,
La Liga,2018-2019,2019-04-20,Barcelona,Sociedad,,,1.25,0.88,
La Liga,2018-2019,2019-02-02,Barcelona,Valencia,,,1.69,2.44,
La Liga,2018-2019,2018-08-18,Barcelona,Deportivo Alavés,,,2.66,0.29,
La Liga,2018-2019,2019-04-06,Barcelona,Ath Madrid,,,1.92,0.52,
La Liga,2018-2019,2018-11-11,Barcelona,Betis,,,4.17,2.02,
La Liga,2018-2019,2019-01-20,Barcelona,Leganés,,,1.75,0.67,
La Liga,2018-2019,2019-04-27,Barcelona,Levante UD,,,1.75,0.73,
La Liga,2018-2019,2018-12-02,Barcelona,Villarreal,,,1.08,0.9,
La Liga,2018-2019,2019-04-23,Deportivo Alavés,Barcelona,,,0.41,2.27,
La Liga,2018-2019,2019-01-27,Girona,Barcelona,,,1.21,1.91,
La Liga,2018-2019,2018-09-02,Barcelona,Huesca,,,4.51,1.26,
La Liga,2018-2019,2019-05-19,Eibar,Barcelona,,,1.48,0.76,
La Liga,2018-2019,2019-03-09,Barcelona,Vallecano,,,2.62,0.36,
La Liga,2018-2019,2018-12-16,Levante UD,Barcelona,,,1.16,2.98,
La Liga,2018-2019,2019-01-13,Barcelona,Eibar,,,1.17,0.97,
La Liga,2018-2019,2018-09-29,Barcelona,Ath Bilbao,,,2.75,0.49,
La Liga,2018-2019,2019-05-12,Barcelona,Getafe,,,2.04,1.0,
La Liga,2018-2019,2019-03-02,Real Madrid,Barcelona,,,1.09,1.26,
La Liga,2018-2019,2018-09-23,Barcelona,Girona,,,1.5,1.07,
La Liga,2018-2019,2019-04-02,Villarreal,Barcelona,,,2.57,2.3,
La Liga,2018-2019,2018-10-07,Valencia,Barcelona,,,1.38,0.4,
La Liga,2018-2019,2019-03-30,Barcelona,Espanol,,,1.06,0.18,
La Liga,2018-2019,2018-08-25,Valladolid,Barcelona,,,0.34,0.76,
La Liga,2017-2018,2018-05-06,Barcelona,Real Madrid,,,1.01,1.77,
La Liga,2017-2018,2018-04-14,Barcelona,Valencia,,,1.63,2.22,
La Liga,2017-2018,2018-03-18,Barcelona,Ath Bilbao,,,1.53,0.63,
La Liga,2017-2018,2018-03-01,Las Palmas,Barcelona,,,1.24,1.05,
La Liga,2017-2018,2018-04-29,RC Deportivo La Coruña,Barcelona,,,2.24,3.2,
La Liga,2017-2018,2018-02-17,Eibar,Barcelona,,,0.68,2.81,
La Liga,2017-2018,2017-10-01,Barcelona,Las Palmas,,,3.1,0.57,
La Liga,2017-2018,2017-09-19,Barcelona,Eibar,,,2.0,1.03,
La Liga,2017-2018,2018-05-09,Barcelona,Villarreal,,,2.91,1.25,
La Liga,2017-2018,2017-08-20,Barcelona,Betis,,,1.16,0.19,
La Liga,2017-2018,2017-12-23,Real Madrid,Barcelona,,,0.91,3.34,
La Liga,2017-2018,2017-10-28,Ath Bilbao,Barcelona,,,1.31,2.66,
La Liga,2017-2018,2018-01-21,Betis,Barcelona,,,0.35,2.22,
La Liga,2017-2018,2018-01-07,Barcelona,Levante UD,,,2.37,0.68,
La Liga,2017-2018,2017-09-09,Barcelona,Espanol,,,3.09,0.47,
La Liga,2017-2018,2018-02-04,Espanol,Barcelona,,,0.57,0.83,
La Liga,2017-2018,2018-04-07,Barcelona,Leganés,,,2.24,0.66,
La Liga,2017-2018,2018-03-31,Sevilla,Barcelona,,,2.61,2.05,
La Liga,2017-2018,2017-12-02,Barcelona,Celta,,,3.3,1.67,
La Liga,2017-2018,2018-02-11,Barcelona,Getafe,,,0.95,0.39,
La Liga,2017-2018,2017-11-26,Valencia,Barcelona,,,1.1,0.91,
La Liga,2017-2018,2017-11-04,Barcelona,Sevilla,,,1.87,0.48,
La Liga,2017-2018,2017-12-10,Villarreal,Barcelona,,,0.57,3.22,
La Liga,2017-2018,2017-10-21,Barcelona,Málaga,,,1.82,0.72,
La Liga,2017-2018,2018-03-04,Barcelona,Ath Madrid,,,1.09,0.19,
La Liga,2017-2018,2017-09-23,Girona,Barcelona,,,1.09,0.98,
La Liga,2017-2018,2018-02-24,Barcelona,Girona,,,2.64,0.77,
La Liga,2017-2018,2017-10-14,Ath Madrid,Barcelona,,,0.4,1.31,
La Liga,2017-2018,2018-01-28,Barcelona,Deportivo Alavés,,,2.24,0.78,
La Liga,2017-2018,2017-09-16,Getafe,Barcelona,,,0.65,0.56,
La Liga,2017-2018,2017-11-18,Leganés,Barcelona,,,1.28,1.76,
La Liga,2017-2018,2018-05-20,Barcelona,Sociedad,,,1.27,0.69,
La Liga,2017-2018,2017-08-26,Deportivo Alavés,Barcelona,,,0.66,2.21,
La Liga,2017-2018,2017-12-17,Barcelona,RC Deportivo La Coruña,,,6.15,0.31,
La Liga,2017-2018,2018-04-17,Celta,Barcelona,,,2.41,2.13,
La Liga,2017-2018,2018-01-14,Sociedad,Barcelona,,,0.86,1.16,
La Liga,2016-2017,2016-09-17,Leganés,Barcelona,,,1.09,3.35,
La Liga,2016-2017,2017-04-23,Real Madrid,Barcelona,,,2.68,1.78,
La Liga,2016-2017,2016-11-06,Sevilla,Barcelona,,,1.41,1.85,
La Liga,2016-2017,2016-12-10,Osasuna,Barcelona,,,0.09,3.29,
La Liga,2016-2017,2016-09-10,Barcelona,Deportivo Alavés,,,1.65,0.4,
La Liga,2016-2017,2016-08-28,Ath Bilbao,Barcelona,,,0.55,1.81,
La Liga,2016-2017,2016-08-20,Barcelona,Betis,,,3.53,0.23,
La Liga,2016-2017,2016-09-21,Barcelona,Ath Madrid,,,1.03,0.58,
La Liga,2016-2017,2017-01-29,Betis,Barcelona,,,1.29,0.92,
La Liga,2016-2017,2017-04-26,Barcelona,Osasuna,,,3.66,0.08,
La Liga,2016-2017,2017-05-14,Las Palmas,Barcelona,,,0.72,1.87,
La Liga,2016-2017,2017-01-08,Villarreal,Barcelona,,,0.32,1.38,
La Liga,2016-2017,2017-03-12,RC Deportivo La Coruña,Barcelona,,,1.57,1.34,
La Liga,2016-2017,2017-03-19,Barcelona,Valencia,,,3.72,0.98,
La Liga,2016-2017,2016-10-22,Valencia,Barcelona,,,1.04,1.97,
La Liga,2016-2017,2017-02-11,Deportivo Alavés,Barcelona,,,1.42,2.88,
La Liga,2016-2017,2017-01-14,Barcelona,Las Palmas,,,3.38,0.57,
La Liga,2016-2017,2017-01-22,Eibar,Barcelona,,,0.61,1.84,
La Liga,2016-2017,2017-02-04,Barcelona,Ath Bilbao,,,0.97,0.82,
La Liga,2016-2017,2016-12-18,Barcelona,Espanol,,,2.02,0.25,
La Liga,2016-2017,2017-04-05,Barcelona,Sevilla,,,1.17,0.61,
La Liga,2016-2017,2017-05-21,Barcelona,Eibar,,,5.02,1.08,
La Liga,2016-2017,2017-04-08,Málaga,Barcelona,,,0.87,1.32,
La Liga,2016-2017,2017-04-15,Barcelona,Sociedad,,,2.54,0.76,
La Liga,2016-2017,2016-12-03,Barcelona,Real Madrid,,,1.22,1.11,
La Liga,2016-2017,2017-02-26,Ath Madrid,Barcelona,,,1.02,1.83,
La Liga,2016-2017,2017-03-04,Barcelona,Celta,,,2.63,0.49,
La Liga,2016-2017,2017-04-29,Espanol,Barcelona,,,0.41,1.67,
La Liga,2016-2017,2017-05-06,Barcelona,Villarreal,,,2.54,0.76,
La Liga,2016-2017,2016-11-27,Sociedad,Barcelona,,,1.77,0.57,
La Liga,2016-2017,2016-10-15,Barcelona,RC Deportivo La Coruña,,,3.75,0.28,
La Liga,2016-2017,2017-03-01,Barcelona,Sporting Gijón,,,1.79,1.26,
La Liga,2016-2017,2017-02-19,Barcelona,Leganés,,,2.14,1.1,
La Liga,2016-2017,2016-10-29,Barcelona,Granada,,,1.66,0.01,
La Liga,2015-2016,2015-09-23,Levante UD,Eibar,,,0.74,0.99,
La Liga,2015-2016,2016-01-17,Real Madrid,Sporting Gijón,,,2.22,0.66,
La Liga,2015-2016,2016-05-01,RC Deportivo La Coruña,Getafe,,,0.66,0.85,
La Liga,2015-2016,2016-05-02,Málaga,Levante UD,,,2.41,1.8,
La Liga,2015-2016,2015-09-23,Las Palmas,Sevilla,,,1.08,1.78,
La Liga,2015-2016,2016-05-15,Espanol,Eibar,,,2.17,2.11,
La Liga,2015-2016,2016-05-15,Málaga,Las Palmas,,,2.17,1.68,
La Liga,2015-2016,2016-05-15,Sporting Gijón,Villarreal,,,1.72,0.7,
La Liga,2015-2016,2016-05-15,Betis,Getafe,,,1.7,1.39,
La Liga,2015-2016,2016-05-15,Vallecano,Levante UD,,,1.86,1.6,
La Liga,2015-2016,2016-05-14,RC Deportivo La Coruña,Real Madrid,,,0.81,1.83,
La Liga,2015-2016,2016-05-14,Ath Bilbao,Sevilla,,,1.83,1.24,
La Liga,2015-2016,2016-05-14,Ath Madrid,Celta,,,1.37,0.46,
La Liga,2015-2016,2016-05-13,Valencia,Sociedad,,,0.81,1.04,
La Liga,2015-2016,2016-04-23,Eibar,RC Deportivo La Coruña,,,0.56,0.39,
La Liga,2015-2016,2016-05-08,Levante UD,Ath Madrid,,,0.83,1.49,
La Liga,2015-2016,2016-02-20,Betis,Sporting Gijón,,,1.58,0.23,
La Liga,2015-2016,2016-02-19,Levante UD,Getafe,,,1.87,1.74,
La Liga,2015-2016,2016-03-18,Getafe,Eibar,,,0.67,2.76,
La Liga,2015-2016,2016-01-18,Eibar,Granada,,,1.71,0.96,
La Liga,2015-2016,2016-04-24,Sevilla,Betis,,,1.05,0.3,
La Liga,2015-2016,2016-04-24,Villarreal,Sociedad,,,0.5,0.64,
La Liga,2015-2016,2016-04-24,Levante UD,Ath Bilbao,,,0.74,1.16,
La Liga,2015-2016,2016-04-23,Ath Madrid,Málaga,,,1.32,0.16,
La Liga,2015-2016,2016-04-21,Granada,Levante UD,,,3.09,1.04,
La Liga,2015-2016,2016-04-21,Sociedad,Getafe,,,0.95,1.31,
La Liga,2015-2016,2016-04-22,Las Palmas,Espanol,,,1.13,1.89,
La Liga,2015-2016,2016-04-20,Málaga,Vallecano,,,0.99,0.71,
La Liga,2015-2016,2016-04-20,Sporting Gijón,Sevilla,,,1.56,1.8,
La Liga,2015-2016,2016-04-20,Ath Bilbao,Ath Madrid,,,0.61,0.91,
La Liga,2015-2016,2016-04-19,Betis,Las Palmas,,,2.24,0.1,
La Liga,2015-2016,2016-04-20,Valencia,Eibar,,,2.66,0.87,
La Liga,2015-2016,2016-04-17,Málaga,Ath Bilbao,,,2.0,0.88,
La Liga,2015-2016,2016-04-17,Vallecano,Villarreal,,,1.17,0.58,
La Liga,2015-2016,2016-04-17,Ath Madrid,Granada,,,1.65,0.67,
La Liga,2015-2016,2016-04-16,Eibar,Sociedad,,,1.18,0.62,
La Liga,2015-2016,2016-04-17,Sevilla,RC Deportivo La Coruña,,,1.74,0.66,
La Liga,2015-2016,2016-04-16,Celta,Betis,,,2.09,1.37,
La Liga,2015-2016,2016-04-16,Getafe,Real Madrid,,,0.7,3.12,
La Liga,2015-2016,2016-04-11,RC Deportivo La Coruña,Las Palmas,,,2.06,1.55,
La Liga,2015-2016,2016-04-15,Levante UD,Espanol,,,0.83,1.17,
La Liga,2015-2016,2016-04-10,Villarreal,Getafe,,,1.78,0.99,
La Liga,2015-2016,2016-04-10,Ath Bilbao,Vallecano,,,0.93,1.48,
La Liga,2015-2016,2016-04-10,Valencia,Sevilla,,,1.72,0.95,
La Liga,2015-2016,2016-04-10,Sporting Gijón,Celta,,,0.59,0.98,
La Liga,2015-2016,2016-04-09,Betis,Levante UD,,,0.4,0.96,
La Liga,2015-2016,2016-04-04,Levante UD,Sporting Gijón,,,1.39,1.03,
La Liga,2015-2016,2016-04-09,Espanol,Ath Madrid,,,0.74,0.96,
La Liga,2015-2016,2016-04-08,Granada,Málaga,,,0.77,0.9,
La Liga,2015-2016,2016-04-03,Eibar,Villarreal,,,0.63,2.41,
La Liga,2015-2016,2016-04-02,Las Palmas,Valencia,,,1.97,1.16,
La Liga,2015-2016,2016-04-03,Málaga,Espanol,,,1.31,0.28,
La Liga,2015-2016,2016-03-20,Espanol,Ath Bilbao,,,1.72,1.12,
La Liga,2015-2016,2016-04-03,Sevilla,Sociedad,,,2.15,0.31,
La Liga,2015-2016,2016-03-20,Real Madrid,Sevilla,,,4.32,1.29,
La Liga,2015-2016,2016-03-19,Sociedad,Las Palmas,,,0.8,1.5,
La Liga,2015-2016,2016-03-19,Granada,Vallecano,,,1.36,1.78,
La Liga,2015-2016,2016-03-20,Valencia,Celta,,,0.99,2.73,
La Liga,2015-2016,2016-03-19,Sporting Gijón,Ath Madrid,,,1.92,0.31,
La Liga,2015-2016,2016-03-13,Sevilla,Villarreal,,,3.9,1.34,
La Liga,2015-2016,2016-03-19,Betis,Málaga,,,1.2,0.86,
La Liga,2015-2016,2016-03-12,Vallecano,Eibar,,,1.3,0.82,
La Liga,2015-2016,2016-03-13,Levante UD,Valencia,,,0.99,0.73,
La Liga,2015-2016,2016-03-12,Ath Madrid,RC Deportivo La Coruña,,,2.05,0.44,
La Liga,2015-2016,2016-03-11,Málaga,Sporting Gijón,,,0.45,0.87,
La Liga,2015-2016,2016-03-12,Celta,Sociedad,,,0.4,0.75,
La Liga,2015-2016,2016-03-07,Espanol,Vallecano,,,1.67,0.23,
La Liga,2015-2016,2016-03-06,Valencia,Ath Madrid,,,0.5,1.99,
La Liga,2015-2016,2016-03-06,Sociedad,Levante UD,,,1.65,0.3,
La Liga,2015-2016,2016-03-06,Betis,Granada,,,0.66,0.43,
La Liga,2015-2016,2016-03-06,Sporting Gijón,Ath Bilbao,,,0.36,1.08,
La Liga,2015-2016,2016-03-05,RC Deportivo La Coruña,Málaga,,,2.82,0.75,
La Liga,2015-2016,2016-03-05,Getafe,Sevilla,,,1.09,0.39,
La Liga,2015-2016,2016-02-21,Ath Madrid,Villarreal,,,0.71,0.35,
La Liga,2015-2016,2016-03-05,Villarreal,Las Palmas,,,1.0,0.49,
La Liga,2015-2016,2015-10-26,Ath Bilbao,Sporting Gijón,,,2.89,0.18,
La Liga,2015-2016,2016-02-21,Granada,Valencia,,,1.82,1.44,
La Liga,2015-2016,2016-01-31,Real Madrid,Espanol,,,2.4,1.48,
La Liga,2015-2016,2016-03-03,Granada,Sporting Gijón,,,2.0,0.1,
La Liga,2015-2016,2016-03-02,Málaga,Valencia,,,0.43,1.4,
La Liga,2015-2016,2016-03-02,Sevilla,Eibar,,,1.72,1.07,
La Liga,2015-2016,2016-03-02,Celta,Villarreal,,,0.64,0.65,
La Liga,2015-2016,2016-03-02,Ath Bilbao,RC Deportivo La Coruña,,,2.81,1.14,
La Liga,2015-2016,2016-03-02,Levante UD,Real Madrid,,,1.21,1.99,
La Liga,2015-2016,2016-03-01,Ath Madrid,Sociedad,,,2.18,0.87,
La Liga,2015-2016,2016-03-01,Las Palmas,Getafe,,,2.21,0.52,
La Liga,2015-2016,2016-02-28,Valencia,Ath Bilbao,,,1.23,1.54,
La Liga,2015-2016,2016-02-28,RC Deportivo La Coruña,Granada,,,1.05,1.44,
La Liga,2015-2016,2016-02-28,Villarreal,Levante UD,,,1.07,0.69,
La Liga,2015-2016,2016-02-27,Getafe,Celta,,,0.67,1.04,
La Liga,2015-2016,2016-02-27,Real Madrid,Ath Madrid,,,0.8,0.75,
La Liga,2015-2016,2016-02-27,Betis,Vallecano,,,2.16,0.99,
La Liga,2015-2016,2016-02-27,Sporting Gijón,Espanol,,,2.17,1.11,
La Liga,2015-2016,2016-02-27,Sociedad,Málaga,,,0.88,1.26,
La Liga,2015-2016,2016-02-26,Eibar,Las Palmas,,,0.31,0.71,
La Liga,2015-2016,2016-02-21,Ath Bilbao,Sociedad,,,0.8,0.63,
La Liga,2015-2016,2016-02-21,Vallecano,Sevilla,,,1.74,3.84,
La Liga,2015-2016,2016-02-21,Málaga,Real Madrid,,,1.56,1.6,
La Liga,2015-2016,2016-02-20,Celta,Eibar,,,2.27,1.36,
La Liga,2015-2016,2016-02-20,Espanol,RC Deportivo La Coruña,,,2.46,0.94,
La Liga,2015-2016,2016-02-14,Sevilla,Las Palmas,,,1.56,0.57,
La Liga,2015-2016,2016-02-13,Villarreal,Málaga,,,0.79,0.42,
La Liga,2015-2016,2016-02-14,Eibar,Levante UD,,,3.26,0.65,
La Liga,2015-2016,2016-02-14,Sociedad,Granada,,,2.41,1.21,
La Liga,2015-2016,2016-02-13,Real Madrid,Ath Bilbao,,,1.87,1.68,
La Liga,2015-2016,2016-02-12,Sporting Gijón,Vallecano,,,1.73,1.51,
La Liga,2015-2016,2016-01-17,Valencia,Vallecano,,,0.97,1.69,
La Liga,2015-2016,2016-01-10,Las Palmas,Málaga,,,0.35,1.35,
La Liga,2015-2016,2015-12-06,Sporting Gijón,Las Palmas,,,3.01,0.54,
La Liga,2015-2016,2015-11-29,Eibar,Real Madrid,,,0.34,2.46,
La Liga,2015-2016,2015-10-25,Ath Madrid,Valencia,,,1.99,0.87,
La Liga,2015-2016,2015-10-31,Real Madrid,Las Palmas,,,2.51,0.92,
La Liga,2015-2016,2015-10-03,Granada,RC Deportivo La Coruña,,,0.61,1.0,
La Liga,2015-2016,2015-10-30,RC Deportivo La Coruña,Ath Madrid,,,0.68,1.37,
La Liga,2015-2016,2015-09-27,Getafe,Levante UD,,,1.13,0.5,
La Liga,2015-2016,2015-09-20,Villarreal,Ath Bilbao,,,1.55,0.98,
La Liga,2015-2016,2015-08-30,Sevilla,Ath Madrid,,,1.62,1.09,
La Liga,2015-2016,2015-08-29,Real Madrid,Betis,,,2.1,1.09,
La Liga,2015-2016,2015-09-26,Villarreal,Ath Madrid,,,0.67,0.6,
La Liga,2015-2016,2016-02-14,Getafe,Ath Madrid,,,0.44,0.94,
La Liga,2015-2016,2016-02-13,Valencia,Espanol,,,1.31,3.53,
La Liga,2015-2016,2016-02-08,Espanol,Sociedad,,,0.32,1.66,
La Liga,2015-2016,2016-02-13,RC Deportivo La Coruña,Betis,,,3.14,0.34,
La Liga,2015-2016,2015-12-30,Getafe,RC Deportivo La Coruña,,,0.96,0.3,
La Liga,2015-2016,2015-12-30,Celta,Ath Bilbao,,,0.45,1.18,
La Liga,2015-2016,2015-12-30,Levante UD,Málaga,,,0.32,1.57,
La Liga,2015-2016,2015-12-30,Vallecano,Ath Madrid,,,0.52,2.11,
La Liga,2015-2016,2015-12-30,Eibar,Sporting Gijón,,,1.12,0.47,
La Liga,2015-2016,2015-12-30,Las Palmas,Granada,,,1.43,0.76,
La Liga,2015-2016,2015-12-20,Sociedad,Villarreal,,,1.15,1.0,
La Liga,2015-2016,2015-12-20,Real Madrid,Vallecano,,,5.14,0.64,
La Liga,2015-2016,2015-12-20,Málaga,Ath Madrid,,,1.12,0.59,
La Liga,2015-2016,2015-12-20,Ath Bilbao,Levante UD,,,2.11,0.32,
La Liga,2015-2016,2015-12-19,Espanol,Las Palmas,,,1.53,1.17,
La Liga,2015-2016,2015-12-19,Betis,Sevilla,,,0.33,1.1,
La Liga,2015-2016,2015-12-19,Valencia,Getafe,,,1.31,0.51,
La Liga,2015-2016,2015-12-20,Granada,Celta,,,0.33,2.14,
La Liga,2015-2016,2015-12-19,RC Deportivo La Coruña,Eibar,,,1.78,0.66,
La Liga,2015-2016,2015-12-13,Ath Madrid,Ath Bilbao,,,0.4,1.32,
La Liga,2015-2016,2015-12-13,Vallecano,Málaga,,,1.01,1.05,
La Liga,2015-2016,2015-12-12,Celta,Espanol,,,1.19,0.22,
La Liga,2015-2016,2015-12-13,Eibar,Valencia,,,2.61,0.39,
La Liga,2015-2016,2015-12-13,Villarreal,Real Madrid,,,0.94,1.49,
La Liga,2015-2016,2015-12-12,Sevilla,Sporting Gijón,,,2.01,0.1,
La Liga,2015-2016,2015-12-12,Las Palmas,Betis,,,1.23,0.46,
La Liga,2015-2016,2015-12-12,Levante UD,Granada,,,0.43,0.76,
La Liga,2015-2016,2015-12-11,Getafe,Sociedad,,,0.46,1.59,
La Liga,2015-2016,2015-12-07,Espanol,Levante UD,,,0.94,0.99,
La Liga,2015-2016,2015-12-06,Sociedad,Eibar,,,2.11,0.69,
La Liga,2015-2016,2015-12-06,Ath Bilbao,Málaga,,,0.65,0.56,
La Liga,2015-2016,2015-12-06,Villarreal,Vallecano,,,1.54,0.21,
La Liga,2015-2016,2015-12-05,Real Madrid,Getafe,,,1.38,0.29,
La Liga,2015-2016,2015-12-05,Granada,Ath Madrid,,,0.88,1.35,
La Liga,2015-2016,2015-11-29,Sevilla,Valencia,,,1.54,0.0,
La Liga,2015-2016,2015-11-29,Getafe,Villarreal,,,1.48,0.43,
La Liga,2015-2016,2015-12-05,RC Deportivo La Coruña,Sevilla,,,0.78,1.13,
La Liga,2015-2016,2015-11-29,Vallecano,Ath Bilbao,,,1.61,2.26,
La Liga,2015-2016,2015-11-28,Ath Madrid,Espanol,,,1.85,0.21,
La Liga,2015-2016,2015-11-28,Las Palmas,RC Deportivo La Coruña,,,0.43,2.06,
La Liga,2015-2016,2015-11-28,Málaga,Granada,,,1.75,0.55,
La Liga,2015-2016,2015-11-28,Celta,Sporting Gijón,,,1.55,0.82,
La Liga,2015-2016,2015-11-23,Getafe,Vallecano,,,0.66,1.72,
La Liga,2015-2016,2015-11-27,Levante UD,Betis,,,1.43,0.86,
La Liga,2015-2016,2015-11-22,Betis,Ath Madrid,,,0.29,2.06,
La Liga,2015-2016,2015-11-22,Sporting Gijón,Levante UD,,,2.4,2.3,
La Liga,2015-2016,2015-11-22,Granada,Ath Bilbao,,,0.61,1.17,
La Liga,2015-2016,2015-11-22,Villarreal,Eibar,,,1.72,2.66,
La Liga,2015-2016,2015-11-21,RC Deportivo La Coruña,Celta,,,1.08,1.14,
La Liga,2015-2016,2015-11-21,Sociedad,Sevilla,,,1.0,1.1,
La Liga,2015-2016,2015-11-21,Espanol,Málaga,,,0.87,1.17,
La Liga,2015-2016,2015-11-21,Valencia,Las Palmas,,,1.52,1.63,
La Liga,2015-2016,2015-11-08,Ath Bilbao,Espanol,,,0.52,0.46,
La Liga,2015-2016,2015-11-08,Barcelona,Villarreal,,,2.87,0.33,
La Liga,2015-2016,2015-11-07,Levante UD,RC Deportivo La Coruña,,,1.53,0.56,
La Liga,2015-2016,2015-11-08,Sevilla,Real Madrid,,,2.0,1.63,
La Liga,2015-2016,2015-11-08,Ath Madrid,Sporting Gijón,,,1.35,0.45,
La Liga,2015-2016,2015-11-06,Las Palmas,Sociedad,,,0.98,0.75,
La Liga,2015-2016,2015-11-07,Málaga,Betis,,,0.81,0.79,
La Liga,2015-2016,2015-10-17,Betis,Espanol,,,1.88,1.41,
La Liga,2015-2016,2015-10-17,Valencia,Málaga,,,1.6,1.62,
La Liga,2015-2016,2015-10-03,Málaga,Sociedad,,,1.57,1.19,
La Liga,2015-2016,2015-09-26,Eibar,Celta,,,1.48,1.29,
La Liga,2015-2016,2015-09-23,Vallecano,Sporting Gijón,,,3.22,0.55,
La Liga,2015-2016,2016-04-24,Getafe,Valencia,,,2.99,0.6,
La Liga,2015-2016,2016-04-16,Las Palmas,Sporting Gijón,,,0.44,1.22,
La Liga,2015-2016,2015-10-31,Valencia,Levante UD,,,2.57,0.84,
La Liga,2015-2016,2015-10-25,Barcelona,Eibar,,,1.71,0.78,
La Liga,2015-2016,2015-10-04,Levante UD,Villarreal,,,0.67,0.15,
La Liga,2015-2016,2015-10-03,Las Palmas,Eibar,,,1.25,1.38,
La Liga,2015-2016,2015-10-18,Getafe,Las Palmas,,,2.8,0.54,
La Liga,2015-2016,2015-09-27,RC Deportivo La Coruña,Espanol,,,1.85,0.51,
La Liga,2015-2016,2015-09-22,Ath Madrid,Getafe,,,1.09,0.48,
La Liga,2015-2016,2015-09-27,Sociedad,Ath Bilbao,,,1.24,0.61,
La Liga,2015-2016,2015-09-13,Granada,Villarreal,,,1.03,1.06,
La Liga,2015-2016,2015-08-24,Granada,Eibar,,,1.19,2.27,
La Liga,2015-2016,2016-05-08,Eibar,Betis,,,2.39,1.06,
La Liga,2015-2016,2016-05-08,Real Madrid,Valencia,,,2.11,1.83,
La Liga,2015-2016,2015-08-21,Málaga,Sevilla,,,1.09,1.41,
La Liga,2015-2016,2016-04-02,Celta,RC Deportivo La Coruña,,,0.37,1.21,
La Liga,2015-2016,2015-09-22,Granada,Sociedad,,,0.46,2.19,
La Liga,2015-2016,2016-04-20,Real Madrid,Villarreal,,,1.41,0.28,
La Liga,2015-2016,2016-04-23,Vallecano,Real Madrid,,,1.36,1.66,
La Liga,2015-2016,2016-04-01,Vallecano,Getafe,,,3.06,1.23,
La Liga,2015-2016,2016-03-14,Granada,Espanol,,,0.4,0.66,
La Liga,2015-2016,2016-03-19,RC Deportivo La Coruña,Levante UD,,,0.91,0.57,
La Liga,2015-2016,2016-04-30,Ath Madrid,Vallecano,,,0.74,0.79,
La Liga,2015-2016,2016-03-13,Las Palmas,Real Madrid,,,1.45,1.01,
La Liga,2015-2016,2016-04-03,Ath Bilbao,Granada,,,1.73,0.57,
La Liga,2015-2016,2015-10-24,Sevilla,Getafe,,,4.08,0.29,
La Liga,2015-2016,2016-04-02,Ath Madrid,Betis,,,4.04,0.8,
La Liga,2015-2016,2016-05-01,Valencia,Villarreal,,,0.32,1.04,
La Liga,2015-2016,2016-04-25,Celta,Granada,,,2.09,0.91,
La Liga,2015-2016,2016-05-01,Ath Bilbao,Celta,,,1.41,0.44,
La Liga,2015-2016,2016-05-08,Las Palmas,Ath Bilbao,,,0.19,0.38,
La Liga,2015-2016,2016-05-08,Getafe,Sporting Gijón,,,1.4,0.61,
La Liga,2015-2016,2016-04-30,Sociedad,Real Madrid,,,0.45,1.16,
La Liga,2015-2016,2016-04-19,Espanol,Celta,,,0.9,0.36,
La Liga,2015-2016,2016-05-08,Sociedad,Vallecano,,,1.34,1.29,
La Liga,2015-2016,2016-04-30,Granada,Las Palmas,,,1.4,1.31,
La Liga,2015-2016,2016-05-08,Sevilla,Granada,,,1.3,1.97,
La Liga,2015-2016,2016-04-09,Real Madrid,Eibar,,,2.47,1.31,
La Liga,2015-2016,2016-04-29,Sporting Gijón,Eibar,,,0.35,0.7,
La Liga,2015-2016,2016-05-08,Villarreal,RC Deportivo La Coruña,,,0.63,0.44,
La Liga,2015-2016,2016-03-13,Ath Bilbao,Betis,,,2.15,0.75,
La Liga,2015-2016,2016-05-01,Espanol,Sevilla,,,1.51,0.38,
La Liga,2015-2016,2016-05-08,Celta,Málaga,,,1.57,0.82,
La Liga,2015-2016,2016-03-05,Real Madrid,Celta,,,1.92,1.4,
La Liga,2015-2016,2016-03-03,Espanol,Betis,,,1.32,1.25,
La Liga,2015-2016,2015-11-07,Vallecano,Granada,,,1.07,0.61,
La Liga,2015-2016,2015-12-05,Betis,Celta,,,2.46,0.49,
La Liga,2015-2016,2015-11-07,Eibar,Getafe,,,2.24,0.57,
La Liga,2015-2016,2015-11-01,Espanol,Granada,,,1.97,0.75,
La Liga,2015-2016,2015-11-07,Celta,Valencia,,,1.36,1.66,
La Liga,2015-2016,2015-11-01,Eibar,Vallecano,,,1.42,0.43,
La Liga,2015-2016,2015-11-01,Betis,Ath Bilbao,,,1.3,3.14,
La Liga,2015-2016,2015-11-01,Sporting Gijón,Málaga,,,1.16,0.69,
La Liga,2015-2016,2016-02-07,Celta,Sevilla,,,1.6,0.83,
La Liga,2015-2016,2016-02-07,Betis,Valencia,,,1.03,1.02,
La Liga,2015-2016,2016-02-07,Granada,Real Madrid,,,0.81,1.96,
La Liga,2015-2016,2016-02-06,Ath Madrid,Eibar,,,2.11,0.36,
La Liga,2015-2016,2016-02-06,Sporting Gijón,RC Deportivo La Coruña,,,0.92,0.29,
La Liga,2015-2016,2016-02-06,Ath Bilbao,Villarreal,,,0.69,0.3,
La Liga,2015-2016,2016-02-05,Málaga,Getafe,,,1.98,0.39,
La Liga,2015-2016,2016-02-06,Vallecano,Las Palmas,,,2.55,0.45,
La Liga,2015-2016,2016-02-01,RC Deportivo La Coruña,Vallecano,,,1.24,1.49,
La Liga,2015-2016,2016-01-31,Valencia,Sporting Gijón,,,2.91,1.49,
La Liga,2015-2016,2016-01-31,Sevilla,Levante UD,,,2.25,0.82,
La Liga,2015-2016,2016-01-31,Las Palmas,Celta,,,1.7,0.56,
La Liga,2015-2016,2016-01-30,Sociedad,Betis,,,0.54,1.15,
La Liga,2015-2016,2016-01-30,Eibar,Málaga,,,0.93,1.33,
La Liga,2015-2016,2016-01-30,Villarreal,Granada,,,2.22,0.68,
La Liga,2015-2016,2016-01-25,Levante UD,Las Palmas,,,1.69,1.07,
La Liga,2015-2016,2016-01-30,Getafe,Ath Bilbao,,,1.41,1.46,
La Liga,2015-2016,2016-01-24,Ath Madrid,Sevilla,,,1.26,0.31,
La Liga,2015-2016,2016-01-24,Ath Bilbao,Eibar,,,0.93,2.02,
La Liga,2015-2016,2016-01-24,Betis,Real Madrid,,,0.38,3.31,
La Liga,2015-2016,2016-01-24,RC Deportivo La Coruña,Valencia,,,1.1,0.97,
La Liga,2015-2016,2016-01-23,Vallecano,Celta,,,3.11,0.18,
La Liga,2015-2016,2016-01-23,Espanol,Villarreal,,,1.06,1.07,
La Liga,2015-2016,2016-01-22,Sporting Gijón,Sociedad,,,4.68,1.32,
La Liga,2015-2016,2016-01-23,Granada,Getafe,,,2.31,1.93,
La Liga,2015-2016,2016-01-17,Las Palmas,Ath Madrid,,,0.5,1.99,
La Liga,2015-2016,2016-01-17,Getafe,Espanol,,,1.87,1.34,
La Liga,2015-2016,2016-01-16,Sevilla,Málaga,,,1.03,1.19,
La Liga,2015-2016,2016-01-16,Sociedad,RC Deportivo La Coruña,,,2.92,1.42,
La Liga,2015-2016,2016-01-16,Celta,Levante UD,,,2.09,1.14,
La Liga,2015-2016,2016-01-16,Villarreal,Betis,,,0.79,0.56,
La Liga,2015-2016,2016-01-10,Villarreal,Sporting Gijón,,,1.26,0.7,
La Liga,2015-2016,2016-01-10,Celta,Ath Madrid,,,0.25,1.32,
La Liga,2015-2016,2016-01-10,Eibar,Espanol,,,2.4,0.38,
La Liga,2015-2016,2016-01-10,Sociedad,Valencia,,,2.94,0.67,
La Liga,2015-2016,2016-01-09,Levante UD,Vallecano,,,0.8,0.33,
La Liga,2015-2016,2016-01-09,Sevilla,Ath Bilbao,,,1.25,0.89,
La Liga,2015-2016,2016-01-09,Real Madrid,RC Deportivo La Coruña,,,2.52,0.91,
La Liga,2015-2016,2016-01-09,Getafe,Betis,,,0.74,0.67,
La Liga,2015-2016,2016-01-04,Sporting Gijón,Getafe,,,1.36,1.98,
La Liga,2015-2016,2016-01-03,Vallecano,Sociedad,,,1.0,0.84,
La Liga,2015-2016,2016-01-03,Ath Bilbao,Las Palmas,,,2.13,0.78,
La Liga,2015-2016,2016-01-03,RC Deportivo La Coruña,Villarreal,,,0.97,1.32,
La Liga,2015-2016,2016-01-03,Granada,Sevilla,,,0.87,2.39,
La Liga,2015-2016,2016-01-03,Betis,Eibar,,,1.61,0.95,
La Liga,2015-2016,2016-01-03,Valencia,Real Madrid,,,2.62,1.15,
La Liga,2015-2016,2016-01-02,Málaga,Celta,,,2.64,0.82,
La Liga,2015-2016,2015-12-31,Villarreal,Valencia,,,0.35,0.53,
La Liga,2015-2016,2016-01-02,Ath Madrid,Levante UD,,,1.17,0.58,
La Liga,2015-2016,2015-12-30,Real Madrid,Sociedad,,,3.17,0.66,
La Liga,2015-2016,2015-12-30,Sevilla,Espanol,,,2.31,0.89,
La Liga,2015-2016,2015-10-31,Villarreal,Sevilla,,,1.21,0.67,
La Liga,2015-2016,2015-10-31,Getafe,Barcelona,,,0.24,1.98,
La Liga,2015-2016,2015-10-25,Levante UD,Sociedad,,,1.0,3.41,
La Liga,2015-2016,2015-10-31,Sociedad,Celta,,,1.38,1.23,
La Liga,2015-2016,2015-10-25,Las Palmas,Villarreal,,,0.3,0.32,
La Liga,2015-2016,2015-10-24,Málaga,RC Deportivo La Coruña,,,0.52,0.65,
La Liga,2015-2016,2015-10-24,Celta,Real Madrid,,,1.6,2.1,
La Liga,2015-2016,2015-10-24,Granada,Betis,,,1.38,1.15,
La Liga,2015-2016,2015-10-23,Vallecano,Espanol,,,2.25,1.31,
La Liga,2015-2016,2015-10-19,Sporting Gijón,Granada,,,0.89,1.98,
La Liga,2015-2016,2015-10-18,Sociedad,Ath Madrid,,,0.64,1.58,
La Liga,2015-2016,2015-10-18,RC Deportivo La Coruña,Ath Bilbao,,,1.32,0.61,
La Liga,2015-2016,2015-10-18,Villarreal,Celta,,,0.95,1.59,
La Liga,2015-2016,2015-10-17,Barcelona,Vallecano,,,4.68,2.47,
La Liga,2015-2016,2015-10-17,Real Madrid,Levante UD,,,1.45,1.5,
La Liga,2015-2016,2015-10-17,Eibar,Sevilla,,,0.72,1.79,
La Liga,2015-2016,2015-10-04,Ath Bilbao,Valencia,,,1.99,0.58,
La Liga,2015-2016,2015-10-04,Ath Madrid,Real Madrid,,,2.87,0.49,
La Liga,2015-2016,2015-10-03,Sevilla,Barcelona,,,1.3,3.41,
La Liga,2015-2016,2015-10-04,Vallecano,Betis,,,0.98,1.98,
La Liga,2015-2016,2015-10-03,Espanol,Sporting Gijón,,,1.6,1.48,
La Liga,2015-2016,2015-10-02,Celta,Getafe,,,1.47,1.52,
La Liga,2015-2016,2015-09-27,Sporting Gijón,Betis,,,1.67,1.4,
La Liga,2015-2016,2015-09-26,Real Madrid,Málaga,,,3.35,0.67,
La Liga,2015-2016,2015-09-26,Sevilla,Vallecano,,,2.09,0.66,
La Liga,2015-2016,2015-09-25,Valencia,Granada,,,1.36,0.99,
La Liga,2015-2016,2015-09-23,Málaga,Villarreal,,,0.84,0.91,
La Liga,2015-2016,2015-09-24,Betis,RC Deportivo La Coruña,,,1.09,0.33,
La Liga,2015-2016,2015-09-23,Ath Bilbao,Real Madrid,,,1.48,2.63,
La Liga,2015-2016,2015-09-22,Espanol,Valencia,,,1.75,0.65,
La Liga,2015-2016,2015-09-20,Las Palmas,Vallecano,,,0.77,1.34,
La Liga,2015-2016,2015-09-20,RC Deportivo La Coruña,Sporting Gijón,,,1.06,0.95,
La Liga,2015-2016,2015-09-20,Sevilla,Celta,,,1.1,0.8,
La Liga,2015-2016,2015-09-19,Eibar,Ath Madrid,,,0.32,1.5,
La Liga,2015-2016,2015-09-19,Sociedad,Espanol,,,1.51,1.85,
La Liga,2015-2016,2015-09-19,Real Madrid,Granada,,,2.49,1.17,
La Liga,2015-2016,2015-09-19,Valencia,Betis,,,1.68,0.15,
La Liga,2015-2016,2015-09-14,Vallecano,RC Deportivo La Coruña,,,0.68,1.34,
La Liga,2015-2016,2015-09-18,Getafe,Málaga,,,0.94,0.61,
La Liga,2015-2016,2015-09-13,Málaga,Eibar,,,1.03,0.84,
La Liga,2015-2016,2015-09-13,Ath Bilbao,Getafe,,,1.44,0.6,
La Liga,2015-2016,2015-09-12,Sporting Gijón,Valencia,,,1.1,1.62,
La Liga,2015-2016,2015-09-12,Betis,Sociedad,,,0.53,0.7,
La Liga,2015-2016,2015-09-13,Celta,Las Palmas,,,4.29,1.25,
La Liga,2015-2016,2015-09-12,Espanol,Real Madrid,,,1.75,3.4,
La Liga,2015-2016,2015-08-30,Getafe,Granada,,,0.58,1.22,
La Liga,2015-2016,2015-09-11,Levante UD,Sevilla,,,1.44,0.99,
La Liga,2015-2016,2015-08-30,Eibar,Ath Bilbao,,,1.41,0.34,
La Liga,2015-2016,2015-08-30,Valencia,RC Deportivo La Coruña,,,1.55,0.79,
La Liga,2015-2016,2015-08-30,Las Palmas,Levante UD,,,0.7,0.15,
La Liga,2015-2016,2015-08-29,Sociedad,Sporting Gijón,,,0.91,0.23,
La Liga,2015-2016,2015-08-29,Celta,Vallecano,,,2.16,0.13,
La Liga,2015-2016,2015-08-28,Villarreal,Espanol,,,1.48,0.59,
La Liga,2015-2016,2015-08-23,Betis,Villarreal,,,1.6,1.1,
La Liga,2015-2016,2015-08-23,Sporting Gijón,Real Madrid,,,0.28,1.5,
La Liga,2015-2016,2015-08-23,Levante UD,Celta,,,0.49,1.68,
La Liga,2015-2016,2015-08-22,Vallecano,Valencia,,,0.7,1.69,
La Liga,2015-2016,2015-08-22,Espanol,Getafe,,,0.29,1.35,
La Liga,2015-2016,2015-08-22,RC Deportivo La Coruña,Sociedad,,,0.6,1.08,
La Liga,2015-2016,2016-03-12,Barcelona,Getafe,,,2.93,0.26,
La Liga,2015-2016,2015-08-22,Ath Madrid,Las Palmas,,,0.54,0.5,
La Liga,2015-2016,2016-04-30,Betis,Barcelona,,,0.09,2.13,
La Liga,2015-2016,2016-01-30,Barcelona,Ath Madrid,,,0.57,0.68,
La Liga,2015-2016,2016-04-02,Barcelona,Real Madrid,,,0.73,1.32,
La Liga,2015-2016,2016-04-20,RC Deportivo La Coruña,Barcelona,,,1.63,4.03,
La Liga,2015-2016,2016-04-23,Barcelona,Sporting Gijón,,,4.72,0.41,
La Liga,2015-2016,2016-03-03,Vallecano,Barcelona,,,1.3,3.61,
La Liga,2015-2016,2016-05-08,Barcelona,Espanol,,,2.93,0.49,
La Liga,2015-2016,2016-01-23,Málaga,Barcelona,,,1.09,2.13,
La Liga,2015-2016,2015-08-29,Barcelona,Málaga,,,1.83,0.43,
La Liga,2015-2016,2015-09-26,Barcelona,Las Palmas,,,2.09,0.69,
La Liga,2015-2016,2015-12-05,Valencia,Barcelona,,,0.48,1.33,
La Liga,2015-2016,2015-08-23,Ath Bilbao,Barcelona,,,0.3,1.74,
La Liga,2015-2016,2015-11-28,Barcelona,Sociedad,,,2.49,0.61,
La Liga,2015-2016,2015-12-12,Barcelona,RC Deportivo La Coruña,,,1.04,0.99,
La Liga,2015-2016,2016-02-17,Sporting Gijón,Barcelona,,,0.57,2.36,
La Liga,2015-2016,2016-05-14,Granada,Barcelona,,,0.51,2.42,
La Liga,2015-2016,2016-03-20,Villarreal,Barcelona,,,1.27,1.78,
La Liga,2015-2016,2016-01-17,Barcelona,Ath Bilbao,,,2.82,1.09,
La Liga,2015-2016,2016-01-02,Espanol,Barcelona,,,0.23,1.01,
La Liga,2015-2016,2016-04-09,Sociedad,Barcelona,,,0.43,1.17,
La Liga,2015-2016,2016-03-06,Eibar,Barcelona,,,0.54,2.33,
La Liga,2015-2016,2015-09-12,Ath Madrid,Barcelona,,,0.71,1.73,
La Liga,2015-2016,2016-01-09,Barcelona,Granada,,,3.21,0.37,
La Liga,2015-2016,2016-02-07,Levante UD,Barcelona,,,0.85,1.08,
La Liga,2015-2016,2015-12-30,Barcelona,Betis,,,3.46,1.2,
La Liga,2015-2016,2016-02-28,Barcelona,Sevilla,,,2.06,1.5,
La Liga,2015-2016,2015-11-21,Real Madrid,Barcelona,,,1.34,2.48,
La Liga,2015-2016,2015-09-23,Celta,Barcelona,,,2.11,1.94,
La Liga,2015-2016,2015-09-20,Barcelona,Levante UD,,,3.53,0.72,
La Liga,2015-2016,2016-02-20,Las Palmas,Barcelona,,,1.35,2.66,
La Liga,2015-2016,2016-02-14,Barcelona,Celta,,,4.18,1.34,
La Liga,2015-2016,2016-04-17,Barcelona,Valencia,,,2.26,0.68,
La Liga,2014-2015,2015-03-22,Barcelona,Real Madrid,,,2.35,0.98,
La Liga,2014-2015,2015-04-28,Barcelona,Getafe,,,2.15,0.48,
La Liga,2014-2015,2014-09-24,Málaga,Barcelona,,,0.26,0.78,
La Liga,2014-2015,2014-11-22,Barcelona,Sevilla,,,2.21,0.1,
La Liga,2014-2015,2014-09-27,Barcelona,Granada,,,3.11,0.68,
La Liga,2014-2015,2015-03-08,Barcelona,Vallecano,,,4.09,1.18,
La Liga,2014-2015,2015-05-23,Barcelona,RC Deportivo La Coruña,,,1.94,0.47,
La Liga,2014-2015,2014-12-13,Getafe,Barcelona,,,0.08,1.69,
La Liga,2014-2015,2014-11-01,Barcelona,Celta,,,1.85,1.37,
La Liga,2014-2015,2014-09-13,Barcelona,Ath Bilbao,,,2.15,0.27,
La Liga,2014-2015,2014-10-18,Barcelona,Eibar,,,2.77,0.71,
La Liga,2014-2015,2015-05-02,Córdoba CF,Barcelona,,,0.52,4.79,
La Liga,2014-2015,2015-04-08,Barcelona,Almería,,,1.84,0.37,
La Liga,2014-2015,2014-08-31,Villarreal,Barcelona,,,0.76,3.22,
La Liga,2014-2015,2014-10-25,Real Madrid,Barcelona,,,2.06,1.22,
La Liga,2014-2015,2014-10-04,Vallecano,Barcelona,,,0.73,2.03,
La Liga,2014-2015,2015-02-21,Barcelona,Málaga,,,0.76,1.42,
La Liga,2014-2015,2015-01-11,Barcelona,Ath Madrid,,,2.56,0.99,
La Liga,2014-2015,2015-05-09,Barcelona,Sociedad,,,2.01,0.46,
La Liga,2014-2015,2015-01-04,Sociedad,Barcelona,,,0.47,0.85,
La Liga,2014-2015,2015-02-01,Barcelona,Villarreal,,,2.94,1.01,
La Liga,2014-2015,2015-02-28,Granada,Barcelona,,,1.24,3.18,
La Liga,2014-2015,2015-01-24,Elche,Barcelona,,,0.22,2.74,
La Liga,2014-2015,2014-12-07,Barcelona,Espanol,,,1.5,0.21,
La Liga,2014-2015,2015-05-17,Ath Madrid,Barcelona,,,0.56,1.09,
La Liga,2014-2015,2015-04-18,Barcelona,Valencia,,,2.17,1.83,
La Liga,2014-2015,2014-12-20,Barcelona,Córdoba CF,,,1.88,0.11,
La Liga,2014-2015,2014-11-30,Valencia,Barcelona,,,0.87,1.48,
La Liga,2014-2015,2015-01-18,RC Deportivo La Coruña,Barcelona,,,0.56,1.84,
La Liga,2014-2015,2014-11-08,Almería,Barcelona,,,0.57,3.2,
La Liga,2014-2015,2014-08-24,Barcelona,Elche,,,1.47,0.07,
La Liga,2014-2015,2015-02-15,Barcelona,Levante UD,,,3.31,0.34,
La Liga,2014-2015,2015-04-25,Espanol,Barcelona,,,0.52,1.93,
La Liga,2014-2015,2015-02-08,Ath Bilbao,Barcelona,,,2.02,3.36,
La Liga,2014-2015,2014-09-21,Levante UD,Barcelona,,,0.37,3.47,
La Liga,2014-2015,2015-04-05,Celta,Barcelona,,,0.4,1.2,
La Liga,2014-2015,2015-04-11,Sevilla,Barcelona,,,0.97,1.3,
La Liga,2014-2015,2015-03-14,Eibar,Barcelona,,,0.45,1.66,
La Liga,2013-2014,2014-04-05,Barcelona,Betis,,,2.88,0.46,
La Liga,2013-2014,2013-09-01,Valencia,Barcelona,,,1.09,3.12,
La Liga,2013-2014,2014-03-02,Barcelona,Almería,,,2.76,0.21,
La Liga,2013-2014,2013-09-14,Barcelona,Sevilla,,,1.44,0.49,
La Liga,2013-2014,2013-09-21,Vallecano,Barcelona,,,1.91,2.27,
La Liga,2013-2014,2013-09-24,Barcelona,Sociedad,,,4.35,1.26,
La Liga,2013-2014,2014-04-27,Villarreal,Barcelona,,,0.93,1.25,
La Liga,2013-2014,2014-01-26,Barcelona,Málaga,,,2.72,0.2,
La Liga,2013-2014,2014-04-12,Granada,Barcelona,,,0.66,2.13,
La Liga,2013-2014,2014-02-09,Sevilla,Barcelona,,,1.42,1.2,
La Liga,2013-2014,2014-03-16,Barcelona,Osasuna,,,3.0,0.79,
La Liga,2013-2014,2014-04-20,Barcelona,Ath Bilbao,,,2.33,0.92,
La Liga,2013-2014,2014-01-19,Levante UD,Barcelona,,,0.31,1.07,
La Liga,2013-2014,2014-05-11,Elche,Barcelona,,,0.49,1.44,
La Liga,2013-2014,2013-10-26,Barcelona,Real Madrid,,,0.71,1.18,
La Liga,2013-2014,2014-02-15,Barcelona,Vallecano,,,2.26,0.47,
La Liga,2013-2014,2014-03-26,Barcelona,Celta,,,2.78,0.83,
La Liga,2013-2014,2013-08-18,Barcelona,Levante UD,,,4.79,0.23,
La Liga,2013-2014,2014-02-01,Barcelona,Valencia,,,2.26,1.48,
La Liga,2013-2014,2014-05-17,Barcelona,Ath Madrid,,,0.49,0.5,
La Liga,2013-2014,2013-11-01,Barcelona,Espanol,,,2.0,0.56,
La Liga,2013-2014,2014-03-29,Espanol,Barcelona,,,0.58,3.74,
La Liga,2013-2014,2014-03-23,Real Madrid,Barcelona,,,2.2,2.53,
La Liga,2013-2014,2014-01-11,Ath Madrid,Barcelona,,,0.75,0.52,
La Liga,2013-2014,2014-05-03,Barcelona,Getafe,,,1.55,0.57,
La Liga,2013-2014,2014-02-22,Sociedad,Barcelona,,,1.35,0.75,
La Liga,2013-2014,2014-03-08,Valladolid,Barcelona,,,0.74,0.8,
La Liga,2013-2014,2013-11-10,Betis,Barcelona,,,2.05,2.58,
La Liga,2013-2014,2013-10-19,Osasuna,Barcelona,,,0.09,0.93,
La Liga,2013-2014,2013-09-28,Almería,Barcelona,,,0.15,1.47,
La Liga,2013-2014,2013-10-29,Celta,Barcelona,,,0.56,1.94,
La Liga,2012-2013,2013-05-05,Barcelona,Betis,,,3.09,0.57,
La Liga,2012-2013,2012-12-01,Barcelona,Ath Bilbao,,,2.56,0.6,
La Liga,2012-2013,2012-12-22,Valladolid,Barcelona,,,1.0,1.72,
La Liga,2012-2013,2012-09-22,Barcelona,Granada,,,2.4,0.77,
La Liga,2012-2013,2013-02-03,Valencia,Barcelona,,,1.11,1.42,
La Liga,2012-2013,2012-11-03,Barcelona,Celta,,,2.07,1.28,
La Liga,2012-2013,2012-11-11,Mallorca,Barcelona,,,1.61,0.6,
La Liga,2012-2013,2013-03-02,Real Madrid,Barcelona,,,1.31,0.34,
La Liga,2012-2013,2012-11-25,Levante UD,Barcelona,,,2.59,1.2,
La Liga,2012-2013,2012-10-20,RC Deportivo La Coruña,Barcelona,,,1.4,1.42,
La Liga,2012-2013,2012-12-16,Barcelona,Ath Madrid,,,0.9,0.77,
La Liga,2012-2013,2013-02-10,Barcelona,Getafe,,,4.18,0.46,
La Liga,2012-2013,2012-08-19,Barcelona,Sociedad,,,1.53,0.62,
La Liga,2012-2013,2013-03-30,Celta,Barcelona,,,1.09,0.39,
La Liga,2012-2013,2013-01-06,Barcelona,Espanol,,,3.18,0.8,
La Liga,2012-2013,2013-01-27,Barcelona,Osasuna,,,3.28,0.23,
La Liga,2012-2013,2012-10-27,Vallecano,Barcelona,,,0.68,2.51,
La Liga,2012-2013,2013-01-19,Sociedad,Barcelona,,,0.99,1.15,
La Liga,2012-2013,2013-05-12,Ath Madrid,Barcelona,,,0.98,0.62,
La Liga,2012-2013,2012-09-02,Barcelona,Valencia,,,1.19,0.46,
La Liga,2012-2013,2012-09-29,Sevilla,Barcelona,,,0.63,1.39,
La Liga,2012-2013,2012-11-17,Barcelona,Zaragoza,,,0.7,0.77,
La Liga,2012-2013,2012-10-07,Barcelona,Real Madrid,,,1.08,0.93,
La Liga,2012-2013,2013-03-17,Barcelona,Vallecano,,,2.58,1.21,
La Liga,2012-2013,2012-12-09,Betis,Barcelona,,,0.87,1.5,
La Liga,2012-2013,2013-01-13,Málaga,Barcelona,,,0.33,1.54,
La Liga,2012-2013,2013-03-09,Barcelona,RC Deportivo La Coruña,,,1.41,0.07,
La Liga,2012-2013,2013-04-27,Ath Bilbao,Barcelona,,,1.39,1.14,
La Liga,2012-2013,2013-02-16,Granada,Barcelona,,,1.44,2.09,
La Liga,2012-2013,2012-08-26,Osasuna,Barcelona,,,1.33,1.73,
La Liga,2012-2013,2013-02-23,Barcelona,Sevilla,,,1.15,0.6,
La Liga,2012-2013,2012-09-15,Getafe,Barcelona,,,0.26,2.93,
La Liga,2011-2012,2012-02-19,Barcelona,Valencia,,,4.19,0.31,
La Liga,2011-2012,2011-09-17,Barcelona,Osasuna,,,3.96,0.28,
La Liga,2011-2012,2011-10-22,Barcelona,Sevilla,,,1.85,0.18,
La Liga,2011-2012,2012-04-07,Zaragoza,Barcelona,,,1.71,3.06,
La Liga,2011-2012,2011-11-19,Barcelona,Zaragoza,,,4.06,0.15,
La Liga,2011-2012,2012-02-26,Ath Madrid,Barcelona,,,1.24,0.92,
La Liga,2011-2012,2012-02-04,Barcelona,Sociedad,,,2.47,1.07,
La Liga,2011-2012,2012-03-11,Santander,Barcelona,,,0.07,3.19,
La Liga,2011-2012,2011-11-29,Barcelona,Vallecano,,,1.47,0.61,
La Liga,2011-2012,2012-01-22,Málaga,Barcelona,,,1.12,2.17,
La Liga,2011-2012,2011-11-06,Ath Bilbao,Barcelona,,,0.41,1.24,
La Liga,2011-2012,2012-03-24,Mallorca,Barcelona,,,0.72,1.27,
La Liga,2011-2012,2011-09-24,Barcelona,Ath Madrid,,,2.42,0.6,
La Liga,2011-2012,2012-04-21,Barcelona,Real Madrid,,,2.11,1.61,
La Liga,2011-2012,2012-03-20,Barcelona,Granada,,,1.3,1.84,
La Liga,2011-2012,2011-09-21,Valencia,Barcelona,,,1.35,0.89,
La Liga,2011-2012,2011-10-15,Barcelona,Santander,,,2.36,0.13,
La Liga,2011-2012,2011-09-10,Sociedad,Barcelona,,,1.68,2.31,
La Liga,2011-2012,2011-12-03,Barcelona,Levante UD,,,3.02,0.38,
La Liga,2011-2012,2012-05-02,Barcelona,Málaga,,,3.04,0.86,
La Liga,2011-2012,2012-04-10,Barcelona,Getafe,,,2.9,0.07,
La Liga,2011-2012,2011-10-02,Sporting Gijón,Barcelona,,,0.23,0.73,
La Liga,2011-2012,2012-05-12,Betis,Barcelona,,,0.81,0.58,
La Liga,2011-2012,2012-01-15,Barcelona,Betis,,,3.12,1.37,
La Liga,2011-2012,2011-12-10,Real Madrid,Barcelona,,,1.32,0.92,
La Liga,2011-2012,2012-02-11,Osasuna,Barcelona,,,1.1,1.68,
La Liga,2011-2012,2011-11-26,Getafe,Barcelona,,,0.38,1.46,
La Liga,2011-2012,2012-03-17,Sevilla,Barcelona,,,1.26,2.68,
La Liga,2011-2012,2012-01-08,Espanol,Barcelona,,,1.68,0.86,
La Liga,2011-2012,2012-05-05,Barcelona,Espanol,,,2.42,0.28,
La Liga,2011-2012,2011-08-29,Barcelona,Villarreal,,,3.11,0.09,
La Liga,2011-2012,2011-10-29,Barcelona,Mallorca,,,3.26,0.32,
La Liga,2011-2012,2012-01-28,Villarreal,Barcelona,,,0.3,1.41,
La Liga,2011-2012,2011-10-25,Granada,Barcelona,,,0.04,1.35,
La Liga,2011-2012,2012-04-14,Levante UD,Barcelona,,,1.05,2.55,
La Liga,2011-2012,2012-04-29,Vallecano,Barcelona,,,0.77,2.84,
La Liga,2011-2012,2012-03-31,Barcelona,Ath Bilbao,,,2.29,0.36,
La Liga,2010-2011,2011-04-23,Barcelona,Osasuna,,,0.77,1.03,
La Liga,2010-2011,2010-12-04,Osasuna,Barcelona,,,0.17,2.65,
La Liga,2010-2011,2011-04-02,Villarreal,Barcelona,,,0.67,0.85,
La Liga,2010-2011,2011-02-05,Barcelona,Ath Madrid,,,2.22,0.99,
La Liga,2010-2011,2010-12-18,Espanol,Barcelona,,,0.59,2.9,
La Liga,2010-2011,2011-01-22,Barcelona,Santander,,,3.4,0.37,
La Liga,2010-2011,2011-01-16,Barcelona,Málaga,,,2.03,0.21,
La Liga,2010-2011,2011-04-09,Barcelona,Almería,,,2.42,0.39,
La Liga,2010-2011,2010-11-07,Getafe,Barcelona,,,1.65,2.84,
La Liga,2010-2011,2011-03-19,Barcelona,Getafe,,,0.99,0.61,
La Liga,2010-2011,2011-04-16,Real Madrid,Barcelona,,,1.71,1.48,
La Liga,2010-2011,2010-09-11,Barcelona,Hércules,,,1.58,1.77,
La Liga,2010-2011,2011-01-29,Hércules,Barcelona,,,0.37,2.11,
La Liga,2010-2011,2011-04-30,Sociedad,Barcelona,,,1.71,1.13,
La Liga,2010-2011,2010-10-16,Barcelona,Valencia,,,1.8,0.5,
La Liga,2010-2011,2010-09-19,Ath Madrid,Barcelona,,,0.43,1.92,
La Liga,2010-2011,2011-03-02,Valencia,Barcelona,,,0.2,2.26,
La Liga,2010-2011,2010-12-12,Barcelona,Sociedad,,,2.28,0.07,
La Liga,2010-2011,2011-02-20,Barcelona,Ath Bilbao,,,1.91,1.13,
La Liga,2010-2011,2011-02-26,Mallorca,Barcelona,,,0.42,1.83,
La Liga,2010-2011,2010-08-29,Santander,Barcelona,,,1.11,0.81,
La Liga,2010-2011,2011-01-08,RC Deportivo La Coruña,Barcelona,,,0.74,0.93,
La Liga,2010-2011,2010-10-03,Barcelona,Mallorca,,,1.57,0.49,
La Liga,2010-2011,2011-05-08,Barcelona,Espanol,,,1.17,0.59,
La Liga,2010-2011,2011-03-13,Sevilla,Barcelona,,,1.27,1.92,
La Liga,2010-2011,2010-11-13,Barcelona,Villarreal,,,1.91,1.02,
La Liga,2010-2011,2011-05-11,Levante UD,Barcelona,,,1.04,0.86,
La Liga,2010-2011,2011-03-05,Barcelona,Zaragoza,,,1.93,0.49,
La Liga,2010-2011,2010-10-23,Zaragoza,Barcelona,,,0.39,2.15,
La Liga,2010-2011,2010-10-30,Barcelona,Sevilla,,,1.33,0.13,
La Liga,2010-2011,2010-11-29,Barcelona,Real Madrid,,,2.77,0.13,
La Liga,2010-2011,2010-11-20,Almería,Barcelona,,,0.29,3.62,
La Liga,2010-2011,2011-02-12,Sporting Gijón,Barcelona,,,0.29,1.19,
La Liga,2009-2010,2010-05-04,Barcelona,Tenerife,,,2.69,0.54,
La Liga,2009-2010,2010-01-16,Barcelona,Sevilla,,,2.9,0.29,
La Liga,2009-2010,2010-02-27,Barcelona,Málaga,,,2.87,0.32,
La Liga,2009-2010,2010-05-08,Sevilla,Barcelona,,,1.08,2.61,
La Liga,2009-2010,2010-05-01,Villarreal,Barcelona,,,0.84,1.49,
La Liga,2009-2010,2009-10-31,Osasuna,Barcelona,,,0.71,1.64,
La Liga,2009-2010,2010-03-24,Barcelona,Osasuna,,,1.76,0.37,
La Liga,2009-2010,2009-10-25,Barcelona,Zaragoza,,,2.94,1.0,
La Liga,2009-2010,2009-09-12,Getafe,Barcelona,,,0.71,1.97,
La Liga,2009-2010,2009-11-07,Barcelona,Mallorca,,,3.17,1.31,
La Liga,2009-2010,2010-01-10,Tenerife,Barcelona,,,1.21,2.92,
La Liga,2009-2010,2010-03-27,Mallorca,Barcelona,,,0.6,1.19,
La Liga,2009-2010,2010-05-16,Barcelona,Valladolid,,,2.01,0.79,
La Liga,2009-2010,2009-12-05,RC Deportivo La Coruña,Barcelona,,,0.33,1.48,
La Liga,2009-2010,2009-10-03,Barcelona,Almería,,,1.23,0.07,
La Liga,2009-2010,2010-04-10,Real Madrid,Barcelona,,,1.53,0.66,
La Liga,2009-2010,2010-03-14,Barcelona,Valencia,,,2.15,0.73,
La Liga,2009-2010,2010-01-30,Sporting Gijón,Barcelona,,,0.42,1.85,
La Liga,2009-2010,2010-01-23,Valladolid,Barcelona,,,0.7,1.08,
La Liga,2009-2010,2009-09-26,Málaga,Barcelona,,,0.05,1.73,
La Liga,2009-2010,2009-10-17,Valencia,Barcelona,,,1.24,0.75,
La Liga,2009-2010,2010-02-14,Ath Madrid,Barcelona,,,0.92,1.03,
La Liga,2009-2010,2010-03-06,Almería,Barcelona,,,0.35,2.08,
La Liga,2009-2010,2010-04-24,Barcelona,Xerez,,,1.86,0.8,
La Liga,2009-2010,2009-11-29,Barcelona,Real Madrid,,,0.71,1.29,
La Liga,2009-2010,2010-02-06,Barcelona,Getafe,,,1.62,1.8,
La Liga,2009-2010,2010-02-20,Barcelona,Santander,,,0.91,0.69,
La Liga,2009-2010,2010-04-17,Espanol,Barcelona,,,0.75,0.15,
La Liga,2009-2010,2009-12-02,Xerez,Barcelona,,,0.35,1.9,
La Liga,2009-2010,2009-11-21,Ath Bilbao,Barcelona,,,0.54,1.47,
La Liga,2009-2010,2009-09-19,Barcelona,Ath Madrid,,,1.48,1.23,
La Liga,2009-2010,2009-09-22,Santander,Barcelona,,,0.27,1.42,
La Liga,2009-2010,2010-03-21,Zaragoza,Barcelona,,,0.89,2.79,
La Liga,2009-2010,2010-04-14,Barcelona,RC Deportivo La Coruña,,,2.51,0.12,
La Liga,2009-2010,2010-04-03,Barcelona,Ath Bilbao,,,2.62,1.92,
La Liga,2008-2009,2009-04-11,Barcelona,Recreativo Huelva,,,2.27,0.86,
La Liga,2008-2009,2008-09-27,Espanol,Barcelona,,,0.33,3.73,
La Liga,2008-2009,2008-12-13,Barcelona,Real Madrid,,,2.67,0.47,
La Liga,2008-2009,2009-01-24,Barcelona,CD Numancia de Soria,,,3.65,0.16,
La Liga,2008-2009,2008-10-25,Barcelona,Almería,,,2.71,0.29,
La Liga,2008-2009,2008-10-04,Barcelona,Ath Madrid,,,3.26,0.22,
La Liga,2008-2009,2008-09-21,Sporting Gijón,Barcelona,,,0.37,2.95,
La Liga,2008-2009,2008-11-01,Málaga,Barcelona,,,0.62,0.64,
La Liga,2008-2009,2009-03-07,Barcelona,Ath Bilbao,,,4.12,0.77,
La Liga,2008-2009,2009-02-01,Santander,Barcelona,,,1.26,0.68,
La Liga,2008-2009,2009-02-08,Barcelona,Sporting Gijón,,,2.6,0.19,
La Liga,2008-2009,2009-05-10,Barcelona,Villarreal,,,1.68,1.95,
La Liga,2008-2009,2009-04-04,Valladolid,Barcelona,,,0.37,1.8,
La Liga,2008-2009,2009-02-14,Betis,Barcelona,,,0.8,2.77,
La Liga,2008-2009,2009-04-18,Getafe,Barcelona,,,0.21,2.61,
La Liga,2008-2009,2009-04-25,Valencia,Barcelona,,,1.21,0.82,
La Liga,2008-2009,2009-03-22,Barcelona,Málaga,,,3.5,0.53,
La Liga,2008-2009,2009-03-01,Ath Madrid,Barcelona,,,2.81,2.3,
La Liga,2008-2009,2009-02-21,Barcelona,Espanol,,,1.37,0.52,
La Liga,2008-2009,2008-11-29,Sevilla,Barcelona,,,0.95,1.06,
La Liga,2008-2009,2008-09-13,Barcelona,Santander,,,1.93,0.25,
La Liga,2008-2009,2008-08-31,CD Numancia de Soria,Barcelona,,,0.31,1.77,
La Liga,2008-2009,2009-03-15,Almería,Barcelona,,,0.32,1.29,
La Liga,2008-2009,2009-05-02,Real Madrid,Barcelona,,,0.67,2.27,
La Liga,2008-2009,2009-01-17,Barcelona,RC Deportivo La Coruña,,,4.11,0.06,
La Liga,2008-2009,2008-09-24,Barcelona,Betis,,,2.18,0.51,
La Liga,2008-2009,2008-12-21,Villarreal,Barcelona,,,0.91,1.23,
La Liga,2008-2009,2008-11-16,Recreativo Huelva,Barcelona,,,0.45,2.7,
La Liga,2008-2009,2009-01-11,Osasuna,Barcelona,,,0.39,1.22,
La Liga,2008-2009,2008-11-08,Barcelona,Valladolid,,,4.16,0.04,
La Liga,2008-2009,2008-12-06,Barcelona,Valencia,,,2.4,0.32,
La Liga,2007-2008,2007-09-29,Levante UD,Barcelona,,,1.06,2.11,
La Liga,2007-2008,2008-02-09,Sevilla,Barcelona,,,1.5,0.78,
La Liga,2007-2008,2007-10-07,Barcelona,Ath Madrid,,,2.48,0.2,
La Liga,2007-2008,2007-09-02,Barcelona,Ath Bilbao,,,1.8,0.58,
La Liga,2007-2008,2008-02-24,Barcelona,Levante UD,,,2.67,1.16,
La Liga,2007-2008,2007-08-26,Santander,Barcelona,,,0.85,0.74,
La Liga,2007-2008,2008-05-17,Real Murcia CF,Barcelona,,,2.08,3.49,
La Liga,2007-2008,2008-01-27,Ath Bilbao,Barcelona,,,1.08,0.46,
La Liga,2007-2008,2007-10-20,Villarreal,Barcelona,,,2.01,1.47,
La Liga,2007-2008,2008-03-01,Ath Madrid,Barcelona,,,1.4,1.01,
La Liga,2007-2008,2007-11-10,Getafe,Barcelona,,,1.13,0.59,
La Liga,2007-2008,2007-12-09,Barcelona,RC Deportivo La Coruña,,,2.76,0.7,
La Liga,2007-2008,2007-12-01,Espanol,Barcelona,,,0.59,1.76,
La Liga,2007-2008,2008-04-19,Barcelona,Espanol,,,1.18,0.25,
La Liga,2007-2008,2007-10-28,Barcelona,Almería,,,2.57,0.37,
La Liga,2007-2008,2008-02-03,Barcelona,Osasuna,,,1.2,0.5,
La Liga,2007-2008,2008-05-11,Barcelona,Mallorca,,,1.29,0.81,
La Liga,2007-2008,2007-11-01,Valladolid,Barcelona,,,1.69,0.74,
La Liga,2007-2008,2007-11-04,Barcelona,Betis,,,1.64,0.14,
La Liga,2007-2008,2007-09-22,Barcelona,Sevilla,,,1.42,0.73,
La Liga,2007-2008,2007-11-24,Barcelona,Recreativo Huelva,,,2.68,0.28,
La Liga,2007-2008,2008-01-20,Barcelona,Santander,,,1.42,0.35,
La Liga,2007-2008,2008-02-16,Zaragoza,Barcelona,,,1.76,1.72,
La Liga,2007-2008,2008-04-12,Recreativo Huelva,Barcelona,,,1.5,0.98,
La Liga,2007-2008,2008-05-07,Real Madrid,Barcelona,,,2.46,0.99,
La Liga,2007-2008,2008-05-04,Barcelona,Valencia,,,3.12,0.32,
La Liga,2007-2008,2007-12-15,Valencia,Barcelona,,,0.36,2.31,
La Liga,2006-2007,2007-06-17,Gimnàstic Tarragona,Barcelona,,,0.84,3.5,
La Liga,2006-2007,2007-04-07,Zaragoza,Barcelona,,,1.03,0.94,
La Liga,2006-2007,2007-05-20,Ath Madrid,Barcelona,,,0.55,3.14,
La Liga,2006-2007,2007-03-03,Sevilla,Barcelona,,,1.83,1.08,
La Liga,2006-2007,2007-02-25,Barcelona,Ath Bilbao,,,1.42,0.3,
La Liga,2006-2007,2007-05-13,Barcelona,Betis,,,2.34,0.48,
La Liga,2006-2007,2006-08-28,Celta,Barcelona,,,1.07,0.9,
La Liga,2006-2007,2007-03-10,Barcelona,Real Madrid,,,2.51,1.86,
La Liga,2006-2007,2007-02-18,Valencia,Barcelona,,,1.38,0.81,
La Liga,2006-2007,2006-10-22,Real Madrid,Barcelona,,,1.32,1.18,
La Liga,2006-2007,2006-10-15,Barcelona,Sevilla,,,1.45,0.56,
La Liga,2006-2007,2007-03-17,Recreativo Huelva,Barcelona,,,0.79,0.98,
La Liga,2006-2007,2007-02-11,Barcelona,Santander,,,2.46,0.91,
La Liga,2006-2007,2007-04-22,Villarreal,Barcelona,,,0.6,1.41,
La Liga,2006-2007,2007-04-29,Barcelona,Levante UD,,,2.34,0.66,
La Liga,2006-2007,2007-06-09,Barcelona,Espanol,,,2.5,1.13,
La Liga,2006-2007,2007-04-15,Barcelona,Mallorca,,,1.91,0.86,
La Liga,2006-2007,2006-11-12,Barcelona,Zaragoza,,,1.31,1.02,
La Liga,2006-2007,2007-03-31,Barcelona,RC Deportivo La Coruña,,,1.86,0.68,
La Liga,2006-2007,2007-05-05,Sociedad,Barcelona,,,0.35,2.03,
La Liga,2006-2007,2006-09-17,Santander,Barcelona,,,0.46,2.2,
La Liga,2006-2007,2006-09-24,Barcelona,Valencia,,,1.24,0.34,
La Liga,2006-2007,2006-09-30,Ath Bilbao,Barcelona,,,0.39,2.16,
La Liga,2006-2007,2006-11-04,RC Deportivo La Coruña,Barcelona,,,2.01,1.24,
La Liga,2006-2007,2007-05-26,Barcelona,Getafe,,,1.73,0.72,
La Liga,2006-2007,2006-09-09,Barcelona,Osasuna,,,2.6,0.41,
La Liga,2005-2006,2005-12-20,Barcelona,Celta,,,1.23,0.36,
La Liga,2005-2006,2006-02-18,Barcelona,Betis,,,2.72,1.01,
La Liga,2005-2006,2005-12-17,Cádiz,Barcelona,,,1.34,3.08,
La Liga,2005-2006,2005-10-22,Barcelona,Osasuna,,,2.78,0.62,
La Liga,2005-2006,2005-10-26,Barcelona,Málaga,,,3.27,0.4,
La Liga,2005-2006,2006-01-22,Barcelona,Deportivo Alavés,,,4.78,0.43,
La Liga,2005-2006,2005-12-04,Villarreal,Barcelona,,,0.39,0.37,
La Liga,2005-2006,2005-11-06,Getafe,Barcelona,,,0.37,1.58,
La Liga,2005-2006,2006-01-07,Espanol,Barcelona,,,0.75,1.91,
La Liga,2005-2006,2006-02-25,Zaragoza,Barcelona,,,0.19,1.2,
La Liga,2005-2006,2005-11-27,Barcelona,Santander,,,3.21,0.79,
La Liga,2005-2006,2006-02-05,Barcelona,Ath Madrid,,,1.43,1.81,
La Liga,2005-2006,2005-10-01,Barcelona,Zaragoza,,,3.27,1.22,
La Liga,2005-2006,2006-01-29,Mallorca,Barcelona,,,0.22,2.01,
La Liga,2005-2006,2005-12-11,Barcelona,Sevilla,,,2.3,1.36,
La Liga,2005-2006,2006-01-15,Barcelona,Ath Bilbao,,,2.01,0.96,
La Liga,2005-2006,2005-11-19,Real Madrid,Barcelona,,,0.39,1.98,
La Liga,2004-2005,2004-10-16,Espanol,Barcelona,,,0.86,1.27,
La Liga,2004-2005,2004-10-24,Barcelona,Osasuna,,,1.9,0.33,
La Liga,2004-2005,2004-12-04,Barcelona,Málaga,,,1.91,0.07,
La Liga,2004-2005,2005-05-01,Barcelona,Albacete,,,1.07,0.13,
La Liga,2004-2005,2005-04-17,Barcelona,Getafe,,,1.47,0.23,
La Liga,2004-2005,2004-12-11,Albacete,Barcelona,,,1.17,0.69,
La Liga,2004-2005,2004-12-21,Barcelona,Levante UD,,,1.4,0.85,
Ligue 1,2022-2023,2023-06-03,Paris Saint-Germain,Clermont Foot,,,2.02,3.37,
Ligue 1,2022-2023,2023-04-02,Paris Saint-Germain,Lyon,,,1.06,2.27,
Ligue 1,2022-2023,2023-03-19,Paris Saint-Germain,Rennes,,,1.59,1.36,
Ligue 1,2022-2023,2023-05-13,Paris Saint-Germain,Ajaccio,,,2.14,0.3,
Ligue 1,2022-2023,2023-03-11,Stade Brestois,Paris Saint-Germain,,,0.62,2.47,
Ligue 1,2022-2023,2023-02-26,Olympique de Marseille,Paris Saint-Germain,,,1.57,2.2,
Ligue 1,2022-2023,2023-01-29,Paris Saint-Germain,Stade de Reims,,,1.72,1.91,
Ligue 1,2022-2023,2023-02-19,Paris Saint-Germain,Lille,,,1.25,2.2,
Ligue 1,2022-2023,2023-01-11,Paris Saint-Germain,Angers,,,1.35,0.35,
Ligue 1,2022-2023,2023-01-15,Rennes,Paris Saint-Germain,,,0.55,1.04,
Ligue 1,2022-2023,2022-11-13,Paris Saint-Germain,Auxerre,,,1.43,0.67,
Ligue 1,2022-2023,2022-10-16,Paris Saint-Germain,Olympique de Marseille,,,2.09,1.21,
Ligue 1,2022-2023,2022-08-13,Paris Saint-Germain,Montpellier,,,3.53,0.81,
Ligue 1,2022-2023,2022-08-06,Clermont Foot,Paris Saint-Germain,,,0.26,2.61,
Ligue 1,2022-2023,2022-08-28,Paris Saint-Germain,AS Monaco,,,2.56,0.45,
Ligue 1,2022-2023,2023-05-27,Strasbourg,Paris Saint-Germain,,,1.4,0.91,
Ligue 1,2022-2023,2023-05-21,Auxerre,Paris Saint-Germain,,,0.87,1.55,
Ligue 1,2022-2023,2023-04-30,Paris Saint-Germain,Lorient,,,1.98,3.21,
Ligue 1,2022-2023,2023-04-15,Paris Saint-Germain,Lens,,,1.5,1.71,
Ligue 1,2022-2023,2023-04-21,Angers,Paris Saint-Germain,,,1.25,1.91,
Ligue 1,2022-2023,2023-02-04,Paris Saint-Germain,Toulouse,,,1.77,0.7,
Ligue 1,2022-2023,2023-03-04,Paris Saint-Germain,Nantes,,,1.47,0.41,
Ligue 1,2022-2023,2023-04-08,OGC Nice,Paris Saint-Germain,,,1.27,0.77,
Ligue 1,2022-2023,2023-02-01,Montpellier,Paris Saint-Germain,,,0.35,4.0,
Ligue 1,2022-2023,2022-10-29,Paris Saint-Germain,Troyes,,,2.84,1.72,
Ligue 1,2022-2023,2022-10-01,Paris Saint-Germain,OGC Nice,,,0.77,0.38,
Ligue 1,2022-2023,2022-10-21,Ajaccio,Paris Saint-Germain,,,0.24,2.86,
Ligue 1,2022-2023,2022-09-18,Lyon,Paris Saint-Germain,,,0.81,1.95,
Ligue 1,2022-2023,2022-09-10,Paris Saint-Germain,Stade Brestois,,,1.49,1.08,
Ligue 1,2022-2023,2022-08-31,Toulouse,Paris Saint-Germain,,,0.8,3.06,
Ligue 1,2022-2023,2022-09-03,Nantes,Paris Saint-Germain,,,0.43,3.82,
Ligue 1,2022-2023,2022-08-21,Lille,Paris Saint-Germain,,,1.97,3.9,
Ligue 1,2021-2022,2022-04-29,Strasbourg,Paris Saint-Germain,,,1.49,1.88,
Ligue 1,2021-2022,2022-04-09,Clermont Foot,Paris Saint-Germain,,,1.21,3.51,
Ligue 1,2021-2022,2021-08-29,Stade de Reims,Paris Saint-Germain,,,0.57,1.01,
Ligue 1,2021-2022,2022-01-23,Paris Saint-Germain,Stade de Reims,,,2.53,0.52,
Ligue 1,2021-2022,2021-10-29,Paris Saint-Germain,Lille,,,2.41,1.74,
Ligue 1,2021-2022,2021-12-04,Lens,Paris Saint-Germain,,,1.07,1.7,
Ligue 1,2021-2022,2022-05-14,Montpellier,Paris Saint-Germain,,,0.36,2.76,
Ligue 1,2021-2022,2021-09-19,Paris Saint-Germain,Lyon,,,2.01,0.68,
Ligue 1,2021-2022,2021-10-03,Rennes,Paris Saint-Germain,,,0.75,1.32,
Ligue 1,2021-2022,2022-04-23,Paris Saint-Germain,Lens,,,1.97,0.85,
Ligue 1,2021-2022,2022-04-17,Paris Saint-Germain,Olympique de Marseille,,,1.29,0.81,
Ligue 1,2021-2022,2021-10-24,Olympique de Marseille,Paris Saint-Germain,,,0.94,1.05,
Ligue 1,2021-2022,2022-02-06,Lille,Paris Saint-Germain,,,1.02,2.93,
Ligue 1,2021-2022,2022-04-03,Paris Saint-Germain,Lorient,,,1.87,0.7,
Ligue 1,2021-2022,2021-12-12,Paris Saint-Germain,AS Monaco,,,1.46,0.69,
Ligue 1,2021-2022,2021-12-22,Lorient,Paris Saint-Germain,,,1.29,2.04,
Ligue 1,2021-2022,2022-03-13,Paris Saint-Germain,Bordeaux,,,1.58,0.64,
Ligue 1,2021-2022,2021-11-28,Saint-Étienne,Paris Saint-Germain,,,0.53,2.92,
Ligue 1,2021-2022,2021-11-20,Paris Saint-Germain,Nantes,,,1.7,2.16,
Ligue 1,2021-2022,2022-02-26,Paris Saint-Germain,Saint-Étienne,,,2.04,0.86,
Ligue 1,2021-2022,2022-03-05,OGC Nice,Paris Saint-Germain,,,0.63,0.52,
Ligue 1,2021-2022,2022-05-21,Paris Saint-Germain,Metz,,,4.77,0.48,
Ligue 1,2021-2022,2022-05-08,Paris Saint-Germain,Troyes,,,2.22,1.32,
Ligue 1,2021-2022,2021-12-01,Paris Saint-Germain,OGC Nice,,,1.79,0.9,
Ligue 1,2021-2022,2022-02-19,Nantes,Paris Saint-Germain,,,2.37,3.66,
Ligue 1,2021-2022,2022-02-11,Paris Saint-Germain,Rennes,,,0.99,0.75,
Ligue 1,2015-2016,2015-11-29,Bordeaux,Stade Malherbe Caen,,,0.77,2.16,
Ligue 1,2015-2016,2015-12-02,AS Monaco,Stade Malherbe Caen,,,0.97,0.47,
Ligue 1,2015-2016,2016-05-14,Troyes,Olympique de Marseille,,,0.98,2.51,
Ligue 1,2015-2016,2016-02-07,Olympique de Marseille,Paris Saint-Germain,,,0.97,1.33,
Ligue 1,2015-2016,2015-10-18,Olympique de Marseille,Lorient,,,2.18,0.66,
Ligue 1,2015-2016,2015-10-04,Stade Malherbe Caen,Saint-Étienne,,,1.43,0.64,
Ligue 1,2015-2016,2016-05-07,Olympique de Marseille,Stade de Reims,,,2.28,1.19,
Ligue 1,2015-2016,2015-11-08,Olympique de Marseille,OGC Nice,,,0.97,0.62,
Ligue 1,2015-2016,2015-11-29,Olympique de Marseille,AS Monaco,,,2.06,1.55,
Ligue 1,2015-2016,2016-01-31,Stade Malherbe Caen,OGC Nice,,,1.8,2.26,
Ligue 1,2015-2016,2016-03-04,Stade Malherbe Caen,AS Monaco,,,1.55,0.53,
Ligue 1,2015-2016,2016-01-17,Stade Malherbe Caen,Olympique de Marseille,,,0.68,2.1,
Ligue 1,2015-2016,2016-01-10,Olympique de Marseille,Guingamp,,,0.82,0.25,
Ligue 1,2015-2016,2016-04-30,Stade Malherbe Caen,Bastia,,,1.22,0.58,
Ligue 1,2015-2016,2016-03-06,Olympique de Marseille,Toulouse,,,2.11,1.08,
Ligue 1,2015-2016,2016-02-21,Stade Malherbe Caen,Rennes,,,1.16,0.68,
Ligue 1,2015-2016,2015-09-20,Olympique de Marseille,Lyon,,,1.35,2.0,
Ligue 1,2015-2016,2015-12-19,Stade Malherbe Caen,Paris Saint-Germain,,,1.25,2.36,
Ligue 1,2015-2016,2015-12-13,Olympique de Marseille,Gazélec Ajaccio,,,1.46,1.24,
Ligue 1,2015-2016,2015-08-29,Stade Malherbe Caen,Lyon,,,1.0,1.1,
Ligue 1,2015-2016,2016-03-19,Stade Malherbe Caen,Troyes,,,1.03,0.26,
Ligue 1,2015-2016,2015-09-13,Olympique de Marseille,Bastia,,,1.39,0.33,
Ligue 1,2015-2016,2015-08-08,Olympique de Marseille,Stade Malherbe Caen,,,1.82,0.62,
Ligue 1,2015-2016,2015-08-23,Olympique de Marseille,Troyes,,,3.51,0.34,
Ligue 1,2015-2016,2016-02-21,Olympique de Marseille,Saint-Étienne,,,0.55,0.85,
Ligue 1,2015-2016,2016-05-14,Lorient,Gazélec Ajaccio,,,0.89,1.96,
Ligue 1,2015-2016,2016-04-02,Rennes,Stade de Reims,,,1.35,0.34,
Ligue 1,2015-2016,2016-03-12,Lorient,Olympique de Marseille,,,1.88,0.79,
Ligue 1,2015-2016,2015-09-20,Saint-Étienne,Nantes,,,1.33,0.42,
Ligue 1,2015-2016,2016-01-17,Saint-Étienne,Lyon,,,0.59,1.12,
Ligue 1,2015-2016,2016-05-14,Rennes,Bastia,,,1.63,1.04,
Ligue 1,2015-2016,2016-01-23,Nantes,Bordeaux,,,0.99,0.73,
Ligue 1,2015-2016,2015-12-05,Bastia,AS Monaco,,,0.29,2.38,
Ligue 1,2015-2016,2016-01-23,Guingamp,Bastia,,,1.87,0.17,
Ligue 1,2015-2016,2016-01-23,Paris Saint-Germain,Angers,,,2.21,0.42,
Ligue 1,2015-2016,2016-03-19,Saint-Étienne,Montpellier,,,2.05,0.51,
Ligue 1,2015-2016,2016-03-13,Nantes,Angers,,,0.67,0.23,
Ligue 1,2015-2016,2016-03-18,Olympique de Marseille,Rennes,,,1.43,1.47,
Ligue 1,2015-2016,2016-03-06,Rennes,Nantes,,,1.28,0.61,
Ligue 1,2015-2016,2016-03-05,Paris Saint-Germain,Montpellier,,,0.83,0.33,
Ligue 1,2015-2016,2016-03-05,Lille,Stade de Reims,,,1.26,0.35,
Ligue 1,2015-2016,2016-01-30,Gazélec Ajaccio,Montpellier,,,1.07,1.7,
Ligue 1,2015-2016,2016-05-14,Paris Saint-Germain,Nantes,,,3.64,0.75,
Ligue 1,2015-2016,2016-05-14,Stade Malherbe Caen,Bordeaux,,,1.27,1.15,
Ligue 1,2015-2016,2016-05-14,Guingamp,OGC Nice,,,1.52,0.9,
Ligue 1,2015-2016,2016-05-14,Saint-Étienne,Lille,,,0.92,1.31,
Ligue 1,2015-2016,2016-05-14,Angers,Toulouse,,,0.22,1.91,
Ligue 1,2015-2016,2016-05-14,AS Monaco,Montpellier,,,3.91,1.37,
Ligue 1,2015-2016,2016-05-14,Stade de Reims,Lyon,,,2.39,1.7,
Ligue 1,2015-2016,2016-05-07,OGC Nice,Saint-Étienne,,,1.35,0.2,
Ligue 1,2015-2016,2016-05-11,Bordeaux,Paris Saint-Germain,,,1.01,1.9,
Ligue 1,2015-2016,2016-05-07,Lyon,AS Monaco,,,4.1,0.77,
Ligue 1,2015-2016,2016-05-07,Montpellier,Rennes,,,1.47,0.58,
Ligue 1,2015-2016,2016-05-07,Gazélec Ajaccio,Paris Saint-Germain,,,0.35,1.75,
Ligue 1,2015-2016,2016-05-07,Lille,Guingamp,,,1.44,0.1,
Ligue 1,2015-2016,2016-05-07,Bordeaux,Lorient,,,1.01,0.89,
Ligue 1,2015-2016,2016-05-07,Toulouse,Troyes,,,1.28,0.13,
Ligue 1,2015-2016,2016-05-07,Nantes,Stade Malherbe Caen,,,0.84,1.22,
Ligue 1,2015-2016,2016-05-01,Angers,Olympique de Marseille,,,0.61,1.13,
Ligue 1,2015-2016,2016-05-07,Bastia,Angers,,,0.88,1.41,
Ligue 1,2015-2016,2016-04-30,AS Monaco,Guingamp,,,1.08,0.83,
Ligue 1,2015-2016,2016-04-30,Lorient,Lille,,,0.62,0.82,
Ligue 1,2015-2016,2016-04-30,Saint-Étienne,Toulouse,,,0.43,2.11,
Ligue 1,2015-2016,2016-04-30,Nantes,OGC Nice,,,1.63,0.64,
Ligue 1,2015-2016,2016-04-30,Lyon,Gazélec Ajaccio,,,0.29,0.36,
Ligue 1,2015-2016,2016-04-30,Stade de Reims,Montpellier,,,2.02,0.72,
Ligue 1,2015-2016,2016-04-27,Lille,Angers,,,1.1,0.3,
Ligue 1,2015-2016,2016-04-29,Paris Saint-Germain,Rennes,,,4.76,0.22,
Ligue 1,2015-2016,2016-04-24,Gazélec Ajaccio,Bastia,,,1.36,1.24,
Ligue 1,2015-2016,2016-04-24,Rennes,AS Monaco,,,0.93,1.7,
Ligue 1,2015-2016,2016-04-24,Saint-Étienne,Lorient,,,1.2,0.41,
Ligue 1,2015-2016,2016-04-24,Guingamp,Stade Malherbe Caen,,,0.75,0.76,
Ligue 1,2015-2016,2016-04-24,Olympique de Marseille,Nantes,,,0.91,0.31,
Ligue 1,2015-2016,2016-04-23,Toulouse,Lyon,,,1.78,1.74,
Ligue 1,2015-2016,2016-04-24,Montpellier,Troyes,,,1.32,2.04,
Ligue 1,2015-2016,2016-04-17,AS Monaco,Olympique de Marseille,,,0.97,0.52,
Ligue 1,2015-2016,2016-04-22,OGC Nice,Stade de Reims,,,1.87,1.32,
Ligue 1,2015-2016,2016-04-17,Nantes,Montpellier,,,0.6,0.54,
Ligue 1,2015-2016,2016-04-16,Bastia,Saint-Étienne,,,1.01,0.69,
Ligue 1,2015-2016,2016-04-17,Rennes,Guingamp,,,0.69,1.46,
Ligue 1,2015-2016,2016-04-16,Lorient,Toulouse,,,0.57,0.88,
Ligue 1,2015-2016,2016-04-16,Bordeaux,Angers,,,1.72,0.22,
Ligue 1,2015-2016,2016-04-16,Paris Saint-Germain,Stade Malherbe Caen,,,3.52,0.83,
Ligue 1,2015-2016,2016-04-16,Troyes,Stade de Reims,,,2.53,1.36,
Ligue 1,2015-2016,2016-04-15,Lyon,OGC Nice,,,1.11,0.75,
Ligue 1,2015-2016,2016-04-16,Gazélec Ajaccio,Lille,,,1.36,1.62,
Ligue 1,2015-2016,2016-04-10,OGC Nice,Rennes,,,2.96,0.93,
Ligue 1,2015-2016,2016-04-10,Lille,AS Monaco,,,1.81,0.52,
Ligue 1,2015-2016,2016-04-09,Saint-Étienne,Troyes,,,1.47,0.26,
Ligue 1,2015-2016,2016-04-10,Olympique de Marseille,Bordeaux,,,0.44,0.56,
Ligue 1,2015-2016,2016-04-09,Angers,Gazélec Ajaccio,,,0.19,0.15,
Ligue 1,2015-2016,2016-04-09,Toulouse,Bastia,,,1.3,0.06,
Ligue 1,2015-2016,2016-04-09,Stade de Reims,Nantes,,,0.59,1.49,
Ligue 1,2015-2016,2016-04-09,Guingamp,Paris Saint-Germain,,,0.53,1.95,
Ligue 1,2015-2016,2016-04-09,Stade Malherbe Caen,Lorient,,,1.02,1.99,
Ligue 1,2015-2016,2016-04-03,Nantes,Lille,,,0.45,0.73,
Ligue 1,2015-2016,2016-04-08,Montpellier,Lyon,,,0.65,3.01,
Ligue 1,2015-2016,2016-04-03,Lorient,Lyon,,,1.35,1.76,
Ligue 1,2015-2016,2016-04-02,Troyes,Angers,,,1.16,1.01,
Ligue 1,2015-2016,2016-04-03,Bastia,Olympique de Marseille,,,1.03,0.37,
Ligue 1,2015-2016,2016-04-02,Toulouse,Stade Malherbe Caen,,,0.59,0.2,
Ligue 1,2015-2016,2016-04-02,Guingamp,Montpellier,,,0.76,0.47,
Ligue 1,2015-2016,2016-04-01,AS Monaco,Bordeaux,,,1.53,1.0,
Ligue 1,2015-2016,2016-04-02,Gazélec Ajaccio,Saint-Étienne,,,1.45,0.72,
Ligue 1,2015-2016,2016-03-20,Paris Saint-Germain,AS Monaco,,,2.24,2.07,
Ligue 1,2015-2016,2016-04-02,Paris Saint-Germain,OGC Nice,,,1.24,0.43,
Ligue 1,2015-2016,2016-03-20,Bordeaux,Bastia,,,1.06,0.98,
Ligue 1,2015-2016,2016-03-19,Lille,Toulouse,,,0.23,1.06,
Ligue 1,2015-2016,2016-03-20,OGC Nice,Gazélec Ajaccio,,,1.62,0.52,
Ligue 1,2015-2016,2016-03-19,Angers,Lorient,,,3.96,0.86,
Ligue 1,2015-2016,2016-03-19,Lyon,Nantes,,,1.8,0.31,
Ligue 1,2015-2016,2016-03-13,Rennes,Lyon,,,1.22,2.33,
Ligue 1,2015-2016,2016-03-13,Troyes,Paris Saint-Germain,,,1.17,5.72,
Ligue 1,2015-2016,2016-03-19,Stade de Reims,Guingamp,,,1.35,0.17,
Ligue 1,2015-2016,2016-03-12,Guingamp,Saint-Étienne,,,1.33,0.87,
Ligue 1,2015-2016,2016-03-12,Bastia,Lille,,,0.81,0.97,
Ligue 1,2015-2016,2016-03-12,Toulouse,Bordeaux,,,4.74,0.58,
Ligue 1,2015-2016,2016-03-12,Gazélec Ajaccio,Stade Malherbe Caen,,,1.11,0.76,
Ligue 1,2015-2016,2016-03-12,Montpellier,OGC Nice,,,1.27,1.89,
Ligue 1,2015-2016,2016-03-11,AS Monaco,Stade de Reims,,,1.45,1.38,
Ligue 1,2015-2016,2016-03-09,Gazélec Ajaccio,Olympique de Marseille,,,1.5,0.86,
Ligue 1,2015-2016,2016-03-09,Bastia,Nantes,,,0.35,0.44,
Ligue 1,2015-2016,2016-03-06,Lyon,Guingamp,,,4.32,1.62,
Ligue 1,2015-2016,2016-03-05,Bastia,Lorient,,,2.14,0.09,
Ligue 1,2015-2016,2016-03-05,Bordeaux,Gazélec Ajaccio,,,1.61,0.19,
Ligue 1,2015-2016,2016-03-05,OGC Nice,Troyes,,,1.79,0.72,
Ligue 1,2015-2016,2016-03-05,Angers,Saint-Étienne,,,0.35,1.56,
Ligue 1,2015-2016,2016-02-28,Saint-Étienne,Stade Malherbe Caen,,,1.26,1.39,
Ligue 1,2015-2016,2016-02-28,Nantes,AS Monaco,,,1.0,0.32,
Ligue 1,2015-2016,2016-02-28,Lyon,Paris Saint-Germain,,,1.25,0.37,
Ligue 1,2015-2016,2016-02-27,Toulouse,Rennes,,,0.41,1.72,
Ligue 1,2015-2016,2016-02-27,Stade de Reims,Bordeaux,,,1.2,0.67,
Ligue 1,2015-2016,2016-02-27,Guingamp,Angers,,,2.78,1.01,
Ligue 1,2015-2016,2016-02-27,Montpellier,Lille,,,1.04,0.39,
Ligue 1,2015-2016,2016-02-27,Troyes,Lorient,,,0.58,2.21,
Ligue 1,2015-2016,2016-02-26,OGC Nice,Bastia,,,0.99,0.45,
Ligue 1,2015-2016,2016-02-21,Lille,Lyon,,,0.79,1.03,
Ligue 1,2015-2016,2016-02-20,Lorient,Guingamp,,,2.82,0.8,
Ligue 1,2015-2016,2016-02-20,AS Monaco,Troyes,,,2.93,1.1,
Ligue 1,2015-2016,2016-02-20,Toulouse,Gazélec Ajaccio,,,1.42,0.98,
Ligue 1,2015-2016,2016-02-20,Paris Saint-Germain,Stade de Reims,,,1.37,0.65,
Ligue 1,2015-2016,2016-02-20,Angers,Montpellier,,,1.58,1.09,
Ligue 1,2015-2016,2016-02-19,Bordeaux,OGC Nice,,,1.18,0.51,
Ligue 1,2015-2016,2016-01-30,Lorient,Stade de Reims,,,1.44,1.61,
Ligue 1,2015-2016,2015-10-25,Lille,Olympique de Marseille,,,0.69,1.46,
Ligue 1,2015-2016,2015-09-23,Lorient,Stade Malherbe Caen,,,1.25,1.02,
Ligue 1,2015-2016,2015-09-23,Gazélec Ajaccio,Rennes,,,0.49,1.64,
Ligue 1,2015-2016,2015-10-25,Paris Saint-Germain,Saint-Étienne,,,4.13,0.75,
Ligue 1,2015-2016,2015-09-12,OGC Nice,Guingamp,,,0.65,1.07,
Ligue 1,2015-2016,2016-02-13,Gazélec Ajaccio,Troyes,,,2.16,0.54,
Ligue 1,2015-2016,2015-08-08,OGC Nice,AS Monaco,,,0.7,3.32,
Ligue 1,2015-2016,2016-02-07,Lille,Rennes,,,1.24,1.09,
Ligue 1,2015-2016,2016-02-07,Bordeaux,Saint-Étienne,,,0.94,2.73,
Ligue 1,2015-2016,2016-02-13,Nantes,Lorient,,,1.3,0.94,
Ligue 1,2015-2016,2016-02-06,AS Monaco,OGC Nice,,,1.5,0.6,
Ligue 1,2015-2016,2016-02-06,Angers,Lyon,,,0.6,0.54,
Ligue 1,2015-2016,2016-02-03,Lyon,Bordeaux,,,2.13,1.06,
Ligue 1,2015-2016,2016-02-03,Stade de Reims,Angers,,,0.69,1.28,
Ligue 1,2015-2016,2016-01-30,Angers,AS Monaco,,,2.49,0.51,
Ligue 1,2015-2016,2016-01-31,Bordeaux,Rennes,,,1.81,0.62,
Ligue 1,2015-2016,2016-01-30,Toulouse,Guingamp,,,2.28,1.01,
Ligue 1,2015-2016,2016-01-30,Bastia,Lyon,,,0.71,1.0,
Ligue 1,2015-2016,2016-01-30,Troyes,Nantes,,,0.8,0.77,
Ligue 1,2015-2016,2016-01-29,Olympique de Marseille,Lille,,,1.72,1.0,
Ligue 1,2015-2016,2016-01-24,Lyon,Olympique de Marseille,,,1.95,0.78,
Ligue 1,2015-2016,2016-01-24,AS Monaco,Toulouse,,,2.94,1.59,
Ligue 1,2015-2016,2016-01-24,Stade de Reims,Saint-Étienne,,,2.38,0.4,
Ligue 1,2015-2016,2016-01-23,Montpellier,Stade Malherbe Caen,,,1.17,0.84,
Ligue 1,2015-2016,2016-01-23,Lille,Troyes,,,2.03,0.61,
Ligue 1,2015-2016,2016-01-23,OGC Nice,Lorient,,,0.57,1.23,
Ligue 1,2015-2016,2016-01-22,Rennes,Gazélec Ajaccio,,,1.35,0.4,
Ligue 1,2015-2016,2016-01-17,Lorient,AS Monaco,,,0.72,0.68,
Ligue 1,2015-2016,2016-01-16,Guingamp,Nantes,,,0.98,0.51,
Ligue 1,2015-2016,2016-01-16,Bastia,Montpellier,,,0.3,1.02,
Ligue 1,2015-2016,2016-01-16,Gazélec Ajaccio,Stade de Reims,,,2.28,0.48,
Ligue 1,2015-2016,2016-01-16,Troyes,Rennes,,,0.81,3.15,
Ligue 1,2015-2016,2016-01-08,Paris Saint-Germain,Bastia,,,1.78,0.36,
Ligue 1,2015-2016,2016-01-16,Toulouse,Paris Saint-Germain,,,0.65,0.9,
Ligue 1,2015-2016,2015-12-20,Bordeaux,Olympique de Marseille,,,1.18,0.41,
Ligue 1,2015-2016,2015-12-20,Gazélec Ajaccio,Lyon,,,1.72,1.1,
Ligue 1,2015-2016,2015-12-06,Bordeaux,Guingamp,,,0.79,0.66,
Ligue 1,2015-2016,2015-12-06,Saint-Étienne,Rennes,,,1.61,0.53,
Ligue 1,2015-2016,2015-12-06,Olympique de Marseille,Montpellier,,,1.52,0.68,
Ligue 1,2015-2016,2015-12-05,Lyon,Angers,,,0.93,0.72,
Ligue 1,2015-2016,2015-12-05,Gazélec Ajaccio,Nantes,,,1.69,1.39,
Ligue 1,2015-2016,2015-12-05,Toulouse,Lorient,,,3.22,0.51,
Ligue 1,2015-2016,2015-12-04,OGC Nice,Paris Saint-Germain,,,0.29,3.21,
Ligue 1,2015-2016,2015-12-03,Rennes,Olympique de Marseille,,,0.74,0.82,
Ligue 1,2015-2016,2015-12-02,Troyes,Toulouse,,,0.81,1.86,
Ligue 1,2015-2016,2015-12-02,Guingamp,Stade de Reims,,,0.47,1.13,
Ligue 1,2015-2016,2015-12-02,Bastia,Bordeaux,,,1.08,0.32,
Ligue 1,2015-2016,2015-12-02,Montpellier,Gazélec Ajaccio,,,1.43,0.89,
Ligue 1,2015-2016,2015-12-01,Nantes,Lyon,,,0.9,0.56,
Ligue 1,2015-2016,2015-12-02,Lille,Saint-Étienne,,,0.45,0.37,
Ligue 1,2015-2016,2015-12-01,Angers,Paris Saint-Germain,,,0.34,0.81,
Ligue 1,2015-2016,2015-12-01,Lorient,OGC Nice,,,0.34,1.11,
Ligue 1,2015-2016,2015-11-29,Saint-Étienne,Guingamp,,,2.74,1.58,
Ligue 1,2015-2016,2015-11-28,Toulouse,OGC Nice,,,2.24,0.42,
Ligue 1,2015-2016,2015-11-28,Stade de Reims,Rennes,,,0.9,1.1,
Ligue 1,2015-2016,2015-11-28,Paris Saint-Germain,Troyes,,,3.45,0.48,
Ligue 1,2015-2016,2015-11-22,Stade Malherbe Caen,Angers,,,0.41,0.64,
Ligue 1,2015-2016,2015-11-22,Rennes,Bordeaux,,,2.12,2.25,
Ligue 1,2015-2016,2015-11-21,Guingamp,Toulouse,,,1.27,1.35,
Ligue 1,2015-2016,2015-11-21,Lorient,Paris Saint-Germain,,,0.92,1.4,
Ligue 1,2015-2016,2015-11-21,AS Monaco,Nantes,,,0.75,0.44,
Ligue 1,2015-2016,2015-10-31,Saint-Étienne,Stade de Reims,,,2.72,0.62,
Ligue 1,2015-2016,2015-10-23,Lyon,Toulouse,,,2.18,0.8,
Ligue 1,2015-2016,2015-10-03,Lyon,Stade de Reims,,,2.12,0.57,
Ligue 1,2015-2016,2015-11-07,Montpellier,Nantes,,,1.98,0.62,
Ligue 1,2015-2016,2015-11-07,Stade Malherbe Caen,Guingamp,,,1.32,1.38,
Ligue 1,2015-2016,2015-11-07,Stade de Reims,Gazélec Ajaccio,,,1.42,0.62,
Ligue 1,2015-2016,2015-10-24,Angers,Guingamp,,,0.3,1.25,
Ligue 1,2015-2016,2015-10-03,Angers,Bastia,,,2.06,0.4,
Ligue 1,2015-2016,2015-09-12,Lyon,Lille,,,0.81,0.58,
Ligue 1,2015-2016,2015-09-20,AS Monaco,Lorient,,,1.43,1.95,
Ligue 1,2015-2016,2015-08-22,Toulouse,AS Monaco,,,1.5,1.06,
Ligue 1,2015-2016,2015-08-29,Angers,OGC Nice,,,0.21,0.88,
Ligue 1,2015-2016,2015-10-23,Stade Malherbe Caen,Nantes,,,1.25,1.35,
Ligue 1,2015-2016,2015-10-18,Rennes,OGC Nice,,,0.77,1.77,
Ligue 1,2015-2016,2015-08-21,Montpellier,Paris Saint-Germain,,,0.39,0.77,
Ligue 1,2015-2016,2015-09-19,Angers,Troyes,,,1.72,1.32,
Ligue 1,2015-2016,2016-02-14,Lyon,Stade Malherbe Caen,,,3.8,1.09,
Ligue 1,2015-2016,2016-02-14,Saint-Étienne,AS Monaco,,,1.42,0.86,
Ligue 1,2015-2016,2016-02-14,OGC Nice,Olympique de Marseille,,,0.78,1.87,
Ligue 1,2015-2016,2016-02-13,Guingamp,Bordeaux,,,1.13,2.07,
Ligue 1,2015-2016,2016-02-13,Paris Saint-Germain,Lille,,,1.54,0.12,
Ligue 1,2015-2016,2016-02-13,Stade de Reims,Bastia,,,1.31,0.68,
Ligue 1,2015-2016,2016-02-13,Montpellier,Toulouse,,,0.98,0.51,
Ligue 1,2015-2016,2016-02-12,Rennes,Angers,,,0.94,0.83,
Ligue 1,2015-2016,2016-02-06,Gazélec Ajaccio,Guingamp,,,1.08,0.02,
Ligue 1,2015-2016,2016-02-06,Bastia,Troyes,,,1.73,0.5,
Ligue 1,2015-2016,2016-02-06,Lorient,Montpellier,,,0.52,0.71,
Ligue 1,2015-2016,2016-02-06,Toulouse,Nantes,,,0.5,1.57,
Ligue 1,2015-2016,2016-02-06,Stade Malherbe Caen,Stade de Reims,,,1.41,1.52,
Ligue 1,2015-2016,2016-02-03,Paris Saint-Germain,Lorient,,,2.07,0.72,
Ligue 1,2015-2016,2016-02-04,Rennes,Saint-Étienne,,,0.7,0.42,
Ligue 1,2015-2016,2016-02-03,Nantes,Gazélec Ajaccio,,,1.91,0.46,
Ligue 1,2015-2016,2016-02-03,Guingamp,Troyes,,,2.01,1.08,
Ligue 1,2015-2016,2016-02-03,Lille,Stade Malherbe Caen,,,0.61,0.47,
Ligue 1,2015-2016,2016-02-03,OGC Nice,Toulouse,,,1.48,0.67,
Ligue 1,2015-2016,2016-02-02,AS Monaco,Bastia,,,1.14,0.27,
Ligue 1,2015-2016,2016-02-02,Montpellier,Olympique de Marseille,,,0.49,0.23,
Ligue 1,2015-2016,2016-01-15,OGC Nice,Angers,,,1.87,0.7,
Ligue 1,2015-2016,2016-01-16,Bordeaux,Lille,,,0.81,0.32,
Ligue 1,2015-2016,2016-01-10,Lille,OGC Nice,,,0.74,0.62,
Ligue 1,2015-2016,2016-01-10,Nantes,Saint-Étienne,,,1.72,1.32,
Ligue 1,2015-2016,2016-01-09,Montpellier,Bordeaux,,,1.82,1.48,
Ligue 1,2015-2016,2016-01-09,Stade de Reims,Toulouse,,,0.39,1.65,
Ligue 1,2015-2016,2016-01-09,Lyon,Troyes,,,2.01,0.52,
Ligue 1,2015-2016,2016-01-09,Angers,Stade Malherbe Caen,,,0.95,0.82,
Ligue 1,2015-2016,2016-01-09,Rennes,Lorient,,,0.76,0.85,
Ligue 1,2015-2016,2016-01-09,AS Monaco,Gazélec Ajaccio,,,1.65,0.43,
Ligue 1,2015-2016,2015-12-19,Troyes,AS Monaco,,,0.62,1.34,
Ligue 1,2015-2016,2015-12-20,Saint-Étienne,Angers,,,1.09,0.68,
Ligue 1,2015-2016,2015-12-19,Bastia,Stade de Reims,,,0.69,0.79,
Ligue 1,2015-2016,2015-12-19,Lorient,Nantes,,,1.28,0.72,
Ligue 1,2015-2016,2015-12-19,Toulouse,Lille,,,1.12,1.38,
Ligue 1,2015-2016,2015-12-18,OGC Nice,Montpellier,,,0.64,0.75,
Ligue 1,2015-2016,2015-12-13,AS Monaco,Saint-Étienne,,,1.56,0.35,
Ligue 1,2015-2016,2015-12-13,Paris Saint-Germain,Lyon,,,2.69,0.23,
Ligue 1,2015-2016,2015-12-13,Angers,Bordeaux,,,1.2,0.49,
Ligue 1,2015-2016,2015-12-12,Nantes,Toulouse,,,1.0,0.59,
Ligue 1,2015-2016,2015-12-12,Troyes,Bastia,,,0.96,0.49,
Ligue 1,2015-2016,2015-12-12,Stade de Reims,OGC Nice,,,2.0,0.72,
Ligue 1,2015-2016,2015-12-12,Montpellier,Guingamp,,,1.45,0.31,
Ligue 1,2015-2016,2015-12-11,Rennes,Stade Malherbe Caen,,,1.65,1.02,
Ligue 1,2015-2016,2015-12-12,Lille,Lorient,,,1.85,0.43,
Ligue 1,2015-2016,2015-12-05,Stade de Reims,Troyes,,,1.28,0.79,
Ligue 1,2015-2016,2015-11-28,Angers,Lille,,,1.24,0.51,
Ligue 1,2015-2016,2015-12-05,Stade Malherbe Caen,Lille,,,1.19,1.52,
Ligue 1,2015-2016,2015-11-28,Nantes,Bastia,,,0.99,0.28,
Ligue 1,2015-2016,2015-11-27,Lyon,Montpellier,,,0.95,3.01,
Ligue 1,2015-2016,2015-11-28,Gazélec Ajaccio,Lorient,,,1.22,0.99,
Ligue 1,2015-2016,2015-11-22,Saint-Étienne,Olympique de Marseille,,,0.93,2.15,
Ligue 1,2015-2016,2015-11-21,Troyes,Lille,,,0.86,1.2,
Ligue 1,2015-2016,2015-11-21,Montpellier,Stade de Reims,,,3.01,0.58,
Ligue 1,2015-2016,2015-12-19,Guingamp,Rennes,,,0.84,0.97,
Ligue 1,2015-2016,2015-11-08,Lyon,Saint-Étienne,,,2.38,0.16,
Ligue 1,2015-2016,2015-11-20,OGC Nice,Lyon,,,2.6,1.04,
Ligue 1,2015-2016,2015-11-07,Lille,Bastia,,,1.36,0.53,
Ligue 1,2015-2016,2015-11-08,Bordeaux,AS Monaco,,,1.28,1.39,
Ligue 1,2015-2016,2015-11-07,Lorient,Troyes,,,3.12,1.6,
Ligue 1,2015-2016,2015-11-07,Paris Saint-Germain,Toulouse,,,1.71,0.28,
Ligue 1,2015-2016,2015-11-06,Angers,Rennes,,,2.16,0.61,
Ligue 1,2015-2016,2015-11-01,Nantes,Olympique de Marseille,,,0.84,0.97,
Ligue 1,2015-2016,2015-11-01,OGC Nice,Lille,,,1.16,0.51,
Ligue 1,2015-2016,2015-11-01,AS Monaco,Angers,,,2.23,0.76,
Ligue 1,2015-2016,2015-10-31,Toulouse,Montpellier,,,0.69,0.4,
Ligue 1,2015-2016,2015-10-31,Bastia,Stade Malherbe Caen,,,0.68,0.33,
Ligue 1,2015-2016,2015-10-31,Troyes,Lyon,,,0.48,2.63,
Ligue 1,2015-2016,2015-10-31,Gazélec Ajaccio,Bordeaux,,,0.49,0.22,
Ligue 1,2015-2016,2015-10-31,Guingamp,Lorient,,,1.05,1.55,
Ligue 1,2015-2016,2015-10-30,Rennes,Paris Saint-Germain,,,0.31,0.67,
Ligue 1,2015-2016,2015-08-22,OGC Nice,Stade Malherbe Caen,,,0.76,1.03,
Ligue 1,2015-2016,2015-08-07,Lille,Paris Saint-Germain,,,0.66,1.42,
Ligue 1,2015-2016,2015-11-04,OGC Nice,Nantes,,,1.38,2.16,
Ligue 1,2015-2016,2015-08-15,Stade Malherbe Caen,Toulouse,,,1.19,1.27,
Ligue 1,2015-2016,2015-10-25,Bordeaux,Troyes,,,0.85,0.93,
Ligue 1,2015-2016,2015-10-24,Gazélec Ajaccio,OGC Nice,,,0.75,0.35,
Ligue 1,2015-2016,2015-10-25,Stade de Reims,AS Monaco,,,1.07,1.23,
Ligue 1,2015-2016,2015-10-24,Lorient,Rennes,,,0.97,0.84,
Ligue 1,2015-2016,2015-10-24,Montpellier,Bastia,,,0.54,0.72,
Ligue 1,2015-2016,2015-10-18,Bordeaux,Montpellier,,,1.01,0.56,
Ligue 1,2015-2016,2015-10-17,Stade de Reims,Stade Malherbe Caen,,,0.71,1.56,
Ligue 1,2015-2016,2015-10-17,Guingamp,Lille,,,0.52,0.75,
Ligue 1,2015-2016,2015-10-17,Toulouse,Angers,,,1.38,0.34,
Ligue 1,2015-2016,2015-10-17,Bastia,Paris Saint-Germain,,,0.62,1.46,
Ligue 1,2015-2016,2015-10-17,Saint-Étienne,Gazélec Ajaccio,,,0.72,0.1,
Ligue 1,2015-2016,2015-10-16,AS Monaco,Lyon,,,0.69,1.35,
Ligue 1,2015-2016,2015-10-17,Nantes,Troyes,,,2.24,0.82,
Ligue 1,2015-2016,2015-10-04,Paris Saint-Germain,Olympique de Marseille,,,3.21,1.73,
Ligue 1,2015-2016,2015-10-04,AS Monaco,Rennes,,,0.99,1.48,
Ligue 1,2015-2016,2015-10-03,Gazélec Ajaccio,Toulouse,,,0.68,1.12,
Ligue 1,2015-2016,2015-10-04,Lorient,Bordeaux,,,1.52,0.67,
Ligue 1,2015-2016,2015-10-03,Troyes,Guingamp,,,1.55,2.25,
Ligue 1,2015-2016,2015-10-02,Lille,Montpellier,,,1.85,1.12,
Ligue 1,2015-2016,2015-09-29,Lille,Nantes,,,1.32,1.79,
Ligue 1,2015-2016,2015-09-27,Montpellier,Lorient,,,0.8,0.42,
Ligue 1,2015-2016,2015-09-27,Olympique de Marseille,Angers,,,1.64,1.12,
Ligue 1,2015-2016,2015-09-27,Saint-Étienne,OGC Nice,,,2.49,0.78,
Ligue 1,2015-2016,2015-09-27,Guingamp,AS Monaco,,,1.61,0.84,
Ligue 1,2015-2016,2015-09-26,Stade Malherbe Caen,Gazélec Ajaccio,,,2.19,0.43,
Ligue 1,2015-2016,2015-09-26,Bastia,Toulouse,,,1.2,1.64,
Ligue 1,2015-2016,2015-09-26,Rennes,Troyes,,,1.69,0.95,
Ligue 1,2015-2016,2015-09-26,Bordeaux,Lyon,,,1.08,0.69,
Ligue 1,2015-2016,2015-09-26,Nantes,Paris Saint-Germain,,,0.52,1.75,
Ligue 1,2015-2016,2015-09-23,Troyes,Saint-Étienne,,,0.42,1.2,
Ligue 1,2015-2016,2015-09-24,Montpellier,AS Monaco,,,1.42,1.76,
Ligue 1,2015-2016,2015-09-25,Stade de Reims,Lille,,,1.91,0.71,
Ligue 1,2015-2016,2015-09-23,Toulouse,Olympique de Marseille,,,1.12,0.78,
Ligue 1,2015-2016,2015-09-23,Lyon,Bastia,,,1.84,0.12,
Ligue 1,2015-2016,2015-09-22,Angers,Stade de Reims,,,0.58,0.15,
Ligue 1,2015-2016,2015-09-22,Paris Saint-Germain,Guingamp,,,2.68,0.48,
Ligue 1,2015-2016,2015-09-23,OGC Nice,Bordeaux,,,2.56,0.93,
Ligue 1,2015-2016,2015-09-20,Bordeaux,Toulouse,,,1.9,1.32,
Ligue 1,2015-2016,2015-09-19,Stade Malherbe Caen,Montpellier,,,1.49,0.96,
Ligue 1,2015-2016,2015-09-19,Guingamp,Gazélec Ajaccio,,,1.03,0.75,
Ligue 1,2015-2016,2015-09-19,Bastia,OGC Nice,,,1.01,2.52,
Ligue 1,2015-2016,2015-09-19,Stade de Reims,Paris Saint-Germain,,,0.86,1.34,
Ligue 1,2015-2016,2015-09-18,Rennes,Lille,,,1.99,0.76,
Ligue 1,2015-2016,2015-09-13,Gazélec Ajaccio,AS Monaco,,,1.21,2.52,
Ligue 1,2015-2016,2015-09-13,Nantes,Rennes,,,0.49,2.48,
Ligue 1,2015-2016,2015-09-12,Toulouse,Stade de Reims,,,1.74,0.59,
Ligue 1,2015-2016,2015-09-12,Montpellier,Saint-Étienne,,,1.06,1.31,
Ligue 1,2015-2016,2015-08-30,Bordeaux,Nantes,,,2.37,0.38,
Ligue 1,2015-2016,2015-09-12,Troyes,Stade Malherbe Caen,,,0.62,1.24,
Ligue 1,2015-2016,2015-09-11,Paris Saint-Germain,Bordeaux,,,1.46,1.46,
Ligue 1,2015-2016,2015-09-12,Lorient,Angers,,,0.88,0.88,
Ligue 1,2015-2016,2015-08-30,Saint-Étienne,Bastia,,,2.03,0.51,
Ligue 1,2015-2016,2015-08-30,AS Monaco,Paris Saint-Germain,,,0.22,2.06,
Ligue 1,2015-2016,2015-08-29,Rennes,Toulouse,,,2.61,0.82,
Ligue 1,2015-2016,2015-08-29,Stade de Reims,Lorient,,,2.01,0.73,
Ligue 1,2015-2016,2015-08-29,Lille,Gazélec Ajaccio,,,0.81,0.39,
Ligue 1,2015-2016,2015-08-29,Troyes,Montpellier,,,0.69,0.56,
Ligue 1,2015-2016,2015-08-28,Guingamp,Olympique de Marseille,,,2.03,1.05,
Ligue 1,2015-2016,2015-08-23,Lille,Bordeaux,,,1.32,0.93,
Ligue 1,2015-2016,2015-08-23,Lorient,Saint-Étienne,,,0.65,1.6,
Ligue 1,2015-2016,2015-08-22,Nantes,Stade de Reims,,,1.06,0.21,
Ligue 1,2015-2016,2015-08-22,Gazélec Ajaccio,Angers,,,0.78,0.75,
Ligue 1,2015-2016,2015-08-22,Lyon,Rennes,,,0.7,0.51,
Ligue 1,2015-2016,2015-08-22,Bastia,Guingamp,,,0.91,1.22,
Ligue 1,2015-2016,2015-08-16,Paris Saint-Germain,Gazélec Ajaccio,,,1.26,0.2,
Ligue 1,2015-2016,2015-08-16,Lorient,Bastia,,,1.52,1.67,
Ligue 1,2015-2016,2015-08-15,Rennes,Montpellier,,,0.84,0.18,
Ligue 1,2015-2016,2015-08-15,Guingamp,Lyon,,,0.79,0.62,
Ligue 1,2015-2016,2015-08-15,Troyes,OGC Nice,,,1.3,2.1,
Ligue 1,2015-2016,2015-08-16,Stade de Reims,Olympique de Marseille,,,1.25,0.53,
Ligue 1,2015-2016,2015-08-15,Saint-Étienne,Bordeaux,,,0.71,1.39,
Ligue 1,2015-2016,2015-08-15,Angers,Nantes,,,0.26,0.06,
Ligue 1,2015-2016,2015-08-09,Lyon,Lorient,,,1.35,0.57,
Ligue 1,2015-2016,2015-08-09,Toulouse,Saint-Étienne,,,0.41,0.63,
Ligue 1,2015-2016,2015-08-14,AS Monaco,Lille,,,0.6,0.92,
Ligue 1,2015-2016,2015-08-09,Bordeaux,Stade de Reims,,,0.89,2.05,
Ligue 1,2015-2016,2015-08-08,Montpellier,Angers,,,0.89,1.36,
Ligue 1,2015-2016,2015-08-08,Troyes,Gazélec Ajaccio,,,0.62,1.04,
Ligue 1,2015-2016,2015-08-08,Nantes,Guingamp,,,0.35,0.29,
Ligue 1,2015-2016,2015-08-08,Bastia,Rennes,,,0.54,0.59,
Premier League,2015-2016,2015-12-13,Aston Villa,Arsenal,,,1.03,1.9,
Premier League,2015-2016,2015-09-19,Chelsea,Arsenal,,,1.64,0.84,
Premier League,2015-2016,2015-12-21,Arsenal,Man City,,,1.35,1.25,
Premier League,2015-2016,2015-10-31,Swansea City,Arsenal,,,0.33,1.65,
Premier League,2015-2016,2015-12-05,Arsenal,Sunderland,,,1.84,0.88,
Premier League,2015-2016,2015-08-24,Arsenal,Liverpool,,,2.11,1.45,
Premier League,2015-2016,2015-11-29,Liverpool,Swansea City,,,1.5,0.43,
Premier League,2015-2016,2015-12-26,Southampton,Arsenal,,,1.91,0.79,
Premier League,2015-2016,2016-01-02,Leicester City,AFC Bournemouth,,,2.82,0.94,
Premier League,2015-2016,2015-10-17,West Bromwich Albion,Sunderland,,,1.48,0.67,
Premier League,2015-2016,2015-12-19,Newcastle,Aston Villa,,,1.09,0.38,
Premier League,2015-2016,2016-04-30,Everton,AFC Bournemouth,,,0.89,1.43,
Premier League,2015-2016,2016-02-13,Crystal Palace,Watford,,,1.14,1.7,
Premier League,2015-2016,2016-05-15,Arsenal,Aston Villa,,,2.92,0.3,
Premier League,2015-2016,2016-05-15,West Bromwich Albion,Liverpool,,,1.61,0.53,
Premier League,2015-2016,2015-12-29,Leicester City,Man City,,,0.89,1.7,
Premier League,2015-2016,2016-03-20,Tottenham Hotspur,AFC Bournemouth,,,1.53,0.25,
Premier League,2015-2016,2016-04-13,Crystal Palace,Everton,,,2.67,0.59,
Premier League,2015-2016,2016-02-27,Leicester City,Norwich City,,,2.0,0.64,
Premier League,2015-2016,2016-03-19,West Bromwich Albion,Norwich City,,,0.46,0.7,
Premier League,2015-2016,2016-03-13,Aston Villa,Tottenham Hotspur,,,1.18,2.13,
Premier League,2015-2016,2016-03-01,Sunderland,Crystal Palace,,,1.06,1.12,
Premier League,2015-2016,2015-12-30,Sunderland,Liverpool,,,0.54,1.79,
Premier League,2015-2016,2016-05-11,Liverpool,Chelsea,,,2.43,0.74,
Premier League,2015-2016,2015-12-26,Stoke City,Man United,,,1.08,1.28,
Premier League,2015-2016,2015-10-24,Stoke City,Watford,,,0.45,0.98,
Premier League,2015-2016,2015-12-05,Stoke City,Man City,,,1.53,0.48,
Premier League,2015-2016,2015-09-26,Stoke City,AFC Bournemouth,,,1.08,1.05,
Premier League,2015-2016,2015-11-07,Stoke City,Chelsea,,,0.75,0.85,
Premier League,2015-2016,2015-09-19,Stoke City,Leicester City,,,1.32,1.61,
Premier League,2015-2016,2015-12-05,Man United,West Ham United,,,1.93,0.63,
Premier League,2015-2016,2015-12-13,Liverpool,West Bromwich Albion,,,2.32,0.48,
Premier League,2015-2016,2015-11-23,Crystal Palace,Sunderland,,,0.69,1.67,
Premier League,2015-2016,2015-10-03,AFC Bournemouth,Watford,,,1.38,1.17,
Premier League,2015-2016,2015-11-21,Swansea City,AFC Bournemouth,,,2.15,1.79,
Premier League,2015-2016,2015-09-26,Southampton,Swansea City,,,1.41,1.32,
Premier League,2015-2016,2015-12-26,Newcastle,Everton,,,1.22,1.81,
Premier League,2015-2016,2015-10-25,Man United,Man City,,,0.34,0.32,
Premier League,2015-2016,2015-08-15,Sunderland,Norwich City,,,0.39,1.23,
Premier League,2015-2016,2015-11-29,Norwich City,Arsenal,,,1.07,1.56,
Premier League,2015-2016,2015-09-26,Newcastle,Chelsea,,,0.88,1.29,
Premier League,2015-2016,2015-08-29,Stoke City,West Bromwich Albion,,,0.66,0.95,
Premier League,2015-2016,2015-10-03,Chelsea,Southampton,,,0.43,1.67,
Premier League,2015-2016,2015-09-26,Man United,Sunderland,,,2.34,0.49,
Premier League,2015-2016,2015-11-02,Tottenham Hotspur,Aston Villa,,,1.08,0.46,
Premier League,2015-2016,2015-10-17,Watford,Arsenal,,,0.51,2.01,
Premier League,2015-2016,2015-10-24,Aston Villa,Swansea City,,,1.05,1.65,
Premier League,2015-2016,2015-08-29,AFC Bournemouth,Leicester City,,,0.3,0.83,
Premier League,2015-2016,2015-10-31,West Bromwich Albion,Leicester City,,,1.99,1.68,
Premier League,2015-2016,2015-08-29,Liverpool,West Ham United,,,1.06,0.73,
Premier League,2015-2016,2015-09-20,Southampton,Man United,,,1.77,1.62,
Premier League,2015-2016,2015-09-19,Newcastle,Watford,,,1.38,1.16,
Premier League,2015-2016,2015-11-28,Man City,Southampton,,,1.67,1.19,
Premier League,2015-2016,2015-11-21,Chelsea,Norwich City,,,1.82,0.31,
Premier League,2015-2016,2015-12-19,Chelsea,Sunderland,,,3.15,1.62,
Premier League,2015-2016,2015-09-19,Aston Villa,West Bromwich Albion,,,0.6,0.92,
Premier League,2015-2016,2015-10-04,Swansea City,Tottenham Hotspur,,,0.92,1.16,
Premier League,2015-2016,2015-09-20,Liverpool,Norwich City,,,2.47,0.45,
Premier League,2015-2016,2015-12-28,Everton,Stoke City,,,2.26,1.46,
Premier League,2015-2016,2015-10-03,Sunderland,West Ham United,,,1.09,2.03,
Premier League,2015-2016,2015-10-31,Newcastle,Stoke City,,,1.33,1.34,
Premier League,2015-2016,2015-10-03,Man City,Newcastle,,,3.9,1.26,
Premier League,2015-2016,2015-08-29,Chelsea,Crystal Palace,,,2.2,2.14,
Premier League,2015-2016,2015-10-17,Crystal Palace,West Ham United,,,1.24,2.43,
Premier League,2015-2016,2015-09-19,Man City,West Ham United,,,2.53,0.79,
Premier League,2015-2016,2015-10-04,Everton,Liverpool,,,0.69,1.17,
Premier League,2015-2016,2015-12-05,Swansea City,Leicester City,,,1.05,2.55,
Premier League,2015-2016,2015-12-05,Chelsea,AFC Bournemouth,,,1.34,1.71,
Premier League,2015-2016,2015-12-20,Watford,Liverpool,,,1.89,0.63,
Premier League,2015-2016,2015-11-29,Tottenham Hotspur,Chelsea,,,0.51,0.27,
Premier League,2015-2016,2015-12-12,Sunderland,Watford,,,1.39,1.85,
Premier League,2015-2016,2015-12-07,Everton,Crystal Palace,,,1.89,0.83,
Premier League,2015-2016,2015-09-13,Leicester City,Aston Villa,,,1.5,1.22,
Premier League,2015-2016,2015-11-01,Everton,Sunderland,,,2.21,1.78,
Premier League,2015-2016,2015-10-31,Chelsea,Liverpool,,,0.49,0.89,
Premier League,2015-2016,2015-10-03,Crystal Palace,West Bromwich Albion,,,1.87,0.2,
Premier League,2015-2016,2015-08-09,Newcastle,Southampton,,,1.61,1.33,
Premier League,2015-2016,2015-12-26,Tottenham Hotspur,Norwich City,,,2.3,0.87,
Premier League,2015-2016,2015-08-22,Norwich City,Stoke City,,,2.33,0.62,
Premier League,2015-2016,2015-12-05,Southampton,Aston Villa,,,2.93,0.81,
Premier League,2015-2016,2015-08-14,Aston Villa,Man United,,,0.32,0.54,
Premier League,2015-2016,2015-12-26,Man City,Sunderland,,,2.72,1.24,
Premier League,2015-2016,2015-09-28,West Bromwich Albion,Everton,,,0.86,1.83,
Premier League,2015-2016,2015-10-18,Newcastle,Norwich City,,,1.88,1.35,
Premier League,2015-2016,2015-08-08,Man United,Tottenham Hotspur,,,0.53,0.58,
Premier League,2015-2016,2015-10-17,Chelsea,Aston Villa,,,1.1,0.57,
Premier League,2015-2016,2015-09-13,Sunderland,Tottenham Hotspur,,,1.07,1.6,
Premier League,2015-2016,2015-09-19,AFC Bournemouth,Sunderland,,,0.57,0.42,
Premier League,2015-2016,2015-09-26,Leicester City,Arsenal,,,1.6,3.28,
Premier League,2015-2016,2015-11-21,Watford,Man United,,,1.66,1.17,
Premier League,2015-2016,2015-12-12,AFC Bournemouth,Man United,,,1.13,1.52,
Premier League,2015-2016,2015-12-12,West Ham United,Stoke City,,,1.78,1.46,
Premier League,2015-2016,2015-10-25,Sunderland,Newcastle,,,2.08,2.9,
Premier League,2015-2016,2015-10-04,Arsenal,Man United,,,1.54,1.15,
Premier League,2015-2016,2015-10-24,Norwich City,West Bromwich Albion,,,0.78,0.6,
Premier League,2015-2016,2015-10-24,Arsenal,Everton,,,2.48,0.79,
Premier League,2015-2016,2015-12-19,Stoke City,Crystal Palace,,,2.51,1.95,
Premier League,2015-2016,2015-10-31,Man City,Norwich City,,,3.4,1.39,
Premier League,2015-2016,2015-12-06,Newcastle,Liverpool,,,0.89,1.12,
Premier League,2015-2016,2015-08-10,West Bromwich Albion,Man City,,,0.67,1.76,
Premier League,2015-2016,2015-12-28,Norwich City,Aston Villa,,,0.58,0.32,
Premier League,2015-2016,2015-11-28,Leicester City,Man United,,,0.44,0.88,
Premier League,2015-2016,2015-12-19,Southampton,Tottenham Hotspur,,,1.05,1.29,
Premier League,2015-2016,2015-11-28,Aston Villa,Watford,,,1.91,1.71,
Premier League,2015-2016,2015-11-28,AFC Bournemouth,Everton,,,1.43,0.7,
Premier League,2015-2016,2015-11-21,Newcastle,Leicester City,,,0.43,3.17,
Premier League,2015-2016,2015-12-19,Everton,Leicester City,,,1.69,2.37,
Premier League,2015-2016,2015-12-12,Crystal Palace,Southampton,,,1.2,0.94,
Premier League,2015-2016,2015-11-28,Sunderland,Stoke City,,,1.21,0.97,
Premier League,2015-2016,2015-08-29,Newcastle,Arsenal,,,0.04,1.89,
Premier League,2015-2016,2015-08-30,Swansea City,Man United,,,0.93,0.9,
Premier League,2015-2016,2015-10-17,Tottenham Hotspur,Liverpool,,,0.97,0.54,
Premier League,2015-2016,2015-10-17,Man City,AFC Bournemouth,,,3.68,0.61,
Premier League,2015-2016,2015-09-20,Tottenham Hotspur,Crystal Palace,,,0.95,0.6,
Premier League,2015-2016,2015-09-12,Watford,Swansea City,,,1.15,0.82,
Premier League,2015-2016,2015-09-26,Tottenham Hotspur,Man City,,,2.07,1.17,
Premier League,2015-2016,2015-09-26,Liverpool,Aston Villa,,,1.76,1.11,
Premier League,2015-2016,2015-11-21,Man City,Liverpool,,,0.9,3.25,
Premier League,2015-2016,2015-10-31,Crystal Palace,Man United,,,0.88,0.58,
Premier League,2015-2016,2015-08-29,Aston Villa,Sunderland,,,3.3,0.66,
Premier League,2015-2016,2015-11-07,West Ham United,Everton,,,0.84,1.66,
Premier League,2015-2016,2015-12-19,West Bromwich Albion,AFC Bournemouth,,,0.35,1.79,
Premier League,2015-2016,2015-10-25,Liverpool,Southampton,,,0.65,1.49,
Premier League,2015-2016,2015-08-22,Man United,Newcastle,,,1.51,0.37,
Premier League,2015-2016,2015-08-15,Tottenham Hotspur,Stoke City,,,1.42,2.6,
Premier League,2015-2016,2015-08-08,Leicester City,Sunderland,,,2.26,1.37,
Premier League,2015-2016,2015-12-26,Aston Villa,West Ham United,,,1.56,0.69,
Premier League,2015-2016,2015-08-23,Everton,Man City,,,0.59,1.17,
Premier League,2015-2016,2015-10-24,West Ham United,Chelsea,,,0.78,0.76,
Premier League,2015-2016,2015-09-27,Watford,Crystal Palace,,,1.09,1.95,
Premier League,2015-2016,2015-10-17,Everton,Man United,,,1.14,1.32,
Premier League,2015-2016,2015-09-12,Crystal Palace,Man City,,,0.54,3.56,
Premier League,2015-2016,2015-08-29,Man City,Watford,,,1.24,0.4,
Premier League,2015-2016,2015-11-07,AFC Bournemouth,Newcastle,,,1.08,0.24,
Premier League,2015-2016,2015-10-25,AFC Bournemouth,Tottenham Hotspur,,,0.62,2.92,
Premier League,2015-2016,2015-10-19,Swansea City,Stoke City,,,0.55,1.34,
Premier League,2015-2016,2015-10-24,Leicester City,Crystal Palace,,,1.33,0.37,
Premier League,2015-2016,2015-10-31,Watford,West Ham United,,,1.85,0.87,
Premier League,2015-2016,2015-12-05,Watford,Norwich City,,,2.16,0.53,
Premier League,2015-2016,2015-11-21,Everton,Aston Villa,,,2.32,1.1,
Premier League,2015-2016,2015-08-29,Tottenham Hotspur,Everton,,,2.12,0.33,
Premier League,2015-2016,2015-12-28,Watford,Tottenham Hotspur,,,1.1,0.53,
Premier League,2015-2016,2015-11-29,West Ham United,West Bromwich Albion,,,1.72,0.72,
Premier League,2015-2016,2015-12-26,Swansea City,West Bromwich Albion,,,0.98,0.62,
Premier League,2015-2016,2015-12-13,Tottenham Hotspur,Newcastle,,,1.11,1.45,
Premier League,2015-2016,2015-12-26,Chelsea,Watford,,,2.22,1.61,
Premier League,2015-2016,2015-12-20,Swansea City,West Ham United,,,1.07,0.43,
Premier League,2015-2016,2015-10-03,Norwich City,Leicester City,,,1.29,3.52,
Premier League,2015-2016,2015-09-19,Swansea City,Everton,,,0.75,1.66,
Premier League,2015-2016,2015-09-12,Norwich City,AFC Bournemouth,,,1.32,0.78,
Premier League,2015-2016,2015-11-21,West Bromwich Albion,Arsenal,,,0.42,1.78,
Premier League,2015-2016,2015-10-03,Aston Villa,Stoke City,,,0.62,1.41,
Premier League,2015-2016,2015-08-30,Southampton,Norwich City,,,2.59,0.78,
Premier League,2015-2016,2015-11-07,Man United,West Bromwich Albion,,,1.46,0.41,
Premier League,2015-2016,2015-09-26,West Ham United,Norwich City,,,2.28,1.3,
Premier League,2015-2016,2015-11-07,Norwich City,Swansea City,,,1.1,0.49,
Premier League,2015-2016,2015-11-28,Crystal Palace,Newcastle,,,1.59,0.79,
Premier League,2015-2016,2015-12-12,Man City,Swansea City,,,0.78,1.23,
Premier League,2015-2016,2015-09-12,West Bromwich Albion,Southampton,,,0.6,1.09,
Premier League,2015-2016,2015-09-14,West Ham United,Newcastle,,,2.09,0.81,
Premier League,2015-2016,2015-10-17,Southampton,Leicester City,,,1.36,2.11,
Premier League,2015-2016,2015-12-14,Leicester City,Chelsea,,,0.64,2.06,
Premier League,2015-2016,2015-11-08,Liverpool,Crystal Palace,,,1.8,0.58,
Premier League,2015-2016,2015-12-19,Man United,Norwich City,,,0.94,0.92,
Premier League,2015-2016,2015-12-26,Liverpool,Leicester City,,,1.78,0.8,
Premier League,2015-2016,2015-11-22,Tottenham Hotspur,West Ham United,,,2.66,0.75,
Premier League,2015-2016,2015-12-12,Norwich City,Everton,,,1.31,1.87,
Premier League,2015-2016,2015-09-12,Arsenal,Stoke City,,,3.7,0.28,
Premier League,2015-2016,2015-09-12,Everton,Chelsea,,,1.21,0.8,
Premier League,2015-2016,2015-11-21,Southampton,Stoke City,,,1.15,1.41,
Premier League,2015-2016,2015-11-07,Leicester City,Watford,,,1.86,1.08,
Premier League,2015-2016,2015-09-12,Man United,Liverpool,,,1.48,0.62,
Premier League,2015-2016,2015-11-08,Arsenal,Tottenham Hotspur,,,1.57,1.09,
Premier League,2015-2016,2015-11-07,Sunderland,Southampton,,,0.56,1.8,
Premier League,2015-2016,2015-08-15,Swansea City,Newcastle,,,1.81,0.13,
Premier League,2015-2016,2015-08-22,West Ham United,AFC Bournemouth,,,1.7,2.74,
Premier League,2015-2016,2015-08-16,Crystal Palace,Arsenal,,,1.27,1.78,
Premier League,2015-2016,2015-08-08,Norwich City,Crystal Palace,,,1.41,1.8,
Premier League,2015-2016,2015-08-15,West Ham United,Leicester City,,,0.81,1.22,
Premier League,2015-2016,2015-08-08,Everton,Watford,,,0.78,0.62,
Premier League,2015-2016,2015-08-22,Crystal Palace,Aston Villa,,,0.99,0.9,
Premier League,2015-2016,2015-08-15,Southampton,Everton,,,1.06,0.91,
Premier League,2015-2016,2015-08-16,Man City,Chelsea,,,1.78,0.8,
Premier League,2015-2016,2015-08-09,Stoke City,Liverpool,,,0.42,0.25,
Premier League,2015-2016,2015-08-22,Sunderland,Swansea City,,,0.83,1.63,
Premier League,2015-2016,2015-08-22,Leicester City,Tottenham Hotspur,,,0.63,1.97,
Premier League,2015-2016,2015-08-23,West Bromwich Albion,Chelsea,,,1.77,2.47,
Premier League,2015-2016,2015-08-23,Watford,Southampton,,,0.86,0.82,
Premier League,2015-2016,2016-03-20,Southampton,Liverpool,,,1.93,1.51,
Premier League,2015-2016,2016-01-13,Tottenham Hotspur,Leicester City,,,1.46,1.08,
Premier League,2015-2016,2016-04-02,Sunderland,West Bromwich Albion,,,2.2,0.15,
Premier League,2015-2016,2015-12-28,Arsenal,AFC Bournemouth,,,1.75,0.35,
Premier League,2015-2016,2016-03-19,Chelsea,West Ham United,,,2.41,0.89,
Premier League,2015-2016,2016-01-23,Sunderland,AFC Bournemouth,,,0.49,1.18,
Premier League,2015-2016,2016-03-02,Arsenal,Swansea City,,,1.33,1.17,
Premier League,2015-2016,2016-03-19,Watford,Stoke City,,,0.72,1.43,
Premier League,2015-2016,2016-03-19,Everton,Arsenal,,,0.46,1.83,
Premier League,2015-2016,2016-04-10,Liverpool,Stoke City,,,1.9,0.59,
Premier League,2015-2016,2016-01-12,Aston Villa,Crystal Palace,,,0.7,0.4,
Premier League,2015-2016,2016-04-03,Leicester City,Southampton,,,1.24,0.52,
Premier League,2015-2016,2016-05-11,Sunderland,Everton,,,1.99,1.13,
Premier League,2015-2016,2016-03-12,AFC Bournemouth,Swansea City,,,0.96,1.53,
Premier League,2015-2016,2016-04-24,Sunderland,Arsenal,,,0.5,1.34,
Premier League,2015-2016,2016-03-02,Liverpool,Man City,,,1.12,0.21,
Premier League,2015-2016,2016-05-08,Tottenham Hotspur,Southampton,,,2.34,0.95,
Premier League,2015-2016,2016-02-02,West Ham United,Aston Villa,,,2.67,0.16,
Premier League,2015-2016,2016-05-15,Southampton,Crystal Palace,,,2.39,1.3,
Premier League,2015-2016,2015-12-28,West Ham United,Southampton,,,1.41,1.09,
Premier League,2015-2016,2016-03-14,Leicester City,Newcastle,,,0.93,0.87,
Premier League,2015-2016,2016-01-16,AFC Bournemouth,Norwich City,,,2.26,0.43,
Premier League,2015-2016,2016-03-02,Stoke City,Newcastle,,,0.28,0.4,
Premier League,2015-2016,2016-04-17,Arsenal,Crystal Palace,,,1.74,0.39,
Premier League,2015-2016,2016-04-09,Southampton,Newcastle,,,1.94,0.27,
Premier League,2015-2016,2016-02-27,Southampton,Chelsea,,,1.07,1.41,
Premier League,2015-2016,2016-05-01,Swansea City,Liverpool,,,1.83,0.78,
Premier League,2015-2016,2016-01-12,AFC Bournemouth,West Ham United,,,0.42,0.76,
Premier League,2015-2016,2015-12-28,Man United,Chelsea,,,1.29,0.88,
Premier League,2015-2016,2016-04-09,Crystal Palace,Norwich City,,,1.28,1.03,
Premier League,2015-2016,2016-05-07,Crystal Palace,Stoke City,,,1.24,1.2,
Premier League,2015-2016,2016-04-16,Newcastle,Swansea City,,,1.05,1.11,
Premier League,2015-2016,2016-01-16,Tottenham Hotspur,Sunderland,,,2.73,0.52,
Premier League,2015-2016,2016-04-09,Watford,Everton,,,0.55,1.41,
Premier League,2015-2016,2016-02-13,Sunderland,Man United,,,1.81,0.95,
Premier League,2015-2016,2016-01-13,Stoke City,Norwich City,,,1.5,0.33,
Premier League,2015-2016,2016-05-07,Leicester City,Everton,,,4.44,1.38,
Premier League,2015-2016,2016-04-09,Man City,West Bromwich Albion,,,2.09,1.2,
Premier League,2015-2016,2016-03-05,Chelsea,Stoke City,,,1.38,1.52,
Premier League,2015-2016,2016-01-02,Sunderland,Aston Villa,,,1.13,0.42,
Premier League,2015-2016,2016-01-13,Chelsea,West Bromwich Albion,,,1.43,0.9,
Premier League,2015-2016,2016-04-30,Watford,Aston Villa,,,1.13,0.62,
Premier League,2015-2016,2016-01-02,Arsenal,Newcastle,,,1.86,1.54,
Premier League,2015-2016,2016-05-07,Aston Villa,Newcastle,,,0.02,0.97,
Premier League,2015-2016,2016-01-13,Swansea City,Sunderland,,,1.29,2.18,
Premier League,2015-2016,2016-03-06,West Bromwich Albion,Man United,,,0.72,0.38,
Premier League,2015-2016,2016-04-02,Aston Villa,Chelsea,,,0.97,2.14,
Premier League,2015-2016,2016-02-06,Tottenham Hotspur,Watford,,,2.21,0.09,
Premier League,2015-2016,2016-01-23,West Bromwich Albion,Aston Villa,,,0.47,0.63,
Premier League,2015-2016,2016-04-20,West Ham United,Watford,,,3.64,1.32,
Premier League,2015-2016,2016-04-02,Liverpool,Tottenham Hotspur,,,1.27,1.69,
Premier League,2015-2016,2016-01-12,Newcastle,Man United,,,2.11,1.86,
Premier League,2015-2016,2016-05-02,Chelsea,Tottenham Hotspur,,,0.77,2.32,
Premier League,2015-2016,2016-02-02,Crystal Palace,AFC Bournemouth,,,1.54,0.75,
Premier League,2015-2016,2016-02-02,Man United,Stoke City,,,2.46,0.62,
Premier League,2015-2016,2016-02-02,Sunderland,Man City,,,1.19,0.58,
Premier League,2015-2016,2016-02-03,Watford,Chelsea,,,0.9,0.94,
Premier League,2015-2016,2016-03-20,Newcastle,Sunderland,,,1.49,0.6,
Premier League,2015-2016,2016-01-02,Norwich City,Southampton,,,1.17,0.99,
Premier League,2015-2016,2016-05-07,Sunderland,Chelsea,,,0.97,1.16,
Premier League,2015-2016,2016-01-24,Arsenal,Chelsea,,,1.15,1.18,
Premier League,2015-2016,2016-01-23,West Ham United,Man City,,,0.91,1.82,
Premier League,2015-2016,2016-01-03,Crystal Palace,Chelsea,,,0.92,1.88,
Premier League,2015-2016,2016-04-09,Swansea City,Chelsea,,,1.83,1.66,
Premier League,2015-2016,2016-02-06,Southampton,West Ham United,,,0.81,0.88,
Premier League,2015-2016,2016-04-02,Arsenal,Watford,,,2.58,0.43,
Premier League,2015-2016,2016-01-02,West Bromwich Albion,Stoke City,,,2.53,0.84,
Premier League,2015-2016,2016-02-27,Watford,AFC Bournemouth,,,0.91,1.16,
Premier League,2015-2016,2016-05-15,Everton,Norwich City,,,2.27,0.74,
Premier League,2015-2016,2016-03-20,Man City,Man United,,,1.97,0.52,
Premier League,2015-2016,2016-02-06,Stoke City,Everton,,,0.68,2.66,
Premier League,2015-2016,2016-01-16,Chelsea,Everton,,,2.17,1.35,
Premier League,2015-2016,2016-05-10,West Ham United,Man United,,,1.91,0.83,
Premier League,2015-2016,2016-04-30,Stoke City,Sunderland,,,0.72,1.8,
Premier League,2015-2016,2016-02-13,Swansea City,Southampton,,,0.59,1.16,
Premier League,2015-2016,2016-04-16,Everton,Southampton,,,0.32,1.45,
Premier League,2015-2016,2016-01-03,Everton,Tottenham Hotspur,,,0.72,0.83,
Premier League,2015-2016,2016-04-02,AFC Bournemouth,Man City,,,1.14,0.77,
Premier League,2015-2016,2016-01-13,Man City,Everton,,,1.37,0.34,
Premier League,2015-2016,2016-02-14,Man City,Tottenham Hotspur,,,1.99,1.26,
Premier League,2015-2016,2016-03-05,Swansea City,Norwich City,,,0.48,0.7,
Premier League,2015-2016,2016-05-15,Swansea City,Man City,,,0.18,2.49,
Premier League,2015-2016,2016-04-10,Sunderland,Leicester City,,,0.78,3.01,
Premier League,2015-2016,2016-04-23,Liverpool,Newcastle,,,0.72,0.39,
Premier League,2015-2016,2016-04-16,West Bromwich Albion,Watford,,,2.46,0.47,
Premier League,2015-2016,2016-05-07,West Ham United,Swansea City,,,2.84,2.76,
Premier League,2015-2016,2016-05-17,Man United,AFC Bournemouth,,,1.55,0.65,
Premier League,2015-2016,2016-01-24,Everton,Swansea City,,,1.55,1.26,
Premier League,2015-2016,2016-01-18,Swansea City,Watford,,,0.49,0.59,
Premier League,2015-2016,2016-03-05,Southampton,Sunderland,,,1.58,0.79,
Premier League,2015-2016,2016-05-01,Man United,Leicester City,,,1.25,1.13,
Premier League,2015-2016,2016-01-16,Southampton,West Bromwich Albion,,,1.3,0.47,
Premier League,2015-2016,2016-04-16,Norwich City,Sunderland,,,1.27,1.78,
Premier League,2015-2016,2016-04-02,West Ham United,Crystal Palace,,,1.45,1.53,
Premier League,2015-2016,2016-04-30,Newcastle,Crystal Palace,,,0.45,1.07,
Premier League,2015-2016,2016-01-23,Crystal Palace,Tottenham Hotspur,,,0.92,1.46,
Premier League,2015-2016,2016-03-05,Newcastle,AFC Bournemouth,,,1.09,1.13,
Premier League,2015-2016,2016-01-13,Southampton,Watford,,,1.79,0.1,
Premier League,2015-2016,2016-03-19,Crystal Palace,Leicester City,,,0.61,1.32,
Premier League,2015-2016,2016-04-18,Stoke City,Tottenham Hotspur,,,0.71,3.49,
Premier League,2015-2016,2016-04-30,Arsenal,Norwich City,,,0.81,0.82,
Premier League,2015-2016,2015-11-01,Southampton,AFC Bournemouth,,,0.98,0.91,
Premier League,2015-2016,2016-04-30,West Bromwich Albion,West Ham United,,,1.2,0.84,
Premier League,2015-2016,2015-12-28,West Bromwich Albion,Newcastle,,,2.2,0.54,
Premier League,2015-2016,2016-01-23,Man United,Southampton,,,0.18,0.57,
Premier League,2015-2016,2016-05-15,Stoke City,West Ham United,,,0.43,2.74,
Premier League,2015-2016,2016-03-12,Stoke City,Southampton,,,0.94,0.57,
Premier League,2015-2016,2016-02-02,Arsenal,Southampton,,,2.43,0.99,
Premier League,2015-2016,2016-04-19,Newcastle,Man City,,,0.6,0.68,
Premier League,2015-2016,2016-01-17,Stoke City,Arsenal,,,0.92,0.49,
Premier League,2015-2016,2016-05-11,Norwich City,Watford,,,2.42,2.09,
Premier League,2015-2016,2016-04-10,Tottenham Hotspur,Man United,,,1.81,0.51,
Premier League,2015-2016,2016-05-07,Norwich City,Man United,,,0.76,1.31,
Premier League,2015-2016,2016-02-14,Aston Villa,Liverpool,,,0.23,2.65,
Premier League,2015-2016,2016-04-17,AFC Bournemouth,Liverpool,,,1.61,1.82,
Premier League,2015-2016,2015-12-05,West Bromwich Albion,Tottenham Hotspur,,,0.99,0.71,
Premier League,2015-2016,2016-03-06,Crystal Palace,Liverpool,,,1.18,1.8,
Premier League,2015-2016,2016-05-07,AFC Bournemouth,West Bromwich Albion,,,0.98,1.69,
Premier League,2015-2016,2016-03-19,Swansea City,Aston Villa,,,0.59,1.07,
Premier League,2015-2016,2016-04-17,Leicester City,West Ham United,,,1.3,1.8,
Premier League,2015-2016,2016-04-24,Leicester City,Swansea City,,,2.51,0.44,
Premier League,2015-2016,2016-05-15,Chelsea,Leicester City,,,1.9,1.73,
Premier League,2015-2016,2016-02-27,West Bromwich Albion,Crystal Palace,,,1.16,1.33,
Premier League,2015-2016,2016-03-01,Leicester City,West Bromwich Albion,,,2.18,1.15,
Premier League,2015-2016,2016-03-02,Man United,Watford,,,0.72,1.86,
Premier League,2015-2016,2016-02-28,Man United,Arsenal,,,0.45,1.43,
Premier League,2015-2016,2016-04-09,West Ham United,Arsenal,,,1.26,1.84,
Premier League,2015-2016,2016-04-23,AFC Bournemouth,Chelsea,,,0.75,1.29,
Premier League,2015-2016,2016-04-02,Norwich City,Newcastle,,,1.53,2.07,
Premier League,2015-2016,2016-02-13,Norwich City,West Ham United,,,1.21,1.67,
Premier League,2015-2016,2016-01-02,West Ham United,Liverpool,,,2.16,1.82,
Premier League,2015-2016,2016-03-05,Man City,Aston Villa,,,3.26,0.45,
Premier League,2015-2016,2016-01-16,Aston Villa,Leicester City,,,1.05,2.23,
Premier League,2015-2016,2016-02-03,Everton,Newcastle,,,3.11,0.62,
Premier League,2015-2016,2016-02-07,AFC Bournemouth,Arsenal,,,0.67,0.76,
Premier League,2015-2016,2016-02-14,Arsenal,Leicester City,,,2.75,1.1,
Premier League,2015-2016,2016-01-16,Man City,Crystal Palace,,,1.87,0.94,
Premier League,2015-2016,2016-04-09,Aston Villa,AFC Bournemouth,,,0.44,1.02,
Premier League,2015-2016,2016-02-13,Chelsea,Newcastle,,,2.24,0.65,
Premier League,2015-2016,2016-04-16,Man United,Aston Villa,,,1.35,0.35,
Premier League,2015-2016,2016-04-02,Stoke City,Swansea City,,,0.87,0.49,
Premier League,2015-2016,2016-01-23,Watford,Newcastle,,,2.12,0.88,
Premier League,2015-2016,2016-02-13,AFC Bournemouth,Stoke City,,,1.23,0.67,
Premier League,2015-2016,2016-02-02,Leicester City,Liverpool,,,1.21,0.46,
Premier League,2015-2016,2016-02-07,Chelsea,Man United,,,1.86,0.81,
Premier League,2015-2016,2016-03-01,Norwich City,Chelsea,,,1.08,0.99,
Premier League,2015-2016,2016-03-05,Everton,West Ham United,,,1.71,1.69,
Premier League,2015-2016,2016-04-23,Aston Villa,Southampton,,,1.39,3.02,
Premier League,2015-2016,2016-03-05,Watford,Leicester City,,,0.96,1.54,
Premier League,2015-2016,2016-04-21,Arsenal,West Bromwich Albion,,,1.32,0.73,
Premier League,2015-2016,2016-02-06,Man City,Leicester City,,,1.09,1.64,
Premier League,2015-2016,2016-02-06,Newcastle,West Bromwich Albion,,,1.53,0.49,
Premier League,2015-2016,2015-12-26,AFC Bournemouth,Crystal Palace,,,0.83,0.56,
Premier League,2015-2016,2016-04-20,Liverpool,Everton,,,3.53,0.12,
Premier League,2015-2016,2016-04-03,Man United,Everton,,,0.86,0.57,
Premier League,2015-2016,2016-02-06,Swansea City,Crystal Palace,,,1.83,0.89,
Premier League,2015-2016,2016-02-06,Aston Villa,Norwich City,,,0.74,1.15,
Premier League,2015-2016,2016-01-13,Liverpool,Arsenal,,,1.19,1.77,
Premier League,2015-2016,2016-05-15,Watford,Sunderland,,,2.03,1.06,
Premier League,2015-2016,2016-04-23,Man City,Stoke City,,,2.97,1.02,
Premier League,2015-2016,2016-03-12,Norwich City,Man City,,,0.22,0.78,
Premier League,2015-2016,2016-04-20,Man United,Crystal Palace,,,1.39,0.22,
Premier League,2015-2016,2016-05-08,Man City,Arsenal,,,0.74,0.89,
Premier League,2015-2016,2016-02-06,Liverpool,Sunderland,,,1.82,0.54,
Premier League,2015-2016,2016-02-02,Norwich City,Tottenham Hotspur,,,1.18,2.52,
Premier League,2015-2016,2016-03-05,Tottenham Hotspur,Arsenal,,,1.25,0.73,
Premier League,2015-2016,2016-01-02,Man United,Swansea City,,,1.51,0.62,
Premier League,2015-2016,2016-05-01,Southampton,Man City,,,3.03,0.76,
Premier League,2015-2016,2016-02-27,Stoke City,Aston Villa,,,2.59,0.18,
Premier League,2015-2016,2016-04-16,Chelsea,Man City,,,0.99,2.33,
Premier League,2015-2016,2016-02-28,Tottenham Hotspur,Swansea City,,,3.22,1.37,
Premier League,2015-2016,2015-12-28,Crystal Palace,Swansea City,,,0.65,0.19,
Premier League,2015-2016,2016-04-25,Tottenham Hotspur,West Bromwich Albion,,,1.06,0.9,
Premier League,2015-2016,2016-02-27,West Ham United,Sunderland,,,0.86,1.13,
Premier League,2015-2016,2016-03-01,Aston Villa,Everton,,,0.63,1.87,
Premier League,2015-2016,2016-01-16,Newcastle,West Ham United,,,2.38,1.57,
Premier League,2015-2016,2016-03-01,AFC Bournemouth,Southampton,,,0.71,0.53,
Premier League,2015-2016,2016-05-15,Newcastle,Tottenham Hotspur,,,2.08,0.87,
Premier League,2015-2016,2016-05-08,Liverpool,Watford,,,3.14,1.25,
Premier League,2015-2016,2016-02-02,West Bromwich Albion,Swansea City,,,2.19,1.5,
Premier League,2015-2016,2016-01-02,Watford,Man City,,,1.08,0.94,
Premier League,2015-2016,2016-01-23,Leicester City,Stoke City,,,1.87,0.15,
Premier League,2015-2016,2016-01-17,Liverpool,Man United,,,1.42,0.51,
Premier League,2015-2016,2016-03-02,West Ham United,Tottenham Hotspur,,,0.81,1.13,
Premier League,2015-2016,2016-01-23,Norwich City,Liverpool,,,1.23,1.62,
Premier League,2015-2016,2015-11-08,Aston Villa,Man City,,,0.17,1.85,
Premier League,2015-2016,2016-02-13,Everton,West Bromwich Albion,,,1.79,0.99,
Premier League,2015-2016,2015-08-17,Liverpool,AFC Bournemouth,,,1.83,0.79,
Premier League,2015-2016,2015-08-15,Watford,West Bromwich Albion,,,0.9,0.93,
Premier League,2015-2016,2015-08-09,Arsenal,West Ham United,,,1.29,0.43,
Premier League,2015-2016,2015-08-08,AFC Bournemouth,Aston Villa,,,1.25,0.65,
Premier League,2015-2016,2015-08-08,Chelsea,Swansea City,,,0.49,2.47,
Premier League,2003-2004,2004-04-09,Arsenal,Liverpool,,,2.01,1.94,
Premier League,2003-2004,2003-11-08,Arsenal,Tottenham Hotspur,,,1.73,0.84,
Premier League,2003-2004,2003-08-16,Arsenal,Everton,,,2.12,1.27,
Premier League,2003-2004,2003-08-31,Man City,Arsenal,,,0.67,1.34,
Premier League,2003-2004,2004-02-07,Wolves,Arsenal,,,0.7,1.86,
Premier League,2003-2004,2004-05-09,Fulham,Arsenal,,,1.4,1.2,
Premier League,2003-2004,2003-12-26,Arsenal,Wolves,,,1.01,0.61,
Premier League,2003-2004,2003-09-13,Arsenal,Portsmouth,,,2.3,1.28,
Premier League,2003-2004,2004-05-15,Arsenal,Leicester City,,,2.54,0.11,
Premier League,2003-2004,2004-03-28,Arsenal,Man United,,,1.54,1.12,
Premier League,2003-2004,2003-08-24,Middlesbrough,Arsenal,,,0.38,2.76,
Premier League,2003-2004,2004-02-28,Arsenal,Charlton Athletic,,,2.03,0.6,
Premier League,2003-2004,2003-10-04,Liverpool,Arsenal,,,1.31,0.64,
Premier League,2003-2004,2003-11-01,Leeds United,Arsenal,,,0.63,2.36,
Premier League,2003-2004,2003-10-18,Arsenal,Chelsea,,,1.87,0.26,
Premier League,2003-2004,2004-03-13,Blackburn Rovers,Arsenal,,,0.35,1.01,
Premier League,2003-2004,2003-09-26,Arsenal,Newcastle,,,2.22,0.96,
Premier League,2003-2004,2004-02-01,Arsenal,Man City,,,1.62,1.3,
Premier League,2003-2004,2004-01-18,Aston Villa,Arsenal,,,0.65,1.52,
Premier League,2003-2004,2004-05-01,Arsenal,Birmingham City,,,0.44,0.12,
Premier League,2003-2004,2003-09-21,Man United,Arsenal,,,1.06,0.21,
Premier League,2003-2004,2004-04-25,Tottenham Hotspur,Arsenal,,,1.27,2.21,
Premier League,2003-2004,2004-02-21,Chelsea,Arsenal,,,1.51,1.11,
Premier League,2003-2004,2003-12-29,Southampton,Arsenal,,,0.13,0.84,
Premier League,2003-2004,2003-11-22,Birmingham City,Arsenal,,,0.67,2.07,
Premier League,2003-2004,2003-12-14,Arsenal,Blackburn Rovers,,,1.98,0.81,
Premier League,2003-2004,2003-11-30,Arsenal,Fulham,,,2.18,0.33,
Premier League,2003-2004,2003-12-20,Bolton Wanderers,Arsenal,,,1.21,0.81,
Premier League,2003-2004,2004-04-16,Arsenal,Leeds United,,,3.59,0.15,
Premier League,2003-2004,2003-12-06,Leicester City,Arsenal,,,0.35,0.89,
Premier League,2003-2004,2004-02-10,Arsenal,Southampton,,,1.55,0.88,
Premier League,2003-2004,2004-05-04,Portsmouth,Arsenal,,,1.14,1.67,
Premier League,2003-2004,2004-01-07,Everton,Arsenal,,,0.96,1.06,
Premier League,2003-2004,2004-01-10,Arsenal,Middlesbrough,,,2.06,0.95,
Premier League,2003-2004,2003-08-27,Arsenal,Aston Villa,,,2.05,0.29,
Premier League,2003-2004,2004-03-20,Arsenal,Bolton Wanderers,,,0.81,1.12,
Premier League,2003-2004,2003-10-26,Charlton Athletic,Arsenal,,,1.09,0.32,
Premier League,2003-2004,2004-04-11,Newcastle,Arsenal,,,0.45,1.37,
Serie A,2015-2016,2015-09-27,Hellas Verona,Lazio,,,0.75,2.12,
Serie A,2015-2016,2015-09-23,Inter Milan,Hellas Verona,,,0.74,0.43,
Serie A,2015-2016,2015-10-18,Hellas Verona,Udinese,,,1.19,0.62,
Serie A,2015-2016,2015-11-07,Hellas Verona,Bologna,,,0.36,0.75,
Serie A,2015-2016,2015-10-03,Chievo,Hellas Verona,,,1.52,1.32,
Serie A,2015-2016,2015-11-01,Carpi,Hellas Verona,,,0.98,0.63,
Serie A,2015-2016,2016-04-16,Carpi,Genoa,,,1.94,1.49,
Serie A,2015-2016,2015-08-22,Hellas Verona,AS Roma,,,1.01,1.11,
Serie A,2015-2016,2015-12-20,Sampdoria,Palermo,,,1.68,0.56,
Serie A,2015-2016,2016-05-08,Atalanta,Udinese,,,1.13,0.43,
Serie A,2015-2016,2016-04-30,Udinese,Torino,,,1.4,1.3,
Serie A,2015-2016,2016-03-06,Frosinone,Udinese,,,1.15,0.14,
Serie A,2015-2016,2016-05-08,Torino,Napoli,,,0.39,1.75,
Serie A,2015-2016,2016-04-16,Inter Milan,Napoli,,,1.49,0.3,
Serie A,2015-2016,2015-10-17,AS Roma,Empoli,,,1.01,0.59,
Serie A,2015-2016,2016-02-21,Atalanta,Fiorentina,,,1.17,2.43,
Serie A,2015-2016,2016-04-17,Lazio,Empoli,,,2.21,0.49,
Serie A,2015-2016,2016-03-13,Lazio,Atalanta,,,0.97,0.88,
Serie A,2015-2016,2015-12-20,Frosinone,Milan,,,0.87,3.16,
Serie A,2015-2016,2016-01-24,Sassuolo,Bologna,,,0.59,1.38,
Serie A,2015-2016,2015-11-28,Milan,Sampdoria,,,3.78,1.15,
Serie A,2015-2016,2016-01-24,Sampdoria,Napoli,,,0.66,3.5,
Serie A,2015-2016,2015-11-08,Napoli,Udinese,,,1.2,0.35,
Serie A,2015-2016,2015-12-13,Juventus,Fiorentina,,,1.84,0.9,
Serie A,2015-2016,2016-01-24,Lazio,Chievo,,,2.43,1.36,
Serie A,2015-2016,2015-11-29,AS Roma,Atalanta,,,1.02,1.41,
Serie A,2015-2016,2015-12-20,Hellas Verona,Sassuolo,,,1.3,1.18,
Serie A,2015-2016,2015-12-06,Bologna,Napoli,,,1.58,1.68,
Serie A,2015-2016,2015-10-27,Bologna,Inter Milan,,,0.46,1.44,
Serie A,2015-2016,2015-10-24,Palermo,Inter Milan,,,1.05,1.85,
Serie A,2015-2016,2015-10-04,Udinese,Genoa,,,1.21,1.69,
Serie A,2015-2016,2015-09-28,Frosinone,Empoli,,,1.43,0.79,
Serie A,2015-2016,2015-10-25,Milan,Sassuolo,,,1.98,0.08,
Serie A,2015-2016,2015-10-04,Palermo,AS Roma,,,1.61,2.38,
Serie A,2015-2016,2015-10-04,Milan,Napoli,,,0.5,1.6,
Serie A,2015-2016,2015-10-25,Lazio,Torino,,,1.29,0.41,
Serie A,2015-2016,2016-04-23,Inter Milan,Udinese,,,3.66,1.35,
Serie A,2015-2016,2016-04-24,Fiorentina,Juventus,,,2.44,1.39,
Serie A,2015-2016,2016-04-24,Sampdoria,Lazio,,,1.47,2.67,
Serie A,2015-2016,2016-04-24,Bologna,Genoa,,,0.92,0.65,
Serie A,2015-2016,2016-04-21,Milan,Carpi,,,1.0,0.22,
Serie A,2015-2016,2016-04-20,Juventus,Lazio,,,3.44,0.19,
Serie A,2015-2016,2016-04-20,Palermo,Atalanta,,,2.45,1.66,
Serie A,2015-2016,2016-04-20,AS Roma,Torino,,,2.29,2.05,
Serie A,2015-2016,2016-04-20,Genoa,Inter Milan,,,1.14,1.07,
Serie A,2015-2016,2016-03-20,Sampdoria,Chievo,,,1.4,1.86,
Serie A,2015-2016,2016-03-19,Empoli,Palermo,,,0.63,0.62,
Serie A,2015-2016,2016-03-20,Atalanta,Bologna,,,3.26,0.52,
Serie A,2015-2016,2016-03-20,Hellas Verona,Carpi,,,1.04,1.26,
Serie A,2015-2016,2016-03-19,AS Roma,Inter Milan,,,1.29,0.35,
Serie A,2015-2016,2016-03-13,Palermo,Napoli,,,0.24,1.95,
Serie A,2015-2016,2016-03-13,Udinese,AS Roma,,,0.41,1.6,
Serie A,2015-2016,2016-03-13,Carpi,Frosinone,,,1.72,0.87,
Serie A,2015-2016,2016-03-13,Genoa,Torino,,,2.33,0.86,
Serie A,2015-2016,2016-03-12,Inter Milan,Bologna,,,1.58,0.53,
Serie A,2015-2016,2016-03-13,Chievo,Milan,,,0.92,0.48,
Serie A,2015-2016,2016-03-12,Empoli,Sampdoria,,,1.76,0.86,
Serie A,2015-2016,2016-03-13,Fiorentina,Hellas Verona,,,0.69,0.59,
Serie A,2015-2016,2016-03-11,Juventus,Sassuolo,,,1.36,0.41,
Serie A,2015-2016,2016-03-06,Inter Milan,Palermo,,,1.2,0.57,
Serie A,2015-2016,2016-03-06,Sassuolo,Milan,,,1.09,0.99,
Serie A,2015-2016,2016-03-06,Bologna,Carpi,,,1.05,0.46,
Serie A,2015-2016,2016-02-21,Torino,Carpi,,,1.47,0.17,
Serie A,2015-2016,2016-03-06,Torino,Lazio,,,2.05,1.38,
Serie A,2015-2016,2016-02-20,Hellas Verona,Chievo,,,2.45,1.36,
Serie A,2015-2016,2016-02-22,Napoli,Milan,,,1.13,0.55,
Serie A,2015-2016,2016-02-19,Bologna,Juventus,,,0.2,0.75,
Serie A,2015-2016,2016-02-20,Inter Milan,Sampdoria,,,1.09,0.88,
Serie A,2015-2016,2016-02-14,Fiorentina,Inter Milan,,,1.36,0.71,
Serie A,2015-2016,2016-02-14,Milan,Genoa,,,0.79,0.44,
Serie A,2015-2016,2016-02-14,Palermo,Torino,,,1.27,3.06,
Serie A,2015-2016,2016-02-14,Sampdoria,Atalanta,,,0.85,0.29,
Serie A,2015-2016,2016-02-14,Udinese,Bologna,,,1.73,0.93,
Serie A,2015-2016,2016-02-13,Juventus,Napoli,,,0.49,0.25,
Serie A,2015-2016,2016-02-13,Empoli,Frosinone,,,2.43,1.07,
Serie A,2015-2016,2016-02-13,Chievo,Sassuolo,,,1.34,0.95,
Serie A,2015-2016,2016-02-11,Lazio,Hellas Verona,,,3.51,0.64,
Serie A,2015-2016,2016-02-12,Carpi,AS Roma,,,1.19,2.2,
Serie A,2015-2016,2016-01-30,AS Roma,Frosinone,,,1.08,0.63,
Serie A,2015-2016,2016-02-07,Torino,Chievo,,,0.91,1.1,
Serie A,2015-2016,2016-01-24,Hellas Verona,Genoa,,,2.11,0.52,
Serie A,2015-2016,2016-01-24,Juventus,AS Roma,,,0.8,0.22,
Serie A,2015-2016,2016-01-24,Inter Milan,Carpi,,,1.88,0.9,
Serie A,2015-2016,2016-01-24,Palermo,Udinese,,,2.31,1.55,
Serie A,2015-2016,2016-01-24,Fiorentina,Torino,,,1.02,0.7,
Serie A,2015-2016,2015-08-30,Atalanta,Frosinone,,,2.58,0.55,
Serie A,2015-2016,2015-11-22,Inter Milan,Frosinone,,,2.66,0.56,
Serie A,2015-2016,2015-11-28,Torino,Bologna,,,0.95,0.18,
Serie A,2015-2016,2015-11-30,Sassuolo,Fiorentina,,,0.82,1.71,
Serie A,2015-2016,2015-11-22,Udinese,Sampdoria,,,0.68,0.51,
Serie A,2015-2016,2015-11-22,Fiorentina,Empoli,,,1.35,0.58,
Serie A,2015-2016,2015-11-22,Lazio,Palermo,,,1.64,1.08,
Serie A,2015-2016,2015-11-22,Carpi,Chievo,,,1.02,0.79,
Serie A,2015-2016,2015-11-22,Atalanta,Torino,,,1.0,1.73,
Serie A,2015-2016,2015-11-22,Hellas Verona,Napoli,,,0.22,2.49,
Serie A,2015-2016,2015-09-20,Bologna,Frosinone,,,0.87,1.79,
Serie A,2015-2016,2015-09-20,Chievo,Inter Milan,,,0.87,0.94,
Serie A,2015-2016,2015-09-20,Atalanta,Hellas Verona,,,0.75,0.8,
Serie A,2015-2016,2015-09-20,AS Roma,Sassuolo,,,2.41,0.7,
Serie A,2015-2016,2015-09-20,Carpi,Fiorentina,,,1.74,0.53,
Serie A,2015-2016,2015-09-20,Torino,Sampdoria,,,2.39,0.87,
Serie A,2015-2016,2016-05-15,Genoa,Atalanta,,,1.52,1.09,
Serie A,2015-2016,2016-05-15,Lazio,Fiorentina,,,1.56,1.48,
Serie A,2015-2016,2016-05-15,Palermo,Hellas Verona,,,0.67,0.73,
Serie A,2015-2016,2016-05-15,Empoli,Torino,,,0.81,1.17,
Serie A,2015-2016,2016-05-15,Udinese,Carpi,,,1.37,1.35,
Serie A,2015-2016,2016-05-15,Chievo,Bologna,,,0.42,0.45,
Serie A,2015-2016,2016-05-14,Milan,AS Roma,,,1.87,2.59,
Serie A,2015-2016,2016-05-14,Juventus,Sampdoria,,,2.63,0.23,
Serie A,2015-2016,2016-05-14,Sassuolo,Inter Milan,,,1.44,1.38,
Serie A,2015-2016,2016-05-14,Napoli,Frosinone,,,2.81,0.89,
Serie A,2015-2016,2016-05-08,AS Roma,Chievo,,,1.61,0.58,
Serie A,2015-2016,2016-05-08,Sampdoria,Genoa,,,0.63,1.66,
Serie A,2015-2016,2016-05-08,Hellas Verona,Juventus,,,2.04,1.63,
Serie A,2015-2016,2016-05-08,Frosinone,Sassuolo,,,0.93,1.6,
Serie A,2015-2016,2016-05-08,Fiorentina,Palermo,,,1.7,0.18,
Serie A,2015-2016,2016-05-08,Carpi,Lazio,,,2.99,2.37,
Serie A,2015-2016,2016-05-07,Bologna,Milan,,,0.48,1.34,
Serie A,2015-2016,2016-05-07,Inter Milan,Empoli,,,1.59,0.97,
Serie A,2015-2016,2016-05-01,Sassuolo,Hellas Verona,,,0.5,0.84,
Serie A,2015-2016,2016-05-02,Genoa,AS Roma,,,1.35,2.43,
Serie A,2015-2016,2016-05-02,Napoli,Atalanta,,,2.03,0.31,
Serie A,2015-2016,2016-05-01,Lazio,Inter Milan,,,1.8,0.95,
Serie A,2015-2016,2016-05-01,Palermo,Sampdoria,,,1.08,0.43,
Serie A,2015-2016,2016-05-01,Milan,Frosinone,,,4.43,0.42,
Serie A,2015-2016,2016-05-01,Juventus,Carpi,,,1.31,0.43,
Serie A,2015-2016,2016-04-30,Chievo,Fiorentina,,,0.91,0.89,
Serie A,2015-2016,2016-04-25,Hellas Verona,Milan,,,2.88,1.63,
Serie A,2015-2016,2016-05-01,Empoli,Bologna,,,0.87,0.86,
Serie A,2015-2016,2016-04-25,Carpi,Empoli,,,1.5,0.6,
Serie A,2015-2016,2016-04-25,AS Roma,Napoli,,,0.5,0.89,
Serie A,2015-2016,2016-04-24,Atalanta,Chievo,,,0.88,0.37,
Serie A,2015-2016,2016-04-24,Torino,Sassuolo,,,1.06,0.88,
Serie A,2015-2016,2016-04-24,Frosinone,Palermo,,,1.11,0.9,
Serie A,2015-2016,2016-04-20,Chievo,Frosinone,,,2.2,0.25,
Serie A,2015-2016,2016-04-20,Udinese,Fiorentina,,,1.2,0.63,
Serie A,2015-2016,2016-04-20,Sassuolo,Sampdoria,,,3.17,0.11,
Serie A,2015-2016,2016-04-19,Napoli,Bologna,,,2.88,0.28,
Serie A,2015-2016,2016-04-20,Empoli,Hellas Verona,,,2.36,2.14,
Serie A,2015-2016,2016-04-17,Hellas Verona,Frosinone,,,2.37,1.11,
Serie A,2015-2016,2016-04-17,Sampdoria,Milan,,,0.36,1.67,
Serie A,2015-2016,2016-04-17,Udinese,Chievo,,,1.53,0.19,
Serie A,2015-2016,2016-04-17,Fiorentina,Sassuolo,,,1.21,1.49,
Serie A,2015-2016,2016-04-17,Juventus,Palermo,,,1.58,0.49,
Serie A,2015-2016,2016-04-17,Atalanta,AS Roma,,,1.58,1.88,
Serie A,2015-2016,2016-04-16,Bologna,Torino,,,0.58,1.07,
Serie A,2015-2016,2016-04-11,AS Roma,Bologna,,,1.33,0.34,
Serie A,2015-2016,2016-04-10,Torino,Atalanta,,,0.64,0.74,
Serie A,2015-2016,2016-04-10,Sampdoria,Udinese,,,1.86,1.32,
Serie A,2015-2016,2016-04-10,Empoli,Fiorentina,,,0.83,1.57,
Serie A,2015-2016,2016-04-10,Palermo,Lazio,,,0.33,2.59,
Serie A,2015-2016,2016-04-10,Napoli,Hellas Verona,,,3.18,0.39,
Serie A,2015-2016,2016-04-09,Milan,Juventus,,,1.22,0.84,
Serie A,2015-2016,2016-04-09,Frosinone,Inter Milan,,,0.88,2.17,
Serie A,2015-2016,2016-04-09,Sassuolo,Genoa,,,1.04,0.71,
Serie A,2015-2016,2016-04-04,Bologna,Hellas Verona,,,0.64,0.41,
Serie A,2015-2016,2016-04-09,Chievo,Carpi,,,1.2,0.87,
Serie A,2015-2016,2016-04-03,Genoa,Frosinone,,,1.56,0.44,
Serie A,2015-2016,2016-04-03,Atalanta,Milan,,,1.03,1.47,
Serie A,2015-2016,2016-04-03,Udinese,Napoli,,,2.67,0.67,
Serie A,2015-2016,2016-04-03,Chievo,Palermo,,,1.4,1.82,
Serie A,2015-2016,2016-04-03,Fiorentina,Sampdoria,,,1.07,0.28,
Serie A,2015-2016,2016-04-03,Lazio,AS Roma,,,2.39,1.45,
Serie A,2015-2016,2016-04-03,Inter Milan,Torino,,,1.76,1.76,
Serie A,2015-2016,2016-04-02,Carpi,Sassuolo,,,1.32,1.45,
Serie A,2015-2016,2016-03-20,Sassuolo,Udinese,,,0.75,1.24,
Serie A,2015-2016,2016-04-02,Juventus,Empoli,,,1.89,0.45,
Serie A,2015-2016,2016-03-20,Napoli,Genoa,,,2.77,0.62,
Serie A,2015-2016,2016-03-20,Milan,Lazio,,,1.49,0.42,
Serie A,2015-2016,2016-03-20,Torino,Juventus,,,1.53,1.39,
Serie A,2015-2016,2016-03-20,Frosinone,Fiorentina,,,0.72,1.64,
Serie A,2015-2016,2016-03-06,Genoa,Empoli,,,1.34,1.29,
Serie A,2015-2016,2016-03-06,Atalanta,Juventus,,,0.61,1.16,
Serie A,2015-2016,2016-03-05,Napoli,Chievo,,,3.12,0.3,
Serie A,2015-2016,2016-03-05,Hellas Verona,Sampdoria,,,1.69,3.21,
Serie A,2015-2016,2016-03-04,AS Roma,Fiorentina,,,2.04,1.13,
Serie A,2015-2016,2016-02-29,Lazio,Sassuolo,,,1.09,1.96,
Serie A,2015-2016,2016-02-29,Fiorentina,Napoli,,,0.75,0.83,
Serie A,2015-2016,2016-02-28,Chievo,Genoa,,,1.33,0.44,
Serie A,2015-2016,2016-02-28,Sampdoria,Frosinone,,,1.52,0.45,
Serie A,2015-2016,2016-02-28,Carpi,Atalanta,,,1.49,0.66,
Serie A,2015-2016,2016-02-28,Udinese,Hellas Verona,,,2.31,0.67,
Serie A,2015-2016,2016-02-28,Juventus,Inter Milan,,,2.05,0.35,
Serie A,2015-2016,2016-02-28,Palermo,Bologna,,,0.67,0.99,
Serie A,2015-2016,2016-02-27,Milan,Torino,,,1.19,0.61,
Serie A,2015-2016,2016-02-21,Frosinone,Lazio,,,0.65,0.71,
Serie A,2015-2016,2016-02-27,Empoli,AS Roma,,,0.36,1.51,
Serie A,2015-2016,2016-02-21,Sassuolo,Empoli,,,0.9,1.46,
Serie A,2015-2016,2016-02-21,Genoa,Udinese,,,2.23,1.95,
Serie A,2015-2016,2016-02-07,Atalanta,Empoli,,,0.79,0.52,
Serie A,2015-2016,2016-02-07,AS Roma,Sampdoria,,,1.52,0.78,
Serie A,2015-2016,2016-02-21,AS Roma,Palermo,,,2.16,0.36,
Serie A,2015-2016,2016-02-07,Milan,Udinese,,,1.68,1.21,
Serie A,2015-2016,2016-02-07,Frosinone,Juventus,,,0.3,1.79,
Serie A,2015-2016,2016-02-07,Napoli,Carpi,,,2.21,0.16,
Serie A,2015-2016,2016-02-07,Sassuolo,Palermo,,,1.82,0.78,
Serie A,2015-2016,2016-02-07,Hellas Verona,Inter Milan,,,0.71,2.15,
Serie A,2015-2016,2016-02-06,Bologna,Fiorentina,,,0.82,0.93,
Serie A,2015-2016,2016-02-06,Genoa,Lazio,,,0.43,0.54,
Serie A,2015-2016,2016-02-03,Juventus,Genoa,,,0.57,0.24,
Serie A,2015-2016,2016-02-03,Frosinone,Bologna,,,1.86,1.19,
Serie A,2015-2016,2016-02-03,Fiorentina,Carpi,,,0.58,1.08,
Serie A,2015-2016,2016-02-03,Inter Milan,Chievo,,,2.24,0.3,
Serie A,2015-2016,2016-02-03,Hellas Verona,Atalanta,,,1.8,1.9,
Serie A,2015-2016,2016-02-03,Lazio,Napoli,,,0.58,1.1,
Serie A,2015-2016,2016-02-03,Palermo,Milan,,,0.6,1.88,
Serie A,2015-2016,2016-02-03,Sampdoria,Torino,,,0.67,1.9,
Serie A,2015-2016,2016-01-31,Torino,Hellas Verona,,,1.6,0.5,
Serie A,2015-2016,2016-02-03,Empoli,Udinese,,,2.03,0.39,
Serie A,2015-2016,2016-02-02,Sassuolo,AS Roma,,,1.74,1.88,
Serie A,2015-2016,2016-01-31,Genoa,Fiorentina,,,1.28,0.85,
Serie A,2015-2016,2016-01-31,Udinese,Lazio,,,0.38,0.69,
Serie A,2015-2016,2016-01-31,Napoli,Empoli,,,2.15,0.25,
Serie A,2015-2016,2016-01-31,Milan,Inter Milan,,,1.91,1.67,
Serie A,2015-2016,2016-01-31,Chievo,Juventus,,,0.16,3.66,
Serie A,2015-2016,2016-01-31,Bologna,Sampdoria,,,1.35,1.88,
Serie A,2015-2016,2016-01-30,Carpi,Palermo,,,1.16,0.64,
Serie A,2015-2016,2016-01-23,Empoli,Milan,,,1.2,1.22,
Serie A,2015-2016,2016-01-30,Atalanta,Sassuolo,,,1.56,0.99,
Serie A,2015-2016,2016-01-23,Frosinone,Atalanta,,,0.83,1.05,
Serie A,2015-2016,2016-01-20,Sassuolo,Torino,,,1.73,0.87,
Serie A,2015-2016,2016-01-17,Bologna,Lazio,,,0.93,1.36,
Serie A,2015-2016,2016-01-17,Genoa,Palermo,,,2.8,0.77,
Serie A,2015-2016,2016-01-17,Udinese,Juventus,,,0.53,2.6,
Serie A,2015-2016,2016-01-17,AS Roma,Hellas Verona,,,1.72,1.35,
Serie A,2015-2016,2016-01-17,Chievo,Empoli,,,0.85,1.21,
Serie A,2015-2016,2016-01-17,Milan,Fiorentina,,,1.3,1.32,
Serie A,2015-2016,2016-01-16,Torino,Frosinone,,,2.36,0.74,
Serie A,2015-2016,2016-01-16,Atalanta,Inter Milan,,,1.55,0.62,
Serie A,2015-2016,2016-01-17,Carpi,Sampdoria,,,1.78,1.5,
Serie A,2015-2016,2016-01-16,Napoli,Sassuolo,,,1.75,1.28,
Serie A,2015-2016,2016-01-10,Sampdoria,Juventus,,,0.83,1.21,
Serie A,2015-2016,2016-01-10,Hellas Verona,Palermo,,,2.42,1.01,
Serie A,2015-2016,2016-01-10,Torino,Empoli,,,1.78,0.91,
Serie A,2015-2016,2016-01-10,Atalanta,Genoa,,,0.57,1.57,
Serie A,2015-2016,2016-01-10,Bologna,Chievo,,,1.3,0.28,
Serie A,2015-2016,2016-01-10,Inter Milan,Sassuolo,,,1.83,1.72,
Serie A,2015-2016,2016-01-10,Frosinone,Napoli,,,0.65,2.5,
Serie A,2015-2016,2016-01-09,Fiorentina,Lazio,,,1.01,1.54,
Serie A,2015-2016,2016-01-09,AS Roma,Milan,,,0.74,1.29,
Serie A,2015-2016,2016-01-09,Carpi,Udinese,,,1.57,0.84,
Serie A,2015-2016,2016-01-06,Lazio,Carpi,,,0.63,0.17,
Serie A,2015-2016,2016-01-06,Milan,Bologna,,,1.93,1.7,
Serie A,2015-2016,2016-01-06,Udinese,Atalanta,,,1.97,1.2,
Serie A,2015-2016,2016-01-06,Palermo,Fiorentina,,,0.89,1.6,
Serie A,2015-2016,2016-01-06,Napoli,Torino,,,0.99,1.16,
Serie A,2015-2016,2016-01-06,Chievo,AS Roma,,,1.8,2.33,
Serie A,2015-2016,2016-01-06,Juventus,Hellas Verona,,,1.36,0.29,
Serie A,2015-2016,2016-01-06,Empoli,Inter Milan,,,0.55,0.99,
Serie A,2015-2016,2016-01-06,Sassuolo,Frosinone,,,1.82,0.16,
Serie A,2015-2016,2015-12-20,Fiorentina,Chievo,,,0.63,0.26,
Serie A,2015-2016,2016-01-05,Genoa,Sampdoria,,,2.35,1.06,
Serie A,2015-2016,2015-12-20,Atalanta,Napoli,,,1.04,3.16,
Serie A,2015-2016,2015-12-20,Torino,Udinese,,,0.58,1.33,
Serie A,2015-2016,2015-12-20,Carpi,Juventus,,,0.7,1.46,
Serie A,2015-2016,2015-12-20,Inter Milan,Lazio,,,0.66,1.83,
Serie A,2015-2016,2015-12-20,AS Roma,Genoa,,,1.6,0.76,
Serie A,2015-2016,2015-12-13,Chievo,Atalanta,,,1.4,0.26,
Serie A,2015-2016,2015-12-14,Lazio,Sampdoria,,,0.78,0.7,
Serie A,2015-2016,2015-12-13,Milan,Hellas Verona,,,1.7,1.32,
Serie A,2015-2016,2015-12-19,Bologna,Empoli,,,1.01,1.94,
Serie A,2015-2016,2015-12-13,Napoli,AS Roma,,,0.95,0.15,
Serie A,2015-2016,2015-12-13,Empoli,Carpi,,,0.96,1.13,
Serie A,2015-2016,2015-12-12,Palermo,Frosinone,,,2.22,0.94,
Serie A,2015-2016,2015-12-12,Udinese,Inter Milan,,,1.59,1.07,
Serie A,2015-2016,2015-12-12,Genoa,Bologna,,,2.18,0.69,
Serie A,2015-2016,2015-12-06,Fiorentina,Udinese,,,2.28,1.1,
Serie A,2015-2016,2015-12-06,Atalanta,Palermo,,,1.47,0.99,
Serie A,2015-2016,2015-12-06,Sampdoria,Sassuolo,,,0.48,2.17,
Serie A,2015-2016,2015-12-06,Carpi,Milan,,,0.45,1.01,
Serie A,2015-2016,2015-12-06,Hellas Verona,Empoli,,,1.44,0.9,
Serie A,2015-2016,2015-12-06,Frosinone,Chievo,,,0.85,1.11,
Serie A,2015-2016,2015-12-05,Inter Milan,Genoa,,,1.09,0.11,
Serie A,2015-2016,2015-12-05,Torino,AS Roma,,,1.58,0.44,
Serie A,2015-2016,2015-11-30,Napoli,Inter Milan,,,0.99,0.78,
Serie A,2015-2016,2015-11-29,Genoa,Carpi,,,0.54,1.41,
Serie A,2015-2016,2015-12-04,Lazio,Juventus,,,0.43,0.23,
Serie A,2015-2016,2015-11-29,Chievo,Udinese,,,1.7,1.8,
Serie A,2015-2016,2015-11-29,Empoli,Lazio,,,0.28,0.94,
Serie A,2015-2016,2015-11-29,Palermo,Juventus,,,0.5,1.56,
Serie A,2015-2016,2015-11-29,Frosinone,Hellas Verona,,,2.1,0.83,
Serie A,2015-2016,2015-11-21,Juventus,Milan,,,1.1,0.57,
Serie A,2015-2016,2015-11-22,Genoa,Sassuolo,,,0.78,0.79,
Serie A,2015-2016,2015-11-21,Bologna,AS Roma,,,1.46,2.4,
Serie A,2015-2016,2015-11-08,Sampdoria,Fiorentina,,,0.3,2.59,
Serie A,2015-2016,2015-11-08,Sassuolo,Carpi,,,0.82,0.21,
Serie A,2015-2016,2015-11-08,Empoli,Juventus,,,0.49,1.98,
Serie A,2015-2016,2015-11-08,Torino,Inter Milan,,,1.48,0.71,
Serie A,2015-2016,2015-11-08,Frosinone,Genoa,,,1.15,1.48,
Serie A,2015-2016,2015-11-08,Palermo,Chievo,,,0.95,1.35,
Serie A,2015-2016,2015-11-07,Milan,Atalanta,,,0.43,1.25,
Serie A,2015-2016,2015-11-08,AS Roma,Lazio,,,2.62,1.09,
Serie A,2015-2016,2015-11-02,Chievo,Sampdoria,,,1.18,1.07,
Serie A,2015-2016,2015-11-02,Palermo,Empoli,,,0.86,0.95,
Serie A,2015-2016,2015-11-01,Udinese,Sassuolo,,,1.15,0.28,
Serie A,2015-2016,2015-11-01,Genoa,Napoli,,,0.53,1.07,
Serie A,2015-2016,2015-11-01,Fiorentina,Frosinone,,,2.56,0.43,
Serie A,2015-2016,2015-11-01,Lazio,Milan,,,0.54,1.88,
Serie A,2015-2016,2015-10-31,Inter Milan,AS Roma,,,0.59,1.95,
Serie A,2015-2016,2015-11-01,Bologna,Atalanta,,,1.45,1.24,
Serie A,2015-2016,2015-10-29,Sampdoria,Empoli,,,0.9,0.71,
Serie A,2015-2016,2015-10-31,Juventus,Torino,,,2.22,0.66,
Serie A,2015-2016,2015-10-28,Hellas Verona,Fiorentina,,,0.1,1.71,
Serie A,2015-2016,2015-10-28,AS Roma,Udinese,,,1.5,0.6,
Serie A,2015-2016,2015-10-28,Milan,Chievo,,,1.5,0.22,
Serie A,2015-2016,2015-10-28,Napoli,Palermo,,,1.33,0.43,
Serie A,2015-2016,2015-10-28,Sassuolo,Juventus,,,0.25,0.53,
Serie A,2015-2016,2015-10-28,Frosinone,Carpi,,,0.82,0.8,
Serie A,2015-2016,2015-10-28,Torino,Genoa,,,1.62,1.37,
Serie A,2015-2016,2015-10-25,Sampdoria,Hellas Verona,,,2.12,0.86,
Serie A,2015-2016,2015-10-28,Atalanta,Lazio,,,0.87,0.29,
Serie A,2015-2016,2015-10-25,Udinese,Frosinone,,,2.05,0.51,
Serie A,2015-2016,2015-10-25,Chievo,Napoli,,,0.63,1.43,
Serie A,2015-2016,2015-10-25,Fiorentina,AS Roma,,,1.57,1.13,
Serie A,2015-2016,2015-10-25,Juventus,Atalanta,,,2.61,0.19,
Serie A,2015-2016,2015-10-24,Carpi,Bologna,,,0.68,1.97,
Serie A,2015-2016,2015-10-18,Frosinone,Sampdoria,,,0.92,1.41,
Serie A,2015-2016,2015-10-24,Empoli,Genoa,,,1.79,0.61,
Serie A,2015-2016,2015-10-18,Inter Milan,Juventus,,,0.28,0.99,
Serie A,2015-2016,2015-10-18,Sassuolo,Lazio,,,1.95,0.95,
Serie A,2015-2016,2015-10-18,Napoli,Fiorentina,,,1.33,0.72,
Serie A,2015-2016,2015-10-18,Atalanta,Carpi,,,1.91,0.9,
Serie A,2015-2016,2015-10-18,Genoa,Chievo,,,1.07,1.91,
Serie A,2015-2016,2015-10-18,Bologna,Palermo,,,1.64,1.64,
Serie A,2015-2016,2015-10-17,Torino,Milan,,,0.62,1.12,
Serie A,2015-2016,2015-10-04,Sampdoria,Inter Milan,,,2.67,1.87,
Serie A,2015-2016,2015-10-04,Fiorentina,Atalanta,,,2.73,0.63,
Serie A,2015-2016,2015-10-04,Empoli,Sassuolo,,,0.96,0.44,
Serie A,2015-2016,2015-10-04,Lazio,Frosinone,,,2.49,0.64,
Serie A,2015-2016,2015-10-04,Juventus,Bologna,,,2.26,0.23,
Serie A,2015-2016,2015-10-03,Carpi,Torino,,,0.35,1.39,
Serie A,2015-2016,2015-09-28,Atalanta,Sampdoria,,,2.03,0.75,
Serie A,2015-2016,2015-09-27,Torino,Palermo,,,0.72,0.62,
Serie A,2015-2016,2015-09-27,Sassuolo,Chievo,,,1.19,0.65,
Serie A,2015-2016,2015-09-27,Bologna,Udinese,,,1.25,1.68,
Serie A,2015-2016,2015-09-27,Inter Milan,Fiorentina,,,1.03,3.06,
Serie A,2015-2016,2015-09-27,Genoa,Milan,,,0.9,0.87,
Serie A,2015-2016,2015-09-26,Napoli,Juventus,,,0.7,1.13,
Serie A,2015-2016,2015-09-26,AS Roma,Carpi,,,3.37,2.16,
Serie A,2015-2016,2015-09-24,Empoli,Atalanta,,,0.42,0.4,
Serie A,2015-2016,2015-09-23,Sampdoria,AS Roma,,,0.21,1.75,
Serie A,2015-2016,2015-09-23,Palermo,Sassuolo,,,0.51,0.85,
Serie A,2015-2016,2015-09-23,Juventus,Frosinone,,,1.96,0.54,
Serie A,2015-2016,2015-09-23,Fiorentina,Bologna,,,1.7,0.25,
Serie A,2015-2016,2015-09-23,Carpi,Napoli,,,0.38,1.58,
Serie A,2015-2016,2015-09-23,Chievo,Torino,,,0.59,0.25,
Serie A,2015-2016,2015-09-22,Udinese,Milan,,,1.41,0.48,
Serie A,2015-2016,2015-09-23,Lazio,Genoa,,,0.81,0.29,
Serie A,2015-2016,2015-09-20,Genoa,Juventus,,,0.53,2.12,
Serie A,2015-2016,2015-09-20,Napoli,Lazio,,,2.4,0.81,
Serie A,2015-2016,2015-09-19,Udinese,Empoli,,,0.83,0.66,
Serie A,2015-2016,2015-09-19,Milan,Palermo,,,1.02,1.16,
Serie A,2015-2016,2015-09-14,Sampdoria,Bologna,,,1.51,0.36,
Serie A,2015-2016,2015-09-13,Inter Milan,Milan,,,1.18,1.07,
Serie A,2015-2016,2015-09-13,Sassuolo,Atalanta,,,1.39,1.2,
Serie A,2015-2016,2015-09-13,Empoli,Napoli,,,1.21,1.12,
Serie A,2015-2016,2015-09-13,Palermo,Carpi,,,1.16,0.53,
Serie A,2015-2016,2015-09-13,Hellas Verona,Torino,,,1.69,1.51,
Serie A,2015-2016,2015-09-13,Lazio,Udinese,,,0.81,0.82,
Serie A,2015-2016,2015-09-12,Frosinone,AS Roma,,,0.56,1.54,
Serie A,2015-2016,2015-09-12,Juventus,Chievo,,,2.76,0.4,
Serie A,2015-2016,2015-08-30,Napoli,Sampdoria,,,1.86,1.22,
Serie A,2015-2016,2015-09-12,Fiorentina,Genoa,,,0.89,1.11,
Serie A,2015-2016,2015-08-30,Torino,Fiorentina,,,0.62,0.64,
Serie A,2015-2016,2015-08-30,Udinese,Palermo,,,2.04,0.33,
Serie A,2015-2016,2015-08-30,Genoa,Hellas Verona,,,1.63,0.62,
Serie A,2015-2016,2015-08-30,AS Roma,Juventus,,,1.2,1.02,
Serie A,2015-2016,2015-08-30,Carpi,Inter Milan,,,0.82,2.77,
Serie A,2015-2016,2015-08-30,Chievo,Lazio,,,2.1,0.68,
Serie A,2015-2016,2015-08-29,Milan,Empoli,,,0.82,0.98,
Serie A,2015-2016,2015-08-23,Empoli,Chievo,,,0.68,1.02,
Serie A,2015-2016,2015-08-29,Bologna,Sassuolo,,,0.16,0.64,
Serie A,2015-2016,2015-08-23,Frosinone,Torino,,,0.74,2.16,
Serie A,2015-2016,2015-08-23,Juventus,Udinese,,,1.97,0.49,
Serie A,2015-2016,2015-08-23,Sampdoria,Carpi,,,1.39,3.08,
Serie A,2015-2016,2015-08-23,Sassuolo,Napoli,,,2.0,0.99,
Serie A,2015-2016,2015-08-23,Inter Milan,Atalanta,,,0.95,0.22,
Serie A,2015-2016,2015-08-23,Palermo,Genoa,,,1.22,0.62,
Serie A,2015-2016,2015-08-23,Fiorentina,Milan,,,1.95,0.49,
Serie A,2015-2016,2015-08-22,Lazio,Bologna,,,1.24,0.62,
Premier League,2026-2027,2026-08-21,Arsenal,Coventry,3,0,1.85,0.56,
Premier League,2026-2027,2026-08-22,Hull,Manchester United,2,0,1.5,1.78,
Premier League,2026-2027,2026-08-22,Everton,Crystal Palace,2,0,1.45,2.23,
Premier League,2026-2027,2026-08-22,Ipswich,Sunderland,2,1,1.58,1.18,
Premier League,2026-2027,2026-08-22,Nottingham Forest,Leeds,0,1,0.66,0.47,
Premier League,2026-2027,2026-08-22,Brentford,Tottenham,3,0,4.04,0.76,
Premier League,2026-2027,2026-08-23,Brighton,Aston Villa,4,0,4.0,0.28,
Premier League,2026-2027,2026-08-23,Manchester City,Bournemouth,2,1,2.47,0.71,
Premier League,2026-2027,2026-08-23,Newcastle United,Liverpool,2,2,1.59,3.13,
La Liga,2026-2027,2026-08-15,Alaves,Getafe,3,0,2.29,0.26,
La Liga,2026-2027,2026-08-15,Sevilla,Rayo Vallecano,2,1,2.02,1.91,
La Liga,2026-2027,2026-08-16,Racing Santander,Villarreal,2,2,1.96,0.77,
La Liga,2026-2027,2026-08-16,Espanyol,Levante,3,0,2.01,0.2,
La Liga,2026-2027,2026-08-17,Deportivo La Coruna,Elche,1,1,0.34,1.59,
La Liga,2026-2027,2026-08-19,Atletico Madrid,Malaga,2,0,1.34,0.23,
La Liga,2026-2027,2026-08-20,Rayo Vallecano,Alaves,1,1,0.57,2.22,
La Liga,2026-2027,2026-08-21,Real Betis,Real Sociedad,1,0,1.7,1.14,
La Liga,2026-2027,2026-08-22,Athletic Club,Sevilla,1,3,1.46,0.97,
La Liga,2026-2027,2026-08-22,Valencia,Celta Vigo,0,0,0.42,0.54,
La Liga,2026-2027,2026-08-22,Espanyol,Real Madrid,1,2,1.02,2.56,
La Liga,2026-2027,2026-08-23,Atletico Madrid,Villarreal,2,2,0.74,3.54,
La Liga,2026-2027,2026-08-23,Getafe,Racing Santander,1,0,0.98,1.17,
La Liga,2026-2027,2026-08-23,Elche,Barcelona,0,5,1.18,4.25,
Serie A,2026-2027,2026-08-22,Inter,Monza,4,1,1.54,1.22,
Serie A,2026-2027,2026-08-22,Udinese,Como,1,1,2.12,2.39,
Serie A,2026-2027,2026-08-22,Parma Calcio 1913,Cagliari,0,1,1.03,1.26,
Serie A,2026-2027,2026-08-22,Genoa,Napoli,0,2,0.5,1.16,
Serie A,2026-2027,2026-08-23,Frosinone,Juventus,0,1,0.37,2.62,
Serie A,2026-2027,2026-08-23,Venezia,Lecce,0,2,3.19,2.45,
Serie A,2026-2027,2026-08-23,Torino,AC Milan,1,2,1.13,1.74,
Serie A,2026-2027,2026-08-23,Atalanta,Sassuolo,2,1,0.92,2.7,
Ligue 1,2026-2027,2026-08-21,Marseille,Strasbourg,4,0,2.35,0.19,
Ligue 1,2026-2027,2026-08-22,Lens,Auxerre,5,2,5.12,1.71,
Ligue 1,2026-2027,2026-08-22,Toulouse,Lyon,0,2,2.16,0.76,
Ligue 1,2026-2027,2026-08-22,Troyes,Paris FC,0,0,0.34,1.55,
Ligue 1,2026-2027,2026-08-22,Le Mans,Brest,2,2,0.77,2.63,
Ligue 1,2026-2027,2026-08-22,Nice,Lorient,0,0,1.09,1.98,
Ligue 1,2026-2027,2026-08-23,Angers,Lille,0,2,1.86,1.21,
Ligue 1,2026-2027,2026-08-23,Le Havre,Monaco,0,1,0.66,1.66,
Ligue 1,2026-2027,2026-08-23,Paris Saint Germain,Rennes,0,0,0.63,0.91,
